--TABLA LUGAR

-- Estados de Venezuela
INSERT INTO Lugar (
	nombre_lugar, tipo_lugar, lug_id_lugar)
	VALUES
	('Amazonas', 'estado', null),
	('Anzoátegui', 'estado', null),
	('Apure', 'estado', null),
	('Aragua', 'estado', null),
	('Barinas', 'estado', null),
	('Bolívar', 'estado', null),
	('Carabobo', 'estado', null),
	('Cojedes', 'estado', null),
	('Delta Amacuro', 'estado', null),
        ('Distrito Capital', 'estado', null),
	('Falcón', 'estado', null),
	('Guárico', 'estado', null),
	('Lara', 'estado', null),
        ('La Guaira', 'estado', null),
	('Mérida', 'estado', null),
	('Miranda', 'estado', null),
	('Monagas', 'estado', null),
	('Nueva Esparta', 'estado', null),
	('Portuguesa', 'estado', null),
	('Sucre', 'estado', null),
	('Táchira', 'estado', null),
	('Trujillo', 'estado', null),
	('Yaracuy', 'estado', null),
	('Zulia', 'estado', null);

--Municipios del Estado Amazonas
INSERT INTO Lugar (
	nombre_lugar, tipo_lugar, lug_id_lugar)
	VALUES
	('Alto Orinoco', 'municipio', 1), 
	('Atabapo', 'municipio', 1),
	('Atures', 'municipio', 1),
	('Autana', 'municipio', 1),
	('Manapiare', 'municipio', 1),
	('Maroa', 'municipio', 1),
	('Río Negro', 'municipio', 1);

-- Municipios del Estado Anzoátegui
INSERT INTO Lugar (
	nombre_lugar, tipo_lugar, lug_id_lugar)
	VALUES
	('Anaco', 'municipio', 2),
	('Aragua', 'municipio', 2),
	('Bolívar', 'municipio', 2),
	('Bruzual', 'municipio', 2), 
	('Cajigal', 'municipio', 2),
	('Carvajal', 'municipio', 2),
	('Freites', 'municipio', 2),
	('Guanipa', 'municipio', 2),
	('Guanta', 'municipio', 2),
	('Independencia', 'municipio', 2),
	('Libertad', 'municipio', 2),
	('Sir Arthur McGregor', 'municipio', 2),
	('Miranda', 'municipio', 2),
	('Monagas', 'municipio', 2),
	('Peñalver', 'municipio', 2),
	('Píritu', 'municipio', 2),
	('San Juan de Capistrano', 'municipio', 2),
	('Santa Ana', 'municipio', 2),
	('Simón Rodríguez', 'municipio', 2),
	('Sotillo', 'municipio', 2),
	('Turístico Diego Bautista Urbaneja', 'municipio', 2);

-- Municipios del Estado Apure
INSERT INTO Lugar (
	nombre_lugar, tipo_lugar, lug_id_lugar)
	VALUES
	('Achaguas', 'municipio', 3),
	('Biruaca', 'municipio', 3),
	('Pedro Camejo', 'municipio', 3),
	('Muñoz', 'municipio', 3),
	('Páez', 'municipio', 3),
	('Rómulo Gallegos', 'municipio', 3),
	('San Fernando', 'municipio', 3);

-- Municipios del Estado Aragua
INSERT INTO Lugar (
    nombre_lugar, tipo_lugar, lug_id_lugar)
    VALUES
    ('Alcántara', 'municipio', 4),
    ('Bolívar', 'municipio', 4),
    ('Camatagua', 'municipio', 4),
    ('Maracay', 'municipio', 4),
    ('Iragorry', 'municipio', 4),
    ('Lamas', 'municipio', 4),
    ('Libertador', 'municipio', 4),
    ('Mariño', 'municipio', 4),
    ('Michelena', 'municipio', 4),
    ('Ocumare de la Costa de Oro', 'municipio', 4),
    ('Revenga', 'municipio', 4),
    ('Ribas', 'municipio', 4),  
    ('San Casimiro', 'municipio', 4),
    ('San Sebastián', 'municipio', 4),
    ('Sucre', 'municipio', 4),
    ('Tovar', 'municipio', 4),
    ('Urdaneta', 'municipio', 4),
    ('Zamora', 'municipio', 4);

-- Municipios del Estado Barinas
INSERT INTO Lugar (
    nombre_lugar, tipo_lugar, lug_id_lugar)
    VALUES
    ('Alberto Arvelo Torrealba', 'municipio', 5),
    ('Andrés Eloy Blanco', 'municipio', 5),
    ('Antonio José de Sucre', 'municipio', 5),
    ('Arismendi', 'municipio', 5),
    ('Barinas', 'municipio', 5),
    ('Bolívar', 'municipio', 5),
    ('Cruz Paredes', 'municipio', 5),
    ('Ezequiel Zamora', 'municipio', 5),
    ('Obispos', 'municipio', 5),
    ('Pedraza', 'municipio', 5),
    ('Rojas', 'municipio', 5),
    ('Sosa', 'municipio', 5);

-- Municipios del Estado Bolívar
INSERT INTO Lugar (
    nombre_lugar, tipo_lugar, lug_id_lugar)
    VALUES
    ('Angostura', 'municipio', 6),
    ('Angostura del Orinoco', 'municipio', 6),
    ('Caroní', 'municipio', 6),
    ('Cedeño', 'municipio', 6),
    ('Chien', 'municipio', 6),
    ('El Callao', 'municipio', 6),
    ('Gran Sabana', 'municipio', 6),
    ('Piar', 'municipio', 6),
    ('Roscio', 'municipio', 6),
    ('Sifontes', 'municipio', 6),
    ('Sucre', 'municipio', 6);

-- Municipios del Estado Carabobo
INSERT INTO Lugar  (
    nombre_lugar, tipo_lugar, lug_id_lugar)
    VALUES
    ('Bejuma', 'municipio', 7),
    ('Carlos Arvelo', 'municipio', 7),
    ('Diego Ibarra', 'municipio', 7),
    ('Guacara', 'municipio', 7),
    ('Juan José Mora', 'municipio', 7),
    ('Libertador', 'municipio', 7),
    ('Los Guayos', 'municipio', 7),
    ('Miranda', 'municipio', 7),
    ('Montalbán', 'municipio', 7),
    ('Naguanagua', 'municipio', 7),
    ('Puerto Cabello', 'municipio', 7),
    ('San Diego', 'municipio', 7),
    ('San Joaquín', 'municipio', 7),
    ('Valencia', 'municipio', 7);

-- Municipios del Estado Cojedes
INSERT INTO Lugar (
    nombre_lugar, tipo_lugar, lug_id_lugar)
    VALUES
    ('Anzoátegui', 'municipio', 8),
    ('San Carlos', 'municipio', 8),
    ('Girardot', 'municipio', 8),
    ('Lima Blanco', 'municipio', 8),
    ('Pao de San Juan Bautista', 'municipio', 8),
    ('Ricaurte', 'municipio', 8),
    ('Rómulo Gallegos', 'municipio', 8),
    ('Tinaco', 'municipio', 8),
    ('Tinaquillo', 'municipio', 8);

-- Municipios del Estado Delta Amacuro
INSERT INTO Lugar (
  nombre_lugar, tipo_lugar, lug_id_lugar)
VALUES
  ('Antonio Díaz', 'municipio', 9),
  ('Casacoima', 'municipio', 9),
  ('Pedernales', 'municipio', 9),
  ('Tucupita', 'municipio', 9);

-- Municipios del Distrito Capital
INSERT INTO Lugar (
  nombre_lugar, tipo_lugar, lug_id_lugar)
VALUES
  ('Caracas', 'municipio', 10);

-- Municipios del Estado Falcón
INSERT INTO Lugar (
  nombre_lugar, tipo_lugar, lug_id_lugar)
VALUES
  ('Acosta', 'municipio', 11),
  ('Bolívar', 'municipio', 11),
  ('Buchivacoa', 'municipio', 11),
  ('Carirubana', 'municipio', 11),
  ('Colina', 'municipio', 11),
  ('Dabajuro', 'municipio', 11),
  ('Democracia', 'municipio', 11),
  ('Falcón', 'municipio', 11),
  ('Federación', 'municipio', 11),
  ('Iturriza', 'municipio', 11),
  ('Jacura', 'municipio', 11),
  ('Los Taques', 'municipio', 11),
  ('Manaure', 'municipio', 11),
  ('Mauroa', 'municipio', 11),
  ('Miranda', 'municipio', 11),
  ('Palmasola', 'municipio', 11),
  ('Petit', 'municipio', 11),
  ('Píritu', 'municipio', 11),
  ('San Francisco', 'municipio', 11),
  ('Sucre', 'municipio', 11),
  ('Silva', 'municipio', 11),
  ('Tocópero', 'municipio', 11),
  ('Unión', 'municipio', 11),
  ('Urumaco', 'municipio', 11),
  ('Zamora', 'municipio', 11);

-- Municipios del Estado Guárico
INSERT INTO Lugar (
  nombre_lugar, tipo_lugar, lug_id_lugar)
VALUES
  ('Camaguán', 'municipio', 12),
  ('Chaguaramas', 'municipio', 12),
  ('El Socorro', 'municipio', 12),
  ('Francisco de Miranda', 'municipio', 12),
  ('José Félix Ribas', 'municipio', 12),
  ('José Tadeo Monagas', 'municipio', 12),
  ('Juan Germán Roscio', 'municipio', 12),
  ('Juan José Rondón', 'municipio', 12),
  ('Julián Mellado', 'municipio', 12),
  ('Leonardo Infante', 'municipio', 12),
  ('Ortiz', 'municipio', 12),
  ('San Gerónimo de Guayabal', 'municipio', 12),
  ('San José de Guaribe', 'municipio', 12),
  ('Santa María de Ipire', 'municipio', 12),
  ('Zaraza', 'municipio', 12);

-- Municipios del Estado Lara
INSERT INTO Lugar (
  nombre_lugar, tipo_lugar, lug_id_lugar)
VALUES
  ('Andrés Eloy Blanco', 'municipio', 13),
  ('Crespo', 'municipio', 13),
  ('Iribarren', 'municipio', 13),
  ('Jiménez', 'municipio', 13),
  ('Morán', 'municipio', 13),
  ('Palavecino', 'municipio', 13),
  ('Simón Planas', 'municipio', 13),
  ('Torres', 'municipio', 13),
  ('Urdaneta', 'municipio', 13);

-- Municipios del Estado La Guaira
INSERT INTO Lugar (
  nombre_lugar, tipo_lugar, lug_id_lugar)
VALUES
  ('Vargas', 'municipio', 14);

-- Municipios del Estado Mérida
INSERT INTO Lugar (
  nombre_lugar, tipo_lugar, lug_id_lugar)
VALUES
  ('Alberto Adriani', 'municipio', 15),
  ('Andrés Bello', 'municipio', 15),
  ('Antonio Pinto Salinas', 'municipio', 15),
  ('Aricagua', 'municipio', 15),
  ('Arzobispo Chacón', 'municipio', 15),
  ('Campo Elías', 'municipio', 15),
  ('Caracciolo Parra Olmedo', 'municipio', 15),
  ('Cardenal Quintero', 'municipio', 15),
  ('Guaraque', 'municipio', 15),
  ('Julio César Salas', 'municipio', 15),
  ('Justo Briceño', 'municipio', 15),
  ('Libertador', 'municipio', 15),
  ('Miranda', 'municipio', 15),
  ('Obispo Ramos de Lora', 'municipio', 15),
  ('Padre Noguera', 'municipio', 15),
  ('Pueblo Llano', 'municipio', 15),
  ('Rangel', 'municipio', 15),
  ('Rivas Dávila', 'municipio', 15),
  ('Santos Marquina', 'municipio', 15),
  ('Sucre', 'municipio', 15),
  ('Tovar', 'municipio', 15),
  ('Tulio Febres Cordero', 'municipio', 15),
  ('Zea', 'municipio', 15);

-- Municipios del Estado Miranda
INSERT INTO Lugar (
  nombre_lugar, tipo_lugar, lug_id_lugar)
VALUES
  ('Acevedo', 'municipio', 16),
  ('Andrés Bello', 'municipio', 16),
  ('Baruta', 'municipio', 16),
  ('Bolívar', 'municipio', 16),
  ('Brión', 'municipio', 16),
  ('Buroz', 'municipio', 16),
  ('Carrizal', 'municipio', 16),
  ('Chacao', 'municipio', 16),
  ('Cristóbal Rojas', 'municipio', 16),
  ('El Hatillo', 'municipio', 16),
  ('Guaicaipuro', 'municipio', 16),
  ('Gual', 'municipio', 16),
  ('Independencia', 'municipio', 16),
  ('Lander', 'municipio', 16),
  ('Los Salias', 'municipio', 16),
  ('Páez', 'municipio', 16),
  ('Paz Castillo', 'municipio', 16),
  ('Plaza', 'municipio', 16),
  ('Sucre', 'municipio', 16),
  ('Urdaneta', 'municipio', 16),
  ('Zamora', 'municipio', 16);

-- Municipios del Estado Monagas
INSERT INTO Lugar (
  nombre_lugar, tipo_lugar, lug_id_lugar)
VALUES
  ('Acosta', 'municipio', 17),
  ('Aguasay', 'municipio', 17),
  ('Bolívar', 'municipio', 17),
  ('Caripe', 'municipio', 17),
  ('Cedeño', 'municipio', 17),
  ('Libertador', 'municipio', 17),
  ('Maturín', 'municipio', 17),
  ('Piar', 'municipio', 17),
  ('Punceres', 'municipio', 17),
  ('Santa Bárbara', 'municipio', 17),
  ('Sotillo', 'municipio', 17),
  ('Uracoa', 'municipio', 17),
  ('Zamora', 'municipio', 17);

-- Municipios del Estado Nueva Esparta
INSERT INTO Lugar (
  nombre_lugar, tipo_lugar, lug_id_lugar)
VALUES
  ('Antolín del Campo', 'municipio', 18),
  ('Antonio Díaz', 'municipio', 18),
  ('Arismendi', 'municipio', 18),
  ('García', 'municipio', 18),
  ('Gómez', 'municipio', 18),
  ('Macanao', 'municipio', 18),
  ('Maneiro', 'municipio', 18),
  ('Marcano', 'municipio', 18),
  ('Mariño', 'municipio', 18),
  ('Tubores', 'municipio', 18),
  ('Villalba', 'municipio', 18);

-- Municipios del Estado Portuguesa
INSERT INTO Lugar (
  nombre_lugar, tipo_lugar, lug_id_lugar)
VALUES
  ('Agua Blanca', 'municipio', 19),
  ('Araure', 'municipio', 19),
  ('Esteller', 'municipio', 19),
  ('Guanare', 'municipio', 19),
  ('Guanarito', 'municipio', 19),
  ('José Vicente de Unda', 'municipio', 19),
  ('Ospino', 'municipio', 19),
  ('Páez', 'municipio', 19),
  ('Papelón', 'municipio', 19),
  ('San Genaro de Boconoíto', 'municipio', 19),
  ('San Rafael de Onoto', 'municipio', 19),
  ('Santa Rosalía', 'municipio', 19),
  ('Sucre', 'municipio', 19),
  ('Turén', 'municipio', 19);

-- Municipios del Estado Sucre
INSERT INTO Lugar (
  nombre_lugar, tipo_lugar, lug_id_lugar)
VALUES
  ('Andrés Eloy Blanco', 'municipio', 20),
  ('Andrés Mata', 'municipio', 20),
  ('Arismendi', 'municipio', 20),
  ('Benítez', 'municipio', 20),
  ('Bermúdez', 'municipio', 20),
  ('Bolívar', 'municipio', 20),
  ('Cajigal', 'municipio', 20),
  ('Cruz Salmerón Acosta', 'municipio', 20),
  ('Libertador', 'municipio', 20),
  ('Mariño', 'municipio', 20),
  ('Mejía', 'municipio', 20),
  ('Montes', 'municipio', 20),
  ('Ribero', 'municipio', 20),
  ('Sucre', 'municipio', 20),
  ('Valdez', 'municipio', 20);

-- Municipios del Estado Táchira
INSERT INTO Lugar (
  nombre_lugar, tipo_lugar, lug_id_lugar) 
VALUES
  ('Andrés Bello', 'municipio', 21),
  ('Antonio Rómulo Costa', 'municipio', 21),
  ('Ayacucho', 'municipio', 21),
  ('Bolívar', 'municipio', 21),
  ('Cárdenas', 'municipio', 21),
  ('Córdoba', 'municipio', 21),
  ('Fernández', 'municipio', 21),
  ('Francisco de Miranda', 'municipio', 21),
  ('García de Hevia', 'municipio', 21),
  ('Guásimos', 'municipio', 21),
  ('Independencia', 'municipio', 21),
  ('Jáuregui', 'municipio', 21),
  ('José María Vargas', 'municipio', 21),
  ('Junín', 'municipio', 21),
  ('Libertad', 'municipio', 21),
  ('Libertador', 'municipio', 21),
  ('Lobatera', 'municipio', 21),
  ('Michelena', 'municipio', 21),
  ('Panamericano', 'municipio', 21),
  ('Pedro María Ureña', 'municipio', 21),
  ('Rafael Urdaneta', 'municipio', 21),
  ('Samuel Dario Maldonado', 'municipio', 21),
  ('San Cristóbal', 'municipio', 21),
  ('San Judas Tadeo', 'municipio', 21),
  ('Seboruco', 'municipio', 21),
  ('Simón Rodríguez', 'municipio', 21),
  ('Sucre', 'municipio', 21),
  ('Torbes', 'municipio', 21),
  ('Uribante', 'municipio', 21);

-- Municipios del Estado Trujillo
INSERT INTO Lugar (
  nombre_lugar, tipo_lugar, lug_id_lugar) 
VALUES
  ('Andrés Bello', 'municipio', 22),
  ('Boconó', 'municipio', 22),
  ('Bolívar', 'municipio', 22),
  ('Candelaria', 'municipio', 22),
  ('Carache', 'municipio', 22),
  ('Carvajal', 'municipio', 22),
  ('Escuque', 'municipio', 22),
  ('Juan Vicente Campos Elías', 'municipio', 22),
  ('La Ceiba', 'municipio', 22),
  ('Márquez Cañizales', 'municipio', 22),
  ('Miranda', 'municipio', 22),
  ('Monte Carmelo', 'municipio', 22),
  ('Motatán', 'municipio', 22),
  ('Pampán', 'municipio', 22),
  ('Pampanito', 'municipio', 22),
  ('Rangel', 'municipio', 22),
  ('Sucre', 'municipio', 22),
  ('Trujillo', 'municipio', 22),
  ('Urdaneta', 'municipio', 22),
  ('Valera', 'municipio', 22);

-- Municipios del Estado Yaracuy
INSERT INTO Lugar (
  nombre_lugar, tipo_lugar, lug_id_lugar) 
VALUES
  ('Arístides Bastidas', 'municipio', 23),
  ('Bolívar', 'municipio', 23),
  ('Bruzual', 'municipio', 23),
  ('Cocorote', 'municipio', 23),
  ('Independencia', 'municipio', 23),
  ('José Antonio Páez', 'municipio', 23),
  ('La Trinidad', 'municipio', 23),
  ('Manuel Monge', 'municipio', 23),
  ('Nirgua', 'municipio', 23),
  ('Peña', 'municipio', 23),
  ('San Felipe', 'municipio', 23),
  ('Sucre', 'municipio', 23),
  ('Urachiche', 'municipio', 23),
  ('Veroes', 'municipio', 23);

-- Municipios del Estado Zulia
INSERT INTO Lugar (
  nombre_lugar, tipo_lugar, lug_id_lugar) 
VALUES
  ('Almirante Padilla', 'municipio', 24),
  ('Baralt', 'municipio', 24),
  ('Cabimas', 'municipio', 24),
  ('Catatumbo', 'municipio', 24),
  ('Colón', 'municipio', 24),
  ('Francisco Javier Pulgar', 'municipio', 24),
  ('Guajira', 'municipio', 24),
  ('Jesús Enrique Losada', 'municipio', 24),
  ('Jesús María Semprún', 'municipio', 24),
  ('La Cañada de Urdaneta', 'municipio', 24),
  ('Lagunillas', 'municipio', 24),
  ('Machiques de Perijá', 'municipio', 24),
  ('Mara', 'municipio', 24),
  ('Maracaibo', 'municipio', 24),
  ('Miranda', 'municipio', 24),
  ('Rosario de Perijá', 'municipio', 24),
  ('San Francisco', 'municipio', 24),
  ('Santa Rita', 'municipio', 24),
  ('Simón Bolívar', 'municipio', 24),
  ('Sucre', 'municipio', 24),
  ('Valmore Rodríguez', 'municipio', 24);
  
-- ##################  Parroquias  #########################

-- Parroquias del municipio Alto Orinoco, Amazonas
INSERT INTO Lugar (nombre_lugar, tipo_lugar, lug_id_lugar)
VALUES
  ('CM. LA ESMERALDA', 'parroquia', 25),
  ('HUACHAMACARE', 'parroquia', 25),
  ('MARAWAKA', 'parroquia', 25),
  ('MAVACA', 'parroquia', 25),
  ('SIERRA PARIMA', 'parroquia', 25);

-- Parroquias del municipio Atabapo, Amazonas
INSERT INTO Lugar (nombre_lugar, tipo_lugar, lug_id_lugar)
VALUES
  ('CM. SAN FERNANDO DE ATABA', 'parroquia', 26),
  ('UCATA', 'parroquia', 26),
  ('YAPACANA', 'parroquia', 26),
  ('CANAME', 'parroquia', 26);

-- Parroquias del municipio Atures, Amazonas
INSERT INTO Lugar (nombre_lugar, tipo_lugar, lug_id_lugar)
VALUES
  ('FERNANDO GIRON TOVAR', 'parroquia', 27),
  ('LUIS ALBERTO GOMEZ', 'parroquia', 27),
  ('PARHUEÑA', 'parroquia', 27),
  ('PLATANILLAL', 'parroquia', 27);

-- Parroquias del municipio Autana, Amazonas
INSERT INTO Lugar (nombre_lugar, tipo_lugar, lug_id_lugar)
VALUES
  ('CM. ISLA DE RATON', 'parroquia', 28),
  ('SAMARIAPO', 'parroquia', 28),
  ('SIPAPO', 'parroquia', 28),
  ('MUNDUAPO', 'parroquia', 28),
  ('GUAYAPO', 'parroquia', 28);

-- Parroquias del municipio Manapiare, Amazonas
INSERT INTO Lugar (nombre_lugar, tipo_lugar, lug_id_lugar)
VALUES
  ('CM. SAN JUAN DE MANAPIARE', 'parroquia', 29),
  ('ALTO VENTUARI', 'parroquia', 29),
  ('MEDIO VENTUARI', 'parroquia', 29),
  ('BAJO VENTUARI', 'parroquia', 29);

-- Parroquias del municipio Maroa, Amazonas
INSERT INTO Lugar (nombre_lugar, tipo_lugar, lug_id_lugar)
VALUES
  ('CM. MAROA', 'parroquia', 30),
  ('VICTORINO', 'parroquia', 30),
  ('COMUNIDAD', 'parroquia', 30);

-- Parroquias del municipio Río Negro, Amazonas
INSERT INTO Lugar (nombre_lugar, tipo_lugar, lug_id_lugar)
VALUES
  ('CM. SAN CARLOS DE RIO NEG', 'parroquia', 31),
  ('SOLANO', 'parroquia', 31),
  ('COCUY', 'parroquia', 31);

-- Parroquias del municipio Anaco, Anzoátegui
INSERT INTO Lugar (
  nombre_lugar, tipo_lugar, lug_id_lugar)
VALUES
  ('ANACO', 'parroquia', 32),
  ('SAN JOAQUIN', 'parroquia', 32),
  ('BUENA VISTA', 'parroquia', 32);

-- Parroquias del municipio Aragua, Anzoátegui
INSERT INTO Lugar (
  nombre_lugar, tipo_lugar, lug_id_lugar)
VALUES
  ('CM. ARAGUA DE BARCELONA', 'parroquia', 33),
  ('CACHIPO', 'parroquia', 33);

-- Parroquias del municipio Bolívar, Anzoátegui
INSERT INTO Lugar (
  nombre_lugar, tipo_lugar, lug_id_lugar)
VALUES
  ('EL CARMEN', 'parroquia', 34),
  ('SAN CRISTOBAL', 'parroquia', 34),
  ('BERGANTIN', 'parroquia', 34),
  ('CAIGUA', 'parroquia', 34),
  ('EL PILAR', 'parroquia', 34),
  ('NARICUAL', 'parroquia', 34);

-- Parroquias del municipio Bruzual, Anzoátegui
INSERT INTO Lugar (
  nombre_lugar, tipo_lugar, lug_id_lugar)
  VALUES
  ('CM. CLARINES', 'parroquia', 35),
  ('GUANAPE', 'parroquia', 35),
  ('SABANA DE UCHIRE', 'parroquia', 35);

--Parroquias del municipio Cajigal, Anzoategui
INSERT INTO Lugar (
  nombre_lugar, tipo_lugar, lug_id_lugar)
  VALUES
  ('CM. ONOTO', 'parroquia', 36),
  ('SAN PABLO', 'parroquia', 36);

--Parroquias del municipio Carvajal, Anzoategui
INSERT INTO Lugar (
  nombre_lugar, tipo_lugar, lug_id_lugar)
  VALUES
  ('VALLE DE GUANAPE', 'parroquia', 37),
  ('SANTA BARBARA', 'parroquia', 37);

-- Parroquias del municipio Freites, Anzoategui
INSERT INTO Lugar (
  nombre_lugar, tipo_lugar, lug_id_lugar)
  VALUES
  ('CM. CANTAURA', 'parroquia', 38),
  ('LIBERTADOR', 'parroquia', 38),
  ('SANTA ROSA', 'parroquia', 38),
  ('URICA', 'parroquia', 38);

--Parroquia del municipio Guanipa, Anzoategui
INSERT INTO Lugar (
  nombre_lugar, tipo_lugar, lug_id_lugar)
  VALUES
  ('CM. SAN JOSE DE GUANIPA', 'parroquia', 39);

--Parroquias del municipio Guanta, Anzoategui
INSERT INTO Lugar (
  nombre_lugar, tipo_lugar, lug_id_lugar)
  VALUES
  ('GUANTA', 'parroquia', 40),
  ('CHORRERON', 'parroquia', 40);

--Parroquias del municipio Independencia, Anzoategui
INSERT INTO Lugar (
  nombre_lugar, tipo_lugar, lug_id_lugar)
  VALUES
  ('CM. SOLEDAD', 'parroquia', 41),
  ('MAMO', 'parroquia', 41);

--Parroquias del municipio Libertad, Anzoategui
INSERT INTO Lugar (
  nombre_lugar, tipo_lugar, lug_id_lugar)
  VALUES
  ('CM. SAN MATEO', 'parroquia', 42),
  ('EL CARITO', 'parroquia', 42),
  ('SANTA INES', 'parroquia', 42);

--Parroquias del municipio McGregor
INSERT INTO Lugar (
  nombre_lugar, tipo_lugar, lug_id_lugar)
  VALUES
  ('EL CHAPARRO', 'parroquia', 43),
  ('TOMAS ALFARO CALATRAVA', 'parroquia', 43);

--Parroquias del municicpio Miranda, Anzoategui
INSERT INTO Lugar (
  nombre_lugar, tipo_lugar, lug_id_lugar)
  VALUES
  ('CM. PARIAGUAN', 'parroquia', 44),
  ('ATAPIRIRE', 'parroquia', 44),
  ('BOCA DEL PAO', 'parroquia', 44),
  ('EL PAO', 'parroquia', 44);

--Parroquias del municipio Monagas, Anzoategui
INSERT INTO Lugar (
  nombre_lugar, tipo_lugar, lug_id_lugar)
  VALUES
  ('CM. MAPIRE', 'parroquia', 45),
  ('PIAR', 'parroquia', 45),
  ('SN DIEGO DE CABRUTICA', 'parroquia', 45),
  ('SANTA CLARA', 'parroquia', 45),
  ('UVERITO', 'parroquia', 45),
  ('ZUATA', 'parroquia', 45);

--Parroquias del municipio Peñalver, Anzoategui
INSERT INTO Lugar (
  nombre_lugar, tipo_lugar, lug_id_lugar)
  VALUES
  ('CM. PUERTO PIRITU', 'parroquia', 46),
  ('SAN MIGUEL', 'parroquia', 46),
  ('SUCRE', 'parroquia', 46);

--Parroquias del municipio Piritu, Anzoategui
INSERT INTO Lugar (
  nombre_lugar, tipo_lugar, lug_id_lugar)
  VALUES
  ('PIRITU', 'parroquia', 47),
  ('SAN FRANCISCO', 'parroquia', 47);

--Parroquias del municipio San Juan de Capistrano, Anzoategui
INSERT INTO Lugar (
  nombre_lugar, tipo_lugar, lug_id_lugar)
  VALUES
  ('BOCA UCHIRE', 'parroquia', 48),
  ('BOCA DE CHAVEZ', 'parroquia', 48);

--Parroquias del municicpio Santa Ana, Anzoategui
INSERT INTO Lugar (
  nombre_lugar, tipo_lugar, lug_id_lugar)
  VALUES
  ('SANTA ANA', 'parroquia', 49),
  ('PUEBLO NUEVO', 'parroquia', 49);

--Parroquias del municicpio Simon Rodriguez, Anzoategui
INSERT INTO Lugar (
  nombre_lugar, tipo_lugar, lug_id_lugar)
  VALUES
  ('EDMUNDO BARRIOS', 'parroquia', 50),
  ('MIGUEL OTERO SILVA', 'parroquia', 50),
  ('CM. EL TIGRE', 'parroquia', 50);

--Parroquias del municipio /sotillo, Anzoategui
INSERT INTO Lugar (
  nombre_lugar, tipo_lugar, lug_id_lugar)
  VALUES
  ('POZUELOS', 'parroquia', 51),
  ('CM PTO. LA CRUZ', 'parroquia', 51);

--Parroquias del municipio Diego Bautista Urdaneja, Anzoategui
INSERT INTO Lugar (
  nombre_lugar, tipo_lugar, lug_id_lugar)
  VALUES
  ('LECHERIAS', 'parroquia', 52),
  ('EL MORRO', 'parroquia', 52);

--Parroquias del municipio Achaguas, Apure
INSERT INTO Lugar (
  nombre_lugar, tipo_lugar, lug_id_lugar)
  VALUES
  ('ACHAGUAS', 'parroquia', 53),
  ('APURITO', 'parroquia', 53),
  ('EL YAGUAL', 'parroquia', 53),
  ('GUACHARA', 'parroquia', 53),
  ('MUCURITAS', 'parroquia', 53),
  ('QUESERAS DEL MEDIO', 'parroquia', 53);

-- Parroquia del municipio Biruaca, Apure
INSERT INTO Lugar (nombre_lugar, tipo_lugar, lug_id_lugar)
VALUES
  ('BIRUACA', 'parroquia', 54);

-- Parroquias del municipio Pedro Camejo, Apure
INSERT INTO Lugar (nombre_lugar, tipo_lugar, lug_id_lugar)
VALUES
  ('SAN JUAN DE PAYARA', 'parroquia', 55),
  ('CODAZZI', 'parroquia', 55),
  ('CUNAVICHE', 'parroquia', 55);

--PArroquias del municipio Bruzual, Apure
INSERT INTO Lugar (
  nombre_lugar, tipo_lugar, lug_id_lugar)
  VALUES
  ('BRUZUAL', 'parroquia', 56),
  ('MANTECAL', 'parroquia', 56),
  ('QUINTERO', 'parroquia', 56),
  ('SAN VICENTE', 'parroquia', 56),
  ('RINCON HONDO', 'parroquia', 56);

-- Parroquias del municipio Paez, Apure
INSERT INTO Lugar (nombre_lugar, tipo_lugar, lug_id_lugar)
VALUES
  ('GUASDUALITO', 'parroquia', 57),
  ('ARAMENDI', 'parroquia', 57),
  ('EL AMPARO', 'parroquia', 57),
  ('SAN CAMILO', 'parroquia', 57),
  ('URDANETA', 'parroquia', 57);

-- Parroquias del municipio Romulo GAllegos, Apure
INSERT INTO Lugar (nombre_lugar, tipo_lugar, lug_id_lugar)
VALUES
  ('ELORZA', 'parroquia', 58),
  ('LA TRINIDAD', 'parroquia', 58);

-- Parroquias del municipio San Fernando, Apure
INSERT INTO Lugar (nombre_lugar, tipo_lugar, lug_id_lugar)
VALUES
  ('SAN FERNANDO', 'parroquia', 59),
  ('PEÑALVER', 'parroquia', 59),
  ('EL RECREO', 'parroquia', 59),
  ('SN RAFAEL DE ATAMAICA', 'parroquia', 59);

-- Parroquias del municipio Alcantara, Aragua
INSERT INTO Lugar (nombre_lugar, tipo_lugar, lug_id_lugar)
VALUES
  ('CM. SANTA RITA', 'parroquia', 60),
  ('FRANCISCO DE MIRANDA', 'parroquia', 60),
  ('MONS FELICIANO G', 'parroquia', 60);

-- Parroquia del municipio Bolivar, Aragua
INSERT INTO Lugar (nombre_lugar, tipo_lugar, lug_id_lugar)
VALUES
  ('CM. SAN MATEO', 'parroquia', 61);

-- Parroquias del municipio Camatagua, Aragua
INSERT INTO Lugar (nombre_lugar, tipo_lugar, lug_id_lugar)
VALUES
  ('CM. CAMATAGUA', 'parroquia', 62),
  ('CARMEN DE CURA', 'parroquia', 62);

-- Parroquias del municipio Girardot, Aragua
INSERT INTO Lugar (nombre_lugar, tipo_lugar, lug_id_lugar)
VALUES
  ('CM. LAS DELICIAS', 'parroquia', 63),
  ('CHORONI', 'parroquia', 63),
  ('MADRE MA DE SAN JOSE', 'parroquia', 63),
  ('JOAQUIN CRESPO', 'parroquia', 63),
  ('PEDRO JOSE OVALLES', 'parroquia', 63),
  ('JOSE CASANOVA GODOY', 'parroquia', 63),
  ('ANDRES ELOY BLANCO', 'parroquia', 63),
  ('LOS TACARIGUAS', 'parroquia', 63);

-- Parroquias del municipio Iragorry, Aragua
INSERT INTO Lugar (nombre_lugar, tipo_lugar, lug_id_lugar)
VALUES
  ('CM. EL LIMON', 'parroquia', 64),
  ('CA A DE AZUCAR', 'parroquia', 64);

--Parroquia del municipio Lamas, Aragua
INSERT INTO Lugar (nombre_lugar, tipo_lugar, lug_id_lugar)
VALUES
  ('CM. SANTA CRUZ', 'parroquia', 65);

-- Parroquias del municipio Libertador
INSERT INTO Lugar (nombre_lugar, tipo_lugar, lug_id_lugar)
VALUES
  ('CM. PALO NEGRO', 'parroquia', 66),
  ('SAN MARTIN DE PORRES', 'parroquia', 66);

-- Parroquias del municipio MAriño, Aragua
INSERT INTO Lugar (nombre_lugar, tipo_lugar, lug_id_lugar)
VALUES
  ('CM. TURMERO', 'parroquia', 67),
  ('SAMAN DE GUERE', 'parroquia', 67),
  ('ALFREDO PACHECO M', 'parroquia', 67),
  ('CHUAO', 'parroquia', 67),
  ('AREVALO APONTE', 'parroquia', 67);

-- PArroquias del municipio Michelenas, Aragua
INSERT INTO Lugar (nombre_lugar, tipo_lugar, lug_id_lugar)
VALUES
  ('CM. LAS TEJERIAS', 'parroquia', 68),
  ('TIARA', 'parroquia', 68);

-- Parroquia del municipio Ocumare de la costa de oro, Aragua
INSERT INTO Lugar (nombre_lugar, tipo_lugar, lug_id_lugar)
VALUES
  ('OCUMARE DE LA COSTA', 'parroquia', 69);

-- Parroquia del municipio Revenga, Aragua
INSERT INTO Lugar (nombre_lugar, tipo_lugar, lug_id_lugar)
VALUES
  ('CM. EL CONSEJO', 'parroquia', 70);

-- Parroquias del municipio Ribas, Aragua
INSERT INTO Lugar (nombre_lugar, tipo_lugar, lug_id_lugar)
VALUES
  ('CM. LA VICTORIA', 'parroquia', 71),
  ('ZUATA', 'parroquia', 71),
  ('PAO DE ZARATE', 'parroquia', 71),
  ('CASTOR NIEVES RIOS', 'parroquia', 71),
  ('LAS GUACAMAYAS', 'parroquia', 71);

-- Parroquias del municipio San Casimiro, Aragua
INSERT INTO Lugar (nombre_lugar, tipo_lugar, lug_id_lugar)
VALUES
  ('CM. SAN CASIMIRO', 'parroquia', 72),
  ('VALLE MORIN', 'parroquia', 72),
  ('GUIRIPA', 'parroquia', 72),
  ('OLLAS DE CARAMACATE', 'parroquia', 72);

-- Parroquia del municipio San Sebastian, Aragua
INSERT INTO Lugar (nombre_lugar, tipo_lugar, lug_id_lugar)
VALUES
  ('CM. SAN SEBASTIAN', 'parroquia', 73);

-- Parroquias del municipio Sucre, Aragua
INSERT INTO Lugar (nombre_lugar, tipo_lugar, lug_id_lugar)
VALUES
  ('CM. CAGUA', 'parroquia', 74),
  ('BELLA VISTA', 'parroquia', 74);

-- Parroquia del municipio Tovar, Aragua
INSERT INTO Lugar (nombre_lugar, tipo_lugar, lug_id_lugar)
VALUES
  ('CM. COLONIA TOVAR', 'parroquia', 75);

-- PArroquias del municipio Urdaneta, Aragua
INSERT INTO Lugar (nombre_lugar, tipo_lugar, lug_id_lugar)
VALUES
  ('CM. BARBACOAS', 'parroquia', 76),
  ('SAN FRANCISCO DE CARA', 'parroquia', 76),
  ('TAGUAY', 'parroquia', 76),
  ('LAS PEÑITAS', 'parroquia', 76);

-- Parroquias del municipio Zamora, Aragua
INSERT INTO Lugar (nombre_lugar, tipo_lugar, lug_id_lugar)
VALUES
  ('CM. VILLA DE CURA', 'parroquia', 77),
  ('MAGDALENO', 'parroquia', 77),
  ('SAN FRANCISCO DE ASIS', 'parroquia', 77),
  ('VALLES DE TUCUTUNEMO', 'parroquia', 77),
  ('PQ AUGUSTO MIJARES', 'parroquia', 77);

-- Parroquias del municipio Alberto Arvelo Torrealba, Barinas
INSERT INTO Lugar (nombre_lugar, tipo_lugar, lug_id_lugar)
VALUES
  ('RODRIGUEZ DOMINGUEZ', 'parroquia', 78),
  ('SABANETA', 'parroquia', 78);

-- Parroquias del municipio Andres Eloy Blanco
INSERT INTO Lugar (nombre_lugar, tipo_lugar, lug_id_lugar)
VALUES
  ('EL CANTON', 'parroquia', 79),
  ('SANTA CRUZ DE GUACAS', 'parroquia', 79),
  ('PUERTO VIVAS', 'parroquia', 79);

-- Parroquias del municipio Antonio Jose de Sucre, Barinas
INSERT INTO Lugar (nombre_lugar, tipo_lugar, lug_id_lugar)
VALUES
  ('TICOPORO', 'parroquia', 80),
  ('NICOLAS PULIDO', 'parroquia', 80),
  ('ANDRES BELLO', 'parroquia', 80);

-- Parroquias del municipio Arismendi, Barinas
INSERT INTO Lugar (nombre_lugar, tipo_lugar, lug_id_lugar)
VALUES
  ('ARISMENDI', 'parroquia', 81),
  ('GUADARRAMA', 'parroquia', 81),
  ('LA UNION', 'parroquia', 81),
  ('SAN ANTONIO', 'parroquia', 81);

-- PArroquias del municipio Barinas, Barinas
INSERT INTO Lugar (nombre_lugar, tipo_lugar, lug_id_lugar)
VALUES
  ('Méndez', 'parroquia', 82),
  ('Alto Barinas', 'parroquia', 82),
  ('Corazón de Jesús', 'parroquia', 82),
  ('El Carmen', 'parroquia', 82),
  ('Betancourt', 'parroquia', 82),
  ('Barinas', 'parroquia', 82),
  ('Torunos', 'parroquia', 82),
  ('Fajardo', 'parroquia', 82),
  ('Larriva', 'parroquia', 82),
  ('Páez', 'parroquia', 82),
  ('San Silvestre', 'parroquia', 82),
  ('Santa Inés', 'parroquia', 82),
  ('Santa Lucía', 'parroquia', 82),
  ('Domínguez', 'parroquia', 82);

-- Parroquias del municipio Bolivar, Barinas
INSERT INTO Lugar (nombre_lugar, tipo_lugar, lug_id_lugar)
VALUES
  ('ALTAMIRA', 'parroquia', 83),
  ('BARINITAS', 'parroquia', 83),
  ('CALDERAS', 'parroquia', 83);

-- Parroquias de municipio Cruz Paredes, Barinas
INSERT INTO Lugar (nombre_lugar, tipo_lugar, lug_id_lugar)
VALUES
  ('BARRANCAS', 'parroquia', 84),
  ('EL SOCORRO', 'parroquia', 84),
  ('MASPARRITO', 'parroquia', 84);

-- Parroquias del municipio Ezequiel Zamora, Barinas
INSERT INTO Lugar (nombre_lugar, tipo_lugar, lug_id_lugar)
VALUES
  ('SANTA BARBARA', 'parroquia', 85),
  ('JOSE IGNACIO DEL PUMAR', 'parroquia', 85),
  ('RAMON IGNACIO MENDEZ', 'parroquia', 85),
  ('PEDRO BRICEÑO MENDEZ', 'parroquia', 85);

-- Parroquias del municipio Obispos, Barinas
INSERT INTO Lugar (nombre_lugar, tipo_lugar, lug_id_lugar)
VALUES
  ('EL REAL', 'parroquia', 86),
  ('LA LUZ', 'parroquia', 86),
  ('OBISPOS', 'parroquia', 86),
  ('LOS GUASIMITOS', 'parroquia', 86);

-- Parroquias del municipio Pedraza, Barinas
INSERT INTO Lugar (nombre_lugar, tipo_lugar, lug_id_lugar)
VALUES
  ('CIUDAD BOLIVIA', 'parroquia', 87),
  ('IGNACIO BRICEÑO', 'parroquia', 87),
  ('PAEZ', 'parroquia', 87),
  ('JOSE FELIX RIBAS', 'parroquia', 87);

-- Parroquias del municipio Rojas, Barinas
INSERT INTO Lugar (nombre_lugar, tipo_lugar, lug_id_lugar)
VALUES
  ('DOLORES', 'parroquia', 88),
  ('LIBERTAD', 'parroquia', 88),
  ('PALACIO FAJARDO', 'parroquia', 88),
  ('SANTA ROSA', 'parroquia', 88);

-- Parroquias el municipio Sosa, Barinas
INSERT INTO Lugar (nombre_lugar, tipo_lugar, lug_id_lugar)
VALUES
  ('CIUDAD DE NUTRIAS', 'parroquia', 89),
  ('EL REGALO', 'parroquia', 89),
  ('PUERTO DE NUTRIAS', 'parroquia', 89),
  ('SANTA CATALINA', 'parroquia', 89);

-- Parroquias del municipio Angostura, Bolivar
INSERT INTO Lugar (nombre_lugar, tipo_lugar, lug_id_lugar)
VALUES
  ('CM. CIUDAD PIAR', 'parroquia', 90),
  ('SAN FRANCISCO', 'parroquia', 90),
  ('BARCELONETA', 'parroquia', 90),
  ('SANTA BARBARA', 'parroquia', 90);

-- PArroquias del municipio Angostura del orinoco, Bolivar
INSERT INTO Lugar (nombre_lugar, tipo_lugar, lug_id_lugar)
VALUES
  ('CATEDRAL', 'parroquia', 91),
  ('AGUA SALADA', 'parroquia', 91),
  ('LA SABANITA', 'parroquia', 91),
  ('VISTA HERMOSA', 'parroquia', 91),
  ('MARHUANTA', 'parroquia', 91),
  ('JOSE ANTONIO PAEZ', 'parroquia', 91),
  ('ORINOCO', 'parroquia', 91),
  ('PANAPANA', 'parroquia', 91),
  ('ZEA', 'parroquia', 91);

-- Parroquias del municipio Caroni, Bolivar
INSERT INTO Lugar (nombre_lugar, tipo_lugar, lug_id_lugar)
VALUES
  ('SIMON BOLIVAR', 'parroquia', 92),
  ('ONCE DE ABRIL', 'parroquia', 92),
  ('VISTA AL SOL', 'parroquia', 92),
  ('CHIRICA', 'parroquia', 92),
  ('DALLA COSTA', 'parroquia', 92),
  ('CACHAMAY', 'parroquia', 92),
  ('UNIVERSIDAD', 'parroquia', 92),
  ('UNARE', 'parroquia', 92),
  ('YOCOIMA', 'parroquia', 92),
  ('POZO VERDE', 'parroquia', 92);

-- PArroquias del municipio cedeño, Bolivar
INSERT INTO Lugar (nombre_lugar, tipo_lugar, lug_id_lugar)
VALUES
  ('CM. CAICARA DEL ORINOCO', 'parroquia', 93),
  ('ASCENSION FARRERAS', 'parroquia', 93),
  ('ALTAGRACIA', 'parroquia', 93),
  ('LA URBANA', 'parroquia', 93),
  ('GUANIAMO', 'parroquia', 93),
  ('PIJIGUAOS', 'parroquia', 93);

-- Parroquias del municipio Chien, Bolivar
INSERT INTO Lugar (nombre_lugar, tipo_lugar, lug_id_lugar)
VALUES  
  ('CM. EL PALMAR', 'parroquia', 94);

--PAroquia del municipio El Callao, Bolivar
INSERT INTO Lugar (nombre_lugar, tipo_lugar, lug_id_lugar)
VALUES
  ('CM. EL CALLAO', 'parroquia', 95);

-- Parroquias del municipio Gran Sabana, Bolivar
INSERT INTO Lugar (nombre_lugar, tipo_lugar, lug_id_lugar)
VALUES
  ('CM. SANTA ELENA DE UAIREN', 'parroquia', 96),
  ('IKABARU', 'parroquia', 96);

-- Parroquias del municipio Piar, Bolivar
INSERT INTO Lugar (nombre_lugar, tipo_lugar, lug_id_lugar)
VALUES
  ('CM. UPATA', 'parroquia', 97),
  ('ANDRES ELOY BLANCO', 'parroquia', 97),
  ('PEDRO COVA', 'parroquia', 97);

-- Parroquias del municipio Roscio, Bolivar
INSERT INTO Lugar (nombre_lugar, tipo_lugar, lug_id_lugar)
VALUES
  ('CM. GUASIPATI', 'parroquia', 98),
  ('SALOM', 'parroquia', 98);

-- Parroquias del municipio Sifontes, Bolivar
INSERT INTO Lugar (nombre_lugar, tipo_lugar, lug_id_lugar)
VALUES
  ('CM. TUMEREMO', 'parroquia', 99),
  ('DALLA COSTA', 'parroquia', 99),
  ('SAN ISIDRO', 'parroquia', 99);

-- Parroquias del municipio Sucre, Bolivar
INSERT INTO Lugar (nombre_lugar, tipo_lugar, lug_id_lugar)
VALUES
  ('CM. MARIPA', 'parroquia', 100),
  ('ARIPAO', 'parroquia', 100),
  ('LAS MAJADAS', 'parroquia', 100),
  ('MOITACO', 'parroquia', 100),
  ('GUARATARO', 'parroquia', 100);

-- Parroquias del municipio Bejuma, Carabobo
INSERT INTO Lugar (nombre_lugar, tipo_lugar, lug_id_lugar)
VALUES
  ('BEJUMA', 'parroquia', 101),
  ('CANOABO', 'parroquia', 101),
  ('SIMON BOLIVAR', 'parroquia', 101);

-- Parroquias del municipio Carlos Arvelo, Carabobo
INSERT INTO Lugar (nombre_lugar, tipo_lugar, lug_id_lugar)
VALUES
  ('GUIGUE', 'parroquia', 102),
  ('BELEN', 'parroquia', 102),
  ('TACARIGUA', 'parroquia', 102);

-- Parroquias del municipio Dieo IBarra, Carabobo
INSERT INTO Lugar (nombre_lugar, tipo_lugar, lug_id_lugar)
VALUES
  ('MARIARA', 'parroquia', 103),
  ('AGUAS CALIENTES', 'parroquia', 103);

-- Parroquias del municipio Guacara, Carabobo
INSERT INTO Lugar (nombre_lugar, tipo_lugar, lug_id_lugar)
VALUES
  ('GUACARA', 'parroquia', 104),
  ('CIUDAD ALIANZA', 'parroquia', 104),
  ('YAGUA', 'parroquia', 104);

-- Parroquias del municipio Juan Jose Mora, Carabobo  
INSERT INTO Lugar (nombre_lugar, tipo_lugar, lug_id_lugar)
VALUES
  ('MORON', 'parroquia', 105),
  ('URAMA', 'parroquia', 105);

--Parroquias del municipio Libertador, Carabobo
INSERT INTO Lugar (nombre_lugar, tipo_lugar, lug_id_lugar)
VALUES
  ('U TOCUYITO', 'parroquia', 106),
  ('U INDEPENDENCIA', 'parroquia', 106);

--Parroquias del municipio Los Guayos, Carabobo
INSERT INTO Lugar (nombre_lugar, tipo_lugar, lug_id_lugar)
VALUES
  ('U LOS GUAYOS', 'parroquia', 107);

-- Parroquia del municipio Miranda, Carabobo
INSERT INTO Lugar (nombre_lugar, tipo_lugar, lug_id_lugar)
VALUES
  ('MIRANDA', 'parroquia', 108);

--Parroquia del municipio Montalban, Carabobo
INSERT INTO Lugar (nombre_lugar, tipo_lugar, lug_id_lugar)
VALUES
  ('MONTALBAN', 'parroquia', 109);

--Parroquia del municipio NAguanagua, Carabobo
INSERT INTO Lugar (nombre_lugar, tipo_lugar, lug_id_lugar)
VALUES
  ('NAGUANAGUA', 'parroquia', 110);

-- Parroquias del municipio Puerto Cabello, Carabobo
INSERT INTO Lugar (nombre_lugar, tipo_lugar, lug_id_lugar)
VALUES
  ('DEMOCRACIA', 'parroquia', 111),
  ('FRATERNIDAD', 'parroquia', 111),
  ('GOAIGOAZA', 'parroquia', 111),
  ('JUAN JOSE FLORES', 'parroquia', 111),
  ('BARTOLOME SALOM', 'parroquia', 111),
  ('UNION', 'parroquia', 111),
  ('BORBURATA', 'parroquia', 111),
  ('PATANEMO', 'parroquia', 111);

-- Parroquia del municipio San Diego, Carabobo
INSERT INTO Lugar (nombre_lugar, tipo_lugar, lug_id_lugar)
VALUES
  ('URB SAN DIEGO', 'parroquia', 112);

--PArroquia del municipio San Joaquin, Carabobo
INSERT INTO Lugar (nombre_lugar, tipo_lugar, lug_id_lugar)
VALUES
  ('SAN JOAQUIN', 'parroquia', 113);

--PArroquias del municipio Valencia, Carabobo
INSERT INTO Lugar (nombre_lugar, tipo_lugar, lug_id_lugar)
VALUES
  ('CANDELARIA', 'parroquia', 114),
  ('CATEDRAL', 'parroquia', 114),
  ('EL SOCORRO', 'parroquia', 114),
  ('MIGUEL PEÑA', 'parroquia', 114),
  ('SAN BLAS', 'parroquia', 114),
  ('SAN JOSE', 'parroquia', 114),
  ('SANTA ROSA', 'parroquia', 114),
  ('RAFAEL URDANETA', 'parroquia', 114),
  ('NEGRO PRIMERO', 'parroquia', 114);

-- Parroquias del municipio Anzoategui, Cojedes
INSERT INTO Lugar (nombre_lugar, tipo_lugar, lug_id_lugar)
VALUES
  ('COJEDES', 'parroquia', 115),
  ('JUAN DE MATA SUAREZ', 'parroquia', 115);

--PArroquias del municipio San Carlos, Cojedes
INSERT INTO Lugar (nombre_lugar, tipo_lugar, lug_id_lugar)
VALUES
  ('SAN CARLOS DE AUSTRIA', 'parroquia', 116),
  ('JUAN ANGEL BRAVO', 'parroquia', 116),
  ('MANUEL MANRIQUE', 'parroquia', 116);

--PArroquias del municipio Girardot, Cojedes
INSERT INTO Lugar (nombre_lugar, tipo_lugar, lug_id_lugar)
VALUES
  ('EL BAUL', 'parroquia', 117),
  ('SUCRE', 'parroquia', 117);

--Parroquias del municipio Lima Blanco, Cojedes
INSERT INTO Lugar (nombre_lugar, tipo_lugar, lug_id_lugar)
VALUES
  ('MACAPO', 'parroquia', 118),
  ('LA AGUADITA', 'parroquia', 118);

--PArroquias del municipio PAo de San Juan Bautista, Cojedes
INSERT INTO Lugar (nombre_lugar, tipo_lugar, lug_id_lugar)
VALUES
  ('EL PAO', 'parroquia', 119);

--Parroquias del municipio Ricaurte, Cojedes
INSERT INTO Lugar (nombre_lugar, tipo_lugar, lug_id_lugar)
VALUES
  ('LIBERTAD DE COJEDES', 'parroquia', 120),
  ('EL AMPARO', 'parroquia', 120);
  
--Parroquia del municipio Romulo Gallegos, Cojedes
INSERT INTO Lugar (nombre_lugar, tipo_lugar, lug_id_lugar)
VALUES
  ('ROMULO GALLEGOS', 'parroquia', 121);

-- Parroquia del municipio Tinaco, Cojedes
INSERT INTO Lugar (nombre_lugar, tipo_lugar, lug_id_lugar)
VALUES
  ('GRL/JEFE JOSE L SILVA', 'parroquia', 122);

-- PArroquia del municipio Tinaquillo, Cojedes
INSERT INTO Lugar (nombre_lugar, tipo_lugar, lug_id_lugar)
VALUES
  ('TINAQUILLO', 'parroquia', 123);

-- Parroquias del municipio ANdres Diaz, Delta Amacura
INSERT INTO Lugar (nombre_lugar, tipo_lugar, lug_id_lugar)
VALUES
  ('CURIAPO', 'parroquia', 124),
  ('SANTOS DE ABELGAS', 'parroquia', 124),
  ('MANUEL RENAUD', 'parroquia', 124),
  ('PADRE BARRAL', 'parroquia', 124),
  ('ANICETO LUGO', 'parroquia', 124),
  ('ALMIRANTE LUIS BRION', 'parroquia', 124);

-- Parroquias del municipio Casacoima, Delta Amacuro
INSERT INTO Lugar (nombre_lugar, tipo_lugar, lug_id_lugar)
VALUES
  ('IMATACA', 'parroquia', 125),
  ('ROMULO GALLEGOS', 'parroquia', 125),
  ('JUAN BAUTISTA ARISMEN', 'parroquia', 125),
  ('MANUEL PIAR', 'parroquia', 125),
  ('5 DE JULIO', 'parroquia', 125);

-- Parroquias del municipio Pedernales, Delta Amacuro
INSERT INTO Lugar (nombre_lugar, tipo_lugar, lug_id_lugar)
VALUES
  ('PEDERNALES', 'parroquia', 126),
  ('LUIS B PRIETO FIGUERO', 'parroquia', 126);

-- Parroquia del municipio Tucupita, Delta Amacuro
INSERT INTO Lugar (nombre_lugar, tipo_lugar, lug_id_lugar)
VALUES
  ('SAN JOSE', 'parroquia', 127),
  ('VIRGEN DEL VALLE', 'parroquia', 127),
  ('SAN RAFAEL', 'parroquia', 127),
  ('JOSE VIDAL MARCANO', 'parroquia', 127),
  ('LEONARDO RUIZ PINEDA', 'parroquia', 127),
  ('MONS. ARGIMIRO GARCIA', 'parroquia', 127),
  ('MCL.ANTONIO J DE SUCRE', 'parroquia', 127),
  ('JUAN MILLAN', 'parroquia', 127);

-- Parroquias del municipio Distrito Capital, Caracas
INSERT INTO Lugar (nombre_lugar, tipo_lugar, lug_id_lugar)
VALUES
  ('ALTAGRACIA', 'parroquia', 128),
  ('CANDELARIA', 'parroquia', 128),
  ('CATEDRAL', 'parroquia', 128),
  ('LA PASTORA', 'parroquia', 128),
  ('SAN AGUSTIN', 'parroquia', 128),
  ('SAN JOSE', 'parroquia', 128),
  ('SAN JUAN', 'parroquia', 128),
  ('SANTA ROSALIA', 'parroquia', 128),
  ('SANTA TERESA', 'parroquia', 128),
  ('SUCRE', 'parroquia', 128),
  ('23 DE ENERO', 'parroquia', 128),
  ('ANTIMANO', 'parroquia', 128),
  ('EL RECREO', 'parroquia', 128),
  ('EL VALLE', 'parroquia', 128),
  ('LA VEGA', 'parroquia', 128),
  ('MACARAO', 'parroquia', 128),
  ('CARICUAO', 'parroquia', 128),
  ('EL JUNQUITO', 'parroquia', 128),
  ('COCHE', 'parroquia', 128),
  ('SAN PEDRO', 'parroquia', 128),
  ('SAN BERNARDINO', 'parroquia', 128),
  ('EL PARAISO', 'parroquia', 128);

-- Parroquiasd el municipio Acosta, Falcon
INSERT INTO Lugar (nombre_lugar, tipo_lugar, lug_id_lugar)
VALUES
  ('SAN JUAN DE LOS CAYOS', 'parroquia', 129),
  ('CAPADARE', 'parroquia', 129),
  ('LA PASTORA', 'parroquia', 129),
  ('LIBERTADOR', 'parroquia', 129);

-- Parroquias del municipio Bolivar, Falcon
INSERT INTO Lugar (nombre_lugar, tipo_lugar, lug_id_lugar)
VALUES
  ('SAN LUIS', 'parroquia', 130),
  ('ARACUA', 'parroquia', 130),
  ('LA PEÑA', 'parroquia', 130);

-- Parroquias del municipio Buchivacoa, Falcon
INSERT INTO Lugar (nombre_lugar, tipo_lugar, lug_id_lugar)
VALUES
  ('CAPATARIDA', 'parroquia', 131),
  ('BOROJO', 'parroquia', 131),
  ('SEQUE', 'parroquia', 131),
  ('ZAZARIDA', 'parroquia', 131),
  ('BARIRO', 'parroquia', 131),
  ('GUAJIRO', 'parroquia', 131);

-- Parroquias del municipio Carirubana, Falcon
INSERT INTO Lugar (nombre_lugar, tipo_lugar, lug_id_lugar)
VALUES
  ('NORTE', 'parroquia', 132),
  ('CARIRUBANA', 'parroquia', 132),
  ('PUNTA CARDON', 'parroquia', 132),
  ('SANTA ANA', 'parroquia', 132);

-- Parroquias del municipio COlina, Falcon
INSERT INTO Lugar (nombre_lugar, tipo_lugar, lug_id_lugar)
VALUES
  ('LA VELA DE CORO', 'parroquia', 133),
  ('ACURIGUA', 'parroquia', 133),
  ('GUAIBACOA', 'parroquia', 133),
  ('MACORUCA', 'parroquia', 133),
  ('LAS CALDERAS', 'parroquia', 133);

-- Parroquia del municipio Dabajuro, Falcon
INSERT INTO Lugar (nombre_lugar, tipo_lugar, lug_id_lugar)
VALUES
  ('CM. DABAJURO', 'parroquia', 134);

-- Parroquias del municipio Democracia
INSERT INTO Lugar (nombre_lugar, tipo_lugar, lug_id_lugar)
VALUES
  ('PEDREGAL', 'parroquia', 135),
  ('AGUA CLARA', 'parroquia', 135),
  ('AVARIA', 'parroquia', 135),
  ('PIEDRA GRANDE', 'parroquia', 135),
  ('PURURECHE', 'parroquia', 135);

--Parroquias del municipio Falcon, Falcon
INSERT INTO Lugar (nombre_lugar, tipo_lugar, lug_id_lugar)
VALUES
  ('PUEBLO NUEVO', 'parroquia', 136),
  ('ADICORA', 'parroquia', 136),
  ('BARAIVED', 'parroquia', 136),
  ('BUENA VISTA', 'parroquia', 136),
  ('JADACAQUIVA', 'parroquia', 136),
  ('MORUY', 'parroquia', 136),
  ('EL VINCULO', 'parroquia', 136),
  ('EL HATO', 'parroquia', 136),
  ('ADAURE', 'parroquia', 136);

-- Parroquias del municipio Federacion, Falcon
INSERT INTO Lugar (nombre_lugar, tipo_lugar, lug_id_lugar)
VALUES
  ('CHURUGUARA', 'parroquia', 137),
  ('AGUA LARGA', 'parroquia', 137),
  ('INDEPENDENCIA', 'parroquia', 137),
  ('MAPARARI', 'parroquia', 137),
  ('EL PAUJI', 'parroquia', 137);

--Parroquias del municipio Iturriza, Falcon
INSERT INTO Lugar (nombre_lugar, tipo_lugar, lug_id_lugar)
VALUES
  ('CHICHIRIVICHE', 'parroquia', 138),
  ('BOCA DE TOCUYO', 'parroquia', 138),
  ('TOCUYO DE LA COSTA', 'parroquia', 138);

--Parroquias del municipio JAcura, Falcon
INSERT INTO Lugar (nombre_lugar, tipo_lugar, lug_id_lugar)
VALUES
  ('JACURA', 'parroquia', 139),
  ('AGUA LINDA', 'parroquia', 139),
  ('ARAURIMA', 'parroquia', 139);

-- Parroquias del municipio Los Taques, Falcon
INSERT INTO Lugar (nombre_lugar, tipo_lugar, lug_id_lugar)
VALUES
  ('LOS TAQUES', 'parroquia', 140),
  ('JUDIBANA', 'parroquia', 140);

-- Parroquia del minicipio Manaure, Falcon
INSERT INTO Lugar (nombre_lugar, tipo_lugar, lug_id_lugar)
VALUES
  ('CM. YARACAL', 'parroquia', 141);

-- Parroquias del municipio Mauroa, Falcon
INSERT INTO Lugar (nombre_lugar, tipo_lugar, lug_id_lugar)
VALUES
  ('MENE DE MAUROA', 'parroquia', 142),
  ('CASIGUA', 'parroquia', 142),
  ('SAN FELIX', 'parroquia', 142);

-- Parroquias del municipio Miranda, Falcon
INSERT INTO Lugar (nombre_lugar, tipo_lugar, lug_id_lugar)
VALUES
  ('SAN ANTONIO', 'parroquia', 143),
  ('SAN GABRIEL', 'parroquia', 143),
  ('SANTA ANA', 'parroquia', 143),
  ('GUZMAN GUILLERMO', 'parroquia', 143),
  ('MITARE', 'parroquia', 143),
  ('SABANETA', 'parroquia', 143),
  ('RIO SECO', 'parroquia', 143);

--Parroquia del municipio Palmasola, Falcon
INSERT INTO Lugar (nombre_lugar, tipo_lugar, lug_id_lugar)
VALUES
  ('CM. PALMA SOLA', 'parroquia', 144);

-- Parroquias del municipio Petit, Falcon
INSERT INTO Lugar (nombre_lugar, tipo_lugar, lug_id_lugar)
VALUES
  ('CABURE', 'parroquia', 145),
  ('CURIMAGUA', 'parroquia', 145),
  ('COLINA', 'parroquia', 145);

--Parroquias del municipio Piritu, Falcon
INSERT INTO Lugar (nombre_lugar, tipo_lugar, lug_id_lugar)
VALUES
  ('PIRITU', 'parroquia', 146),
  ('SAN JOSE DE LA COSTA', 'parroquia', 146);

--PArroquia del municipio San Francisco, Falcon
INSERT INTO Lugar (nombre_lugar, tipo_lugar, lug_id_lugar)
VALUES
  ('CM. MIRIMIRE', 'parroquia', 147);

--Parroquias del municipio Sucre, Falcon
INSERT INTO Lugar (nombre_lugar, tipo_lugar, lug_id_lugar)
VALUES
  ('SUCRE', 'parroquia', 148),
  ('PECAYA', 'parroquia', 148);

-- Parroquias del municipio Silva, Falcon
INSERT INTO Lugar (nombre_lugar, tipo_lugar, lug_id_lugar)
VALUES
  ('TUCACAS', 'parroquia', 149),
  ('BOCA DE AROA', 'parroquia', 149);

-- Parroquia del municipio Tocopero, Falcon
INSERT INTO Lugar (nombre_lugar, tipo_lugar, lug_id_lugar)
VALUES
  ('CM. TOCOPERO', 'parroquia', 150);

-- Parroquias del municipio Union
INSERT INTO Lugar (nombre_lugar, tipo_lugar, lug_id_lugar)
VALUES
  ('STA.CRUZ DE BUCARAL', 'parroquia', 151),
  ('EL CHARAL', 'parroquia', 151),
  ('LAS VEGAS DEL TUY', 'parroquia', 151);

--PArroquias del municipio Urumaco, Falcon
INSERT INTO Lugar (nombre_lugar, tipo_lugar, lug_id_lugar)
VALUES
  ('URUMACO', 'parroquia', 152),
  ('BRUZUAL', 'parroquia', 152);

--PArroquias del municipio Zamora, Falcon
INSERT INTO Lugar (nombre_lugar, tipo_lugar, lug_id_lugar)
VALUES
  ('PUERTO CUMAREBO', 'parroquia', 153),
  ('LA CIENAGA', 'parroquia', 153),
  ('LA SOLEDAD', 'parroquia', 153),
  ('PUEBLO CUMAREBO', 'parroquia', 153),
  ('ZAZARIDA', 'parroquia', 153);

--Parroquias del municipio Camaguan, Guarico
INSERT INTO Lugar (nombre_lugar, tipo_lugar, lug_id_lugar)
VALUES
  ('CAMAGUAN', 'parroquia', 154),
  ('PUERTO MIRANDA', 'parroquia', 154),
  ('UVERITO', 'parroquia', 154);

-- Parroquia del municipio Chaguaramas, Guarico
INSERT INTO Lugar (nombre_lugar, tipo_lugar, lug_id_lugar)
VALUES
  ('CHAGUARAMAS', 'parroquia', 155);

--PArroquias del municipio El Socorro, Guarico
INSERT INTO Lugar (nombre_lugar, tipo_lugar, lug_id_lugar)
VALUES
  ('EL SOCORRO', 'parroquia', 156);

-- Parroquias del municipio Frnacisco de Miranda, Guarico
INSERT INTO Lugar (nombre_lugar, tipo_lugar, lug_id_lugar)
VALUES
  ('CALABOZO', 'parroquia', 157),
  ('EL CALVARIO', 'parroquia', 157),
  ('EL RASTRO', 'parroquia', 157),
  ('GUARDATINAJAS', 'parroquia', 157);

-- Parroquias del municipio Jose Felix Ribas, Guarico
INSERT INTO Lugar (nombre_lugar, tipo_lugar, lug_id_lugar)
VALUES
  ('TUCUPIDO', 'parroquia', 158),
  ('SAN RAFAEL DE LAYA', 'parroquia', 158);
  
-- Parroquias del municicpio Jose Tadeo Monagas
INSERT INTO Lugar (nombre_lugar, tipo_lugar, lug_id_lugar)
VALUES
  ('ALTAGRACIA DE ORITUCO', 'parroquia', 161),
  ('LEZAMA', 'parroquia', 161),
  ('LIBERTAD DE ORITUCO', 'parroquia', 161),
  ('SAN FCO DE MACAIRA', 'parroquia', 161),
  ('SAN RAFAEL DE ORITUCO', 'parroquia', 161),
  ('SOUBLETTE', 'parroquia', 161),
  ('PASO REAL DE MACAIRA', 'parroquia', 161);

--Parroquias del municipio Juan Roman Roscio
INSERT INTO Lugar (nombre_lugar, tipo_lugar, lug_id_lugar)
VALUES
  ('SAN JUAN DE LOS MORROS', 'parroquia', 160),
  ('PARAPARA', 'parroquia', 160),
  ('CANTAGALLO', 'parroquia', 160);

--Parroquias del municipio Juan Jose Rondon, Guarico
INSERT INTO Lugar (nombre_lugar, tipo_lugar, lug_id_lugar)
VALUES
  ('LAS MERCEDES', 'parroquia', 161),
  ('STA RITA DE MANAPIRE', 'parroquia', 161),
  ('CABRUTA', 'parroquia', 161);

--Parroquias del municipio Julian Mellado, Guarico
INSERT INTO Lugar (nombre_lugar, tipo_lugar, lug_id_lugar)
VALUES
  ('EL SOMBRERO', 'parroquia', 162),
  ('SOSA', 'parroquia', 162);

--Parroquias del municipio Leonardo Infante, Guarico
INSERT INTO Lugar (nombre_lugar, tipo_lugar, lug_id_lugar)
VALUES
  ('VALLE DE LA PASCUA', 'parroquia', 163),
  ('ESPINO', 'parroquia', 163);

--Parroquias del municipio Ortiz, Guarico
INSERT INTO Lugar (nombre_lugar, tipo_lugar, lug_id_lugar)
VALUES
  ('ORTIZ', 'parroquia', 164),
  ('SAN FCO. DE TIZNADOS', 'parroquia', 164),
  ('SAN JOSE DE TIZNADOS', 'parroquia', 164),
  ('S LORENZO DE TIZNADOS', 'parroquia', 164);

-- Parroquias del municipio San Geronimo de Guayabal, Guarico
INSERT INTO Lugar (nombre_lugar, tipo_lugar, lug_id_lugar)
VALUES
  ('GUAYABAL', 'parroquia', 165),
  ('CAZORLA', 'parroquia', 165);

--Parroquias del municipio San Jose de Guaribe
INSERT INTO Lugar (nombre_lugar, tipo_lugar, lug_id_lugar)
VALUES
  ('SAN JOSE DE GUARIBE', 'parroquia', 166);

-- Parroquias del municipio Santa Maria de Ipire, Guarico
INSERT INTO Lugar (nombre_lugar, tipo_lugar, lug_id_lugar)
VALUES
  ('SANTA MARIA DE IPIRE', 'parroquia', 167),
  ('ALTAMIRA', 'parroquia', 167);

-- Parroquias del municipio Zaraza, Guarico
INSERT INTO Lugar (nombre_lugar, tipo_lugar, lug_id_lugar)
VALUES
  ('ZARAZA', 'parroquia', 168),
  ('SAN JOSE DE UNARE', 'parroquia', 168);

-- Parroquias del municipio Andres Eloy Blanco, Lara
INSERT INTO Lugar (nombre_lugar, tipo_lugar, lug_id_lugar)
VALUES
  ('PIO TAMAYO', 'parroquia', 169),
  ('YACAMBU', 'parroquia', 169),
  ('QBDA. HONDA DE GUACHE', 'parroquia', 169);

-- Parroquias del municipio Crespo, Lara
INSERT INTO Lugar (nombre_lugar, tipo_lugar, lug_id_lugar)
VALUES
  ('FREITEZ', 'parroquia', 170),
  ('JOSE MARIA BLANCO', 'parroquia', 170);

-- Parroquias del municipio Iribarren
INSERT INTO Lugar (nombre_lugar, tipo_lugar, lug_id_lugar)
VALUES
  ('CATEDRAL', 'parroquia', 171),
  ('LA CONCEPCION', 'parroquia', 171),
  ('SANTA ROSA', 'parroquia', 171),
  ('UNION', 'parroquia', 171),
  ('EL CUJI', 'parroquia', 171),
  ('TAMACA', 'parroquia', 171),
  ('JUAN DE VILLEGAS', 'parroquia', 171),
  ('AGUEDO F. ALVARADO', 'parroquia', 171),
  ('BUENA VISTA', 'parroquia', 171),
  ('JUAREZ', 'parroquia', 171);

-- Parroquias del municipio Jimenez, Lara
INSERT INTO Lugar (nombre_lugar, tipo_lugar, lug_id_lugar)
VALUES
  ('JUAN B RODRIGUEZ', 'parroquia', 172),
  ('DIEGO DE LOZADA', 'parroquia', 172),
  ('SAN MIGUEL', 'parroquia', 172),
  ('CUARA', 'parroquia', 172),
  ('PARAISO DE SAN JOSE', 'parroquia', 172),
  ('TINTORERO', 'parroquia', 172),
  ('JOSE BERNARDO DORANTE', 'parroquia', 172),
  ('CRNEL. MARIANO PERAZA', 'parroquia', 172);

-- Parroquias del municipio Moran, Lara
INSERT INTO Lugar (nombre_lugar, tipo_lugar, lug_id_lugar)
VALUES
  ('BOLIVAR', 'parroquia', 173),
  ('ANZOATEGUI', 'parroquia', 173),
  ('GUARICO', 'parroquia', 173),
  ('HUMOCARO ALTO', 'parroquia', 173),
  ('HUMOCARO BAJO', 'parroquia', 173),
  ('MORAN', 'parroquia', 173),
  ('HILARIO LUNA Y LUNA', 'parroquia', 173),
  ('LA CANDELARIA', 'parroquia', 173);

-- Parroquias del municipio Palavecino, Lara
INSERT INTO Lugar (nombre_lugar, tipo_lugar, lug_id_lugar)
VALUES
  ('CABUDARE', 'parroquia', 174),
  ('JOSE G. BASTIDAS', 'parroquia', 174),
  ('AGUA VIVA', 'parroquia', 174);

-- Parroquias del municipio Simon Planas, Lara
INSERT INTO Lugar (nombre_lugar, tipo_lugar, lug_id_lugar)
VALUES
  ('SARARE', 'parroquia', 175),
  ('GUSTAVO VEGAS LEON', 'parroquia', 175),
  ('BURIA', 'parroquia', 175);

-- Parroquias del municipio Torres, Lara
INSERT INTO Lugar (nombre_lugar, tipo_lugar, lug_id_lugar)
VALUES
  ('TRINIDAD SAMUEL', 'parroquia', 176),
  ('ANTONIO DIAZ', 'parroquia', 176),
  ('CAMACARO', 'parroquia', 176),
  ('CASTAÑEDA', 'parroquia', 176),
  ('CHIQUINQUIRA', 'parroquia', 176),
  ('ESPINOZA LOS MONTEROS', 'parroquia', 176),
  ('LARA', 'parroquia', 176),
  ('MANUEL MORILLO', 'parroquia', 176),
  ('MONTES DE OCA', 'parroquia', 176),
  ('TORRES', 'parroquia', 176),
  ('EL BLANCO', 'parroquia', 176),
  ('MONTA A VERDE', 'parroquia', 176),
  ('HERIBERTO ARROYO', 'parroquia', 176),
  ('LAS MERCEDES', 'parroquia', 176),
  ('CECILIO ZUBILLAGA', 'parroquia', 176),
  ('REYES VARGAS', 'parroquia', 176),
  ('ALTAGRACIA', 'parroquia', 176);

-- Parroquias del municipio Urdaneta, Lara
INSERT INTO Lugar (nombre_lugar, tipo_lugar, lug_id_lugar)
VALUES
  ('SIQUISIQUE', 'parroquia', 177),
  ('SAN MIGUEL', 'parroquia', 177),
  ('XAGUAS', 'parroquia', 177),
  ('MOROTURO', 'parroquia', 177);

-- Parroquias del municipio Vargas, La Guaira
INSERT INTO Lugar (nombre_lugar, tipo_lugar, lug_id_lugar)
VALUES
  ('CARABALLEDA', 'parroquia', 178),
  ('CARAYACA', 'parroquia', 178),
  ('CARUAO', 'parroquia', 178),
  ('CATIA LA MAR', 'parroquia', 178),
  ('LA GUAIRA', 'parroquia', 178),
  ('MACUTO', 'parroquia', 178),
  ('MAIQUETIA', 'parroquia', 178),
  ('NAIGUATA', 'parroquia', 178),
  ('EL JUNKO', 'parroquia', 178),
  ('PQ RAUL LEONI', 'parroquia', 178),
  ('PQ CARLOS SOUBLETTE', 'parroquia', 178);

-- Parroquias del municipio Alberto Adriani, Merida
INSERT INTO Lugar (nombre_lugar, tipo_lugar, lug_id_lugar)
VALUES
  ('GABRIEL PICON G.', 'parroquia', 179),
  ('HECTOR AMABLE MORA', 'parroquia', 179),
  ('JOSE NUCETE SARDI', 'parroquia', 179),
  ('PULIDO MENDEZ', 'parroquia', 179),
  ('PTE. ROMULO GALLEGOS', 'parroquia', 179),
  ('PRESIDENTE BETANCOURT', 'parroquia', 179),
  ('PRESIDENTE PAEZ', 'parroquia', 179);

-- Parroquia del municipio Andres Bello, Merida
INSERT INTO Lugar (nombre_lugar, tipo_lugar, lug_id_lugar)
VALUES
  ('CM. LA AZULITA', 'parroquia', 180);

-- Parroquias del municipio Antonio pinto Salinas, Merida
INSERT INTO Lugar (nombre_lugar, tipo_lugar, lug_id_lugar)
VALUES
  ('CM. STA CRUZ DE MORA', 'parroquia', 181),
  ('MESA BOLIVAR', 'parroquia', 181),
  ('MESA DE LAS PALMAS', 'parroquia', 181);

-- Parroquias del municipio Aricagua, Merida
INSERT INTO Lugar (nombre_lugar, tipo_lugar, lug_id_lugar)
VALUES
  ('CM. ARICAGUA', 'parroquia', 182),
  ('SAN ANTONIO', 'parroquia', 182);

-- Parroquias del municipio Arzobispo Chacon, Merida
INSERT INTO Lugar (nombre_lugar, tipo_lugar, lug_id_lugar)
VALUES
  ('CM. CANAGUA', 'parroquia', 183),
  ('CAPURI', 'parroquia', 183),
  ('CHACANTA', 'parroquia', 183),
  ('EL MOLINO', 'parroquia', 183),
  ('GUAIMARAL', 'parroquia', 183),
  ('MUCUTUY', 'parroquia', 183),
  ('MUCUCHACHI', 'parroquia', 183);

-- Parroquias del municipio Campo Elias, Merida
INSERT INTO Lugar (nombre_lugar, tipo_lugar, lug_id_lugar)
VALUES
  ('ACEQUIAS', 'parroquia', 184),
  ('JAJI', 'parroquia', 184),
  ('LA MESA', 'parroquia', 184),
  ('SAN JOSE', 'parroquia', 184),
  ('MONTALBAN', 'parroquia', 184),
  ('MATRIZ', 'parroquia', 184),
  ('FERNANDEZ PEÑA', 'parroquia', 184);

-- Parroquias del municipio Caracciolo Parra Olmedo, Merida
INSERT INTO Lugar (nombre_lugar, tipo_lugar, lug_id_lugar)
VALUES
  ('CM. TUCANI', 'parroquia', 185),
  ('FLORENCIO RAMIREZ', 'parroquia', 185);

-- Parroquias del municipio Cardenal Quintero, Merida
INSERT INTO Lugar (nombre_lugar, tipo_lugar, lug_id_lugar)
VALUES
  ('CM. SANTO DOMINGO', 'parroquia', 186),
  ('LAS PIEDRAS', 'parroquia', 186);

-- Parroquias del municipio Guaraque, Merida
INSERT INTO Lugar (nombre_lugar, tipo_lugar, lug_id_lugar)
VALUES
  ('CM. GUARAQUE', 'parroquia', 187),
  ('MESA DE QUINTERO', 'parroquia', 187),
  ('RIO NEGRO', 'parroquia', 187);


-- Parroquias del municipio Julio Cesar Salas
INSERT INTO Lugar (nombre_lugar, tipo_lugar, lug_id_lugar)
VALUES
  ('CM. ARAPUEY', 'parroquia', 188),
  ('PALMIRA', 'parroquia', 188);

-- Parroquias del municipio Justo Briceño, Merida
INSERT INTO Lugar (nombre_lugar, tipo_lugar, lug_id_lugar)
VALUES
  ('CM. TORONDOY', 'parroquia', 189),
  ('SAN CRISTOBAL DE T', 'parroquia', 189);

-- Parroquias del municipio Libertador, Merida
INSERT INTO Lugar (nombre_lugar, tipo_lugar, lug_id_lugar)
VALUES
  ('ARIAS', 'parroquia', 190),
  ('SAGRARIO', 'parroquia', 190),
  ('MILLA', 'parroquia', 190),
  ('EL LLANO', 'parroquia', 190),
  ('JUAN RODRIGUEZ SUAREZ', 'parroquia', 190),
  ('JACINTO PLAZA', 'parroquia', 190),
  ('DOMINGO PEÑA', 'parroquia', 190),
  ('GONZALO PICON FEBRES', 'parroquia', 190),
  ('OSUNA RODRIGUEZ', 'parroquia', 190),
  ('LASSO DE LA VEGA', 'parroquia', 190),
  ('CARACCIOLO PARRA P', 'parroquia', 190),
  ('MARIANO PICON SALAS', 'parroquia', 190),
  ('ANTONIO SPINETTI DINI', 'parroquia', 190),
  ('EL MORRO', 'parroquia', 190),
  ('LOS NEVADOS', 'parroquia', 190);

--Parroquias del municipio Miranda, Merida
INSERT INTO Lugar (nombre_lugar, tipo_lugar, lug_id_lugar)
VALUES
  ('CM. TIMOTES', 'parroquia', 191),
  ('ANDRES ELOY BLANCO', 'parroquia', 191),
  ('PIÑANGO', 'parroquia', 191),
  ('LA VENTA', 'parroquia', 191);

-- Parroquias del municipio Obispo Ramos de Lora, Merida
INSERT INTO Lugar (nombre_lugar, tipo_lugar, lug_id_lugar)
VALUES
  ('CM. STA ELENA DE ARENALES', 'parroquia', 192),
  ('ELOY PAREDES', 'parroquia', 192),
  ('PQ R DE ALCAZAR', 'parroquia', 192);

-- Parroquias del municipio Padre Noguera, MErida
INSERT INTO Lugar (nombre_lugar, tipo_lugar, lug_id_lugar)
VALUES
  ('CM. STA MARIA DE CAPARO', 'parroquia', 193);

-- PArroquia del municipio Pueblo Llano, Merida
INSERT INTO Lugar (nombre_lugar, tipo_lugar, lug_id_lugar)
VALUES
  ('CM. PUEBLO LLANO', 'parroquia', 194);

-- Parroquias del municipio Rangel, Merida
INSERT INTO Lugar (nombre_lugar, tipo_lugar, lug_id_lugar)
VALUES
  ('CM. MUCUCHIES', 'parroquia', 195),
  ('MUCURUBA', 'parroquia', 195),
  ('SAN RAFAEL', 'parroquia', 195),
  ('CACUTE', 'parroquia', 195),
  ('LA TOMA', 'parroquia', 195);

-- Parroquias del municipio Rivas Davila, Merida
INSERT INTO Lugar (nombre_lugar, tipo_lugar, lug_id_lugar)
VALUES
  ('CM. BAILADORES', 'parroquia', 196),
  ('GERONIMO MALDONADO', 'parroquia', 196);

-- PArroquias del municipio Santos MArquina, MErida
INSERT INTO Lugar (nombre_lugar, tipo_lugar, lug_id_lugar)
VALUES
  ('CM. TABAY', 'parroquia', 197);

-- Parroquias del municipio Sucre, Merida
INSERT INTO Lugar (nombre_lugar, tipo_lugar, lug_id_lugar)
VALUES
  ('CM. LAGUNILLAS', 'parroquia', 198),
  ('CHIGUARA', 'parroquia', 198),
  ('ESTANQUES', 'parroquia', 198),
  ('SAN JUAN', 'parroquia', 198),
  ('PUEBLO NUEVO DEL SUR', 'parroquia', 198),
  ('LA TRAMPA', 'parroquia', 198);

-- PArroquias del municipio Tovar, Merida
INSERT INTO Lugar (nombre_lugar, tipo_lugar, lug_id_lugar)
VALUES
  ('EL LLANO', 'parroquia', 199),
  ('TOVAR', 'parroquia', 199),
  ('EL AMPARO', 'parroquia', 199),
  ('SAN FRANCISCO', 'parroquia', 199);

-- Parroquias del municipio Tulio Febres Cordero, Merida
INSERT INTO Lugar (nombre_lugar, tipo_lugar, lug_id_lugar)
VALUES
  ('CM. NUEVA BOLIVIA', 'parroquia', 200),
  ('INDEPENDENCIA', 'parroquia', 200),
  ('MARIA C PALACIOS', 'parroquia', 200),
  ('SANTA APOLONIA', 'parroquia', 200);

-- Parroquias del municipio Zea, Merida
INSERT INTO Lugar (nombre_lugar, tipo_lugar, lug_id_lugar)
VALUES
  ('CM. ZEA', 'parroquia', 201),
  ('CAÑO EL TIGRE', 'parroquia', 201);

-- PArroquias del municipio Acevedo, Miranda
INSERT INTO Lugar (nombre_lugar, tipo_lugar, lug_id_lugar)
VALUES
  ('CAUCAGUA', 'parroquia', 202),
  ('ARAGUITA', 'parroquia', 202),
  ('AREVALO GONZALEZ', 'parroquia', 202),
  ('CAPAYA', 'parroquia', 202),
  ('PANAQUIRE', 'parroquia', 202),
  ('RIBAS', 'parroquia', 202),
  ('EL CAFE', 'parroquia', 202),
  ('MARIZAPA', 'parroquia', 202);

-- Parroquias del municipio Andres BEllo, Miranda
INSERT INTO Lugar (nombre_lugar, tipo_lugar, lug_id_lugar)
VALUES
  ('SAN JOSE DE BARLOVENTO', 'parroquia', 203),
  ('CUMBO', 'parroquia', 203);

-- PArroquias del municipio Baruta, Miranda
INSERT INTO Lugar (nombre_lugar, tipo_lugar, lug_id_lugar)
VALUES
  ('BARUTA', 'parroquia', 204),
  ('EL CAFETAL', 'parroquia', 204),
  ('LAS MINAS DE BARUTA', 'parroquia', 204);

-- Parroquias del municipio Bolivar, Miranda
INSERT INTO Lugar (nombre_lugar, tipo_lugar, lug_id_lugar)
VALUES
  ('SAN FCO DE YARE', 'parroquia', 205),
  ('S ANTONIO DE YARE', 'parroquia', 205);

-- Parroquias del municipio Brion, Miranda
INSERT INTO Lugar (nombre_lugar, tipo_lugar, lug_id_lugar)
VALUES
  ('HIGUEROTE', 'parroquia', 206),
  ('CURIEPE', 'parroquia', 206),
  ('TACARIGUA', 'parroquia', 206);

-- PArroquia del municipio Buroz, Miranda
INSERT INTO Lugar (nombre_lugar, tipo_lugar, lug_id_lugar)
VALUES
  ('MAMPORAL', 'parroquia', 207);

-- Parroquia del municipio Carrizal, Miranda
INSERT INTO Lugar (nombre_lugar, tipo_lugar, lug_id_lugar)
VALUES
  ('CARRIZAL', 'parroquia', 208);

-- Parroquia del municipio Chacao, Miranda
INSERT INTO Lugar (nombre_lugar, tipo_lugar, lug_id_lugar)
VALUES
  ('CHACAO', 'parroquia', 209);

-- Parroquias del municipio Cristobal Rojas, Miranda
INSERT INTO Lugar (nombre_lugar, tipo_lugar, lug_id_lugar)
VALUES
  ('CHARALLAVE', 'parroquia', 210),
  ('LAS BRISAS', 'parroquia', 210);

-- Parroquia del municipio El Hatillo
INSERT INTO Lugar (nombre_lugar, tipo_lugar, lug_id_lugar)
VALUES
  ('EL HATILLO', 'parroquia', 211);

-- Parroquias del municipio Guaicaipuro, Miranda
INSERT INTO Lugar (nombre_lugar, tipo_lugar, lug_id_lugar)
VALUES
  ('LOS TEQUES', 'parroquia', 212),
  ('CECILIO ACOSTA', 'parroquia', 212),
  ('PARACOTOS', 'parroquia', 212),
  ('SAN PEDRO', 'parroquia', 212),
  ('TACATA', 'parroquia', 212),
  ('EL JARILLO', 'parroquia', 212),
  ('ALTAGRACIA DE LA M', 'parroquia', 212);

-- PArroquias del municipio Gual, Miranda
INSERT INTO Lugar (nombre_lugar, tipo_lugar, lug_id_lugar)
VALUES
  ('CUPIRA', 'parroquia', 213),
  ('MACHURUCUTO', 'parroquia', 213);

-- Parroquias del municipio Independencia, Miranda
INSERT INTO Lugar (nombre_lugar, tipo_lugar, lug_id_lugar)
VALUES
  ('STA TERESA DEL TUY', 'parroquia', 214),
  ('EL CARTANAL', 'parroquia', 214);

-- Parroquias del municipio Lander, Miranda
INSERT INTO Lugar (nombre_lugar, tipo_lugar, lug_id_lugar)
VALUES
  ('OCUMARE DEL TUY', 'parroquia', 215),
  ('LA DEMOCRACIA', 'parroquia', 215),
  ('SANTA BARBARA', 'parroquia', 215);

-- Parroquia del municipio Los Salias, Miranda
INSERT INTO Lugar (nombre_lugar, tipo_lugar, lug_id_lugar)
VALUES
  ('SAN ANTONIO LOS ALTOS', 'parroquia', 216);

-- Parroquias del municipio Paez, Miranda
INSERT INTO Lugar (nombre_lugar, tipo_lugar, lug_id_lugar)
VALUES
  ('RIO CHICO', 'parroquia', 217),
  ('EL GUAPO', 'parroquia', 217),
  ('TACARIGUA DE LA LAGUNA', 'parroquia', 217),
  ('PAPARO', 'parroquia', 217),
  ('SN FERNANDO DEL GUAPO', 'parroquia', 217);

-- Parroquia del municipio Paz Castillo, Miranda
INSERT INTO Lugar (nombre_lugar, tipo_lugar, lug_id_lugar)
VALUES
  ('SANTA LUCIA', 'parroquia', 218);

-- PArroquia del municipio Plaza, Miranda
INSERT INTO Lugar (nombre_lugar, tipo_lugar, lug_id_lugar)
VALUES
  ('GUARENAS', 'parroquia', 219);

-- PArroquias del municipio Sucre, Miranda
INSERT INTO Lugar (nombre_lugar, tipo_lugar, lug_id_lugar)
VALUES
  ('PETARE', 'parroquia', 220),
  ('LEONCIO MARTINEZ', 'parroquia', 220),
  ('CAUCAGUITA', 'parroquia', 220),
  ('FILAS DE MARICHES', 'parroquia', 220),
  ('LA DOLORITA', 'parroquia', 220);

-- Parroquias del municipio Urdaneta, Miranda
INSERT INTO Lugar (nombre_lugar, tipo_lugar, lug_id_lugar)
VALUES
  ('CUA', 'parroquia', 221),
  ('NUEVA CUA', 'parroquia', 221);

-- Parroquias del municipio Zamora, Miranda
INSERT INTO Lugar (nombre_lugar, tipo_lugar, lug_id_lugar)
VALUES
  ('GUATIRE', 'parroquia', 222),
  ('ARAIRA', 'parroquia', 222);

-- Parroquias del municipio Acosta, Monagas
INSERT INTO Lugar (nombre_lugar, tipo_lugar, lug_id_lugar)
VALUES
  ('CM. SAN ANTONIO', 'parroquia', 223),
  ('SAN FRANCISCO', 'parroquia', 223);

-- Parroquia del municipio Aguasay
INSERT INTO Lugar (nombre_lugar, tipo_lugar, lug_id_lugar)
VALUES
  ('CM. AGUASAY', 'parroquia', 224);

-- Parroquia del municipio Bolivar, Monagas
INSERT INTO Lugar (nombre_lugar, tipo_lugar, lug_id_lugar)
VALUES
  ('CM. CARIPITO', 'parroquia', 225);

--PArroquias del municipio Caripe, Monagas
INSERT INTO Lugar (nombre_lugar, tipo_lugar, lug_id_lugar)
VALUES
  ('CM. CARIPE', 'parroquia', 226),
  ('TERESEN', 'parroquia', 226),
  ('EL GUACHARO', 'parroquia', 226),
  ('SAN AGUSTIN', 'parroquia', 226),
  ('LA GUANOTA', 'parroquia', 226),
  ('SABANA DE PIEDRA', 'parroquia', 226);

-- Parroquias del municipio Cedeño, Monagas
INSERT INTO Lugar (nombre_lugar, tipo_lugar, lug_id_lugar)
VALUES
  ('CM. CAICARA', 'parroquia', 227),
  ('AREO', 'parroquia', 227),
  ('SAN FELIX', 'parroquia', 227),
  ('VIENTO FRESCO', 'parroquia', 227);

-- Parroquias del municipio Libertador, Monagas
INSERT INTO Lugar (nombre_lugar, tipo_lugar, lug_id_lugar)
VALUES
  ('CM. TEMBLADOR', 'parroquia', 228),
  ('TABASCA', 'parroquia', 228),
  ('LAS ALHUACAS', 'parroquia', 228),
  ('CHAGUARAMAS', 'parroquia', 228);

-- Parroquias del municipio MAturin, Monagas
INSERT INTO Lugar (nombre_lugar, tipo_lugar, lug_id_lugar)
VALUES
  ('EL FURRIAL', 'parroquia', 229),
  ('JUSEPIN', 'parroquia', 229),
  ('EL COROZO', 'parroquia', 229),
  ('SAN VICENTE', 'parroquia', 229),
  ('LA PICA', 'parroquia', 229),
  ('ALTO DE LOS GODOS', 'parroquia', 229),
  ('BOQUERON', 'parroquia', 229),
  ('LAS COCUIZAS', 'parroquia', 229),
  ('SANTA CRUZ', 'parroquia', 229),
  ('SAN SIMON', 'parroquia', 229);

-- Parroquias del municipio Piar
INSERT INTO Lugar (nombre_lugar, tipo_lugar, lug_id_lugar)
VALUES
  ('CM. ARAGUA', 'parroquia', 230),
  ('CHAGUARAMAL', 'parroquia', 230),
  ('GUANAGUANA', 'parroquia', 230),
  ('APARICIO', 'parroquia', 230),
  ('TAGUAYA', 'parroquia', 230),
  ('EL PINTO', 'parroquia', 230),
  ('LA TOSCANA', 'parroquia', 230);

-- Parroquias del municipio Punceres, Monagas
INSERT INTO Lugar (nombre_lugar, tipo_lugar, lug_id_lugar)
VALUES
  ('CM. QUIRIQUIRE', 'parroquia', 231),
  ('CACHIPO', 'parroquia', 231);

-- Parroquias del municipio Santa Barbara, Monagas
INSERT INTO Lugar (nombre_lugar, tipo_lugar, lug_id_lugar)
VALUES
  ('MORON', 'parroquia', 232),
  ('CM. SANTA BARBARA', 'parroquia', 232);

-- Parroquias del municipio Sotillo, Monagas
INSERT INTO Lugar (nombre_lugar, tipo_lugar, lug_id_lugar)
VALUES
  ('CM. BARRANCAS', 'parroquia', 233),
  ('LOS BARRANCOS DE FAJARDO', 'parroquia', 233);

-- Parroquias del municipio Uracoa, Monagas
INSERT INTO Lugar (nombre_lugar, tipo_lugar, lug_id_lugar)
VALUES
  ('CM. URACOA', 'parroquia', 234);

-- Parroquias del municipio Zamora, Monagas
INSERT INTO Lugar (nombre_lugar, tipo_lugar, lug_id_lugar)
VALUES
  ('CM. PUNTA DE MATA', 'parroquia', 235),
  ('EL TEJERO', 'parroquia', 235);

-- Parroquia del municipio Antolin del CAmpo, Nueva esparta
INSERT INTO Lugar (nombre_lugar, tipo_lugar, lug_id_lugar)
VALUES
  ('ANTOLIN DEL CAMPO', 'parroquia', 236),
  ('CM.LA PLAZA DE PARAGUACHI', 'parroquia', 236);

-- Parroquias del municipio Antonio Diaz, Nueva Esparta
INSERT INTO Lugar (nombre_lugar, tipo_lugar, lug_id_lugar)
VALUES
  ('CM. SAN JUAN BAUTISTA', 'parroquia', 237),
  ('ZABALA', 'parroquia', 237);

-- Parroquia del muncicipio Arismendi, Nueva Esparta
INSERT INTO Lugar (nombre_lugar, tipo_lugar, lug_id_lugar)
VALUES
  ('ARISMENDI', 'parroquia', 238),
  ('CM. LA ASUNCION', 'parroquia', 238);

-- PArroquias del municipio GArcia, Nueva Esparta
INSERT INTO Lugar (nombre_lugar, tipo_lugar, lug_id_lugar)
VALUES
  ('CM. VALLE ESP SANTO', 'parroquia', 239),
  ('FRANCISCO FAJARDO', 'parroquia', 239);

-- Parroquias del municipio Gomez, Nueva Esparta
INSERT INTO Lugar (nombre_lugar, tipo_lugar, lug_id_lugar)
VALUES
  ('CM. SANTA ANA', 'parroquia', 240),
  ('GUEVARA', 'parroquia', 240),
  ('MATASIETE', 'parroquia', 240),
  ('BOLIVAR', 'parroquia', 240),
  ('SUCRE', 'parroquia', 240);

-- Parroquias del municipio Macanao, Nueva Esparta
INSERT INTO Lugar (nombre_lugar, tipo_lugar, lug_id_lugar)
VALUES
  ('CM. BOCA DEL RIO', 'parroquia', 241),
  ('SAN FRANCISCO', 'parroquia', 241);

-- Parroquias del municipio MAneiro, Nueva Esparta
INSERT INTO Lugar (nombre_lugar, tipo_lugar, lug_id_lugar)
VALUES
  ('CM. PAMPATAR', 'parroquia', 242),
  ('AGUIRRE', 'parroquia', 242);

-- PArroquia del municipio Marcano, Nueva Esparta
INSERT INTO Lugar (nombre_lugar, tipo_lugar, lug_id_lugar)
VALUES
  ('CM. JUAN GRIEGO', 'parroquia', 243),
  ('ADRIAN', 'parroquia', 243);

-- Parroquias del municipio Mariño, Nueva Esparta
INSERT INTO Lugar (nombre_lugar, tipo_lugar, lug_id_lugar)
VALUES
  ('MARIÑO', 'parroquia', 244),
  ('CM. PORLAMAR', 'parroquia', 244);

-- Parroquias del municipio Tubores, Nueva Esparta
INSERT INTO Lugar (nombre_lugar, tipo_lugar, lug_id_lugar)
VALUES
  ('CM. PUNTA DE PIEDRAS', 'parroquia', 245),
  ('LOS BARALES', 'parroquia', 245);

-- Parroquias del municipio Villalba, Nueva Esparta
INSERT INTO Lugar (nombre_lugar, tipo_lugar, lug_id_lugar)
VALUES
  ('CM. SAN PEDRO DE COCHE', 'parroquia', 246),
  ('VICENTE FUENTES', 'parroquia', 246);

-- Parroquia del municipio Agua Blanca, Portuguesa
INSERT INTO Lugar (nombre_lugar, tipo_lugar, lug_id_lugar)
VALUES
  ('CM. AGUA BLANCA', 'parroquia', 247);

-- Parroquias del municipio Araure, Portuguesa
INSERT INTO Lugar (nombre_lugar, tipo_lugar, lug_id_lugar)
VALUES
  ('CM. ARAURE', 'parroquia', 248),
  ('RIO ACARIGUA', 'parroquia', 248);

-- Parroquias del municipio Esteller, Portuguesa
INSERT INTO Lugar (nombre_lugar, tipo_lugar, lug_id_lugar)
VALUES
  ('CM. PIRITU', 'parroquia', 249),
  ('UVERAL', 'parroquia', 249);

-- Parroquias del municipio Guanare, Portuguesa
INSERT INTO Lugar (nombre_lugar, tipo_lugar, lug_id_lugar)
VALUES
  ('CM. GUANARE', 'parroquia', 250),
  ('CORDOBA', 'parroquia', 250),
  ('SAN JUAN GUANAGUANARE', 'parroquia', 250),
  ('VIRGEN DE LA COROMOTO', 'parroquia', 250),
  ('SAN JOSE DE LA MONTAÑA', 'parroquia', 250);

-- Parroquias del municipio Guanarito, Portuguesa
INSERT INTO Lugar (nombre_lugar, tipo_lugar, lug_id_lugar)
VALUES
  ('CM. GUANARITO', 'parroquia', 251),
  ('TRINIDAD DE LA CAPILLA', 'parroquia', 251),
  ('DIVINA PASTORA', 'parroquia', 251);

-- Parroquias del municipio Jose Vicente de Unda, Portuguesa
INSERT INTO Lugar (nombre_lugar, tipo_lugar, lug_id_lugar)
VALUES
  ('CM. CHABASQUEN', 'parroquia', 252),
  ('PEÑA BLANCA', 'parroquia', 252);

-- Parroquias del municipio OSpino, Portuguesa
INSERT INTO Lugar (nombre_lugar, tipo_lugar, lug_id_lugar)
VALUES
  ('CM. OSPINO', 'parroquia', 253),
  ('APARICION', 'parroquia', 253),
  ('LA ESTACION', 'parroquia', 253);

-- Parroquias del municipio Paez, Portuguesa
INSERT INTO Lugar (nombre_lugar, tipo_lugar, lug_id_lugar)
VALUES
  ('CM. ACARIGUA', 'parroquia', 254),
  ('PAYARA', 'parroquia', 254),
  ('PIMPINELA', 'parroquia', 254),
  ('RAMON PERAZA', 'parroquia', 254);

-- Parroquias del municipio Papelon, Portuguesa
INSERT INTO Lugar (nombre_lugar, tipo_lugar, lug_id_lugar)
VALUES
  ('CM. PAPELON', 'parroquia', 255),
  ('CAÑO DELGADITO', 'parroquia', 255);

-- Parroquias del municipio San Genaro de Boconoito, Portuguesa
INSERT INTO Lugar (nombre_lugar, tipo_lugar, lug_id_lugar)
VALUES
  ('CM. BOCONOITO', 'parroquia', 256),
  ('ANTOLIN TOVAR AQUINO', 'parroquia', 256);

-- Parroquias del municipio San Rafael de Onoto, Portuguesa
INSERT INTO Lugar (nombre_lugar, tipo_lugar, lug_id_lugar)
VALUES
  ('CM. SAN RAFAEL DE ONOTO', 'parroquia', 257),
  ('SANTA FE', 'parroquia', 257),
  ('THERMO MORLES', 'parroquia', 257);

-- Parroquias del municipio Santa Rosalia, Portuguesa
INSERT INTO Lugar (nombre_lugar, tipo_lugar, lug_id_lugar)
VALUES
  ('CM. EL PLAYON', 'parroquia', 258),
  ('FLORIDA', 'parroquia', 258);

-- Parroquias del municipio Sucre, Portuguesa
INSERT INTO Lugar (nombre_lugar, tipo_lugar, lug_id_lugar)
VALUES
  ('CM. BISCUCUY', 'parroquia', 259),
  ('CONCEPCION', 'parroquia', 259),
  ('SAN RAFAEL PALO ALZADO', 'parroquia', 259),
  ('UVENCIO A VELASQUEZ', 'parroquia', 259),
  ('SAN JOSE DE SAGUAZ', 'parroquia', 259),
  ('VILLA ROSA', 'parroquia', 259);

-- PArroquias del municipio Turen, Portuguesa
INSERT INTO Lugar (nombre_lugar, tipo_lugar, lug_id_lugar)
VALUES
  ('CM. VILLA BRUZUAL', 'parroquia', 260),
  ('CANELONES', 'parroquia', 260),
  ('SANTA CRUZ', 'parroquia', 260),
  ('SAN ISIDRO LABRADOR', 'parroquia', 260);

-- Parroquias del municipio Andres Eloy Blanco, Sucre
INSERT INTO Lugar (nombre_lugar, tipo_lugar, lug_id_lugar)
VALUES
  ('MARIÑO', 'parroquia', 261),
  ('ROMULO GALLEGOS', 'parroquia', 261);

-- Parroquias del municipio Andres Mata, Sucre
INSERT INTO Lugar (nombre_lugar, tipo_lugar, lug_id_lugar)
VALUES
  ('SAN JOSE DE AREOCUAR', 'parroquia', 262),
  ('TAVERA ACOSTA', 'parroquia', 262);

-- Parroquias del municipio Arismendi, Sucre
INSERT INTO Lugar (nombre_lugar, tipo_lugar, lug_id_lugar)
VALUES
  ('RIO CARIBE', 'parroquia', 263),
  ('SAN JUAN GALDONAS', 'parroquia', 263),
  ('PUERTO SANTO', 'parroquia', 263),
  ('EL MORRO DE PTO SANTO', 'parroquia', 263),
  ('ANTONIO JOSE DE SUCRE', 'parroquia', 263);

-- Parroquias del municipio Benitez, Sucre
INSERT INTO Lugar (nombre_lugar, tipo_lugar, lug_id_lugar)
VALUES
  ('EL PILAR', 'parroquia', 264),
  ('EL RINCON', 'parroquia', 264),
  ('GUARAUNOS', 'parroquia', 264),
  ('TUNAPUICITO', 'parroquia', 264),
  ('UNION', 'parroquia', 264),
  ('GRAL FCO. A VASQUEZ', 'parroquia', 264);

-- Parroquiasd el municipio Bermudez, Sucre
INSERT INTO Lugar (nombre_lugar, tipo_lugar, lug_id_lugar)
VALUES
  ('SANTA CATALINA', 'parroquia', 265),
  ('SANTA ROSA', 'parroquia', 265),
  ('SANTA TERESA', 'parroquia', 265),
  ('BOLIVAR', 'parroquia', 265),
  ('MACARAPANA', 'parroquia', 265);

-- Parroquias del municipio Bolivar, Sucre
INSERT INTO Lugar (nombre_lugar, tipo_lugar, lug_id_lugar)
VALUES
  ('CM. MARIGUITAR', 'parroquia', 266);

-- Parroquias del municipio Cajigal, Sucre
INSERT INTO Lugar (nombre_lugar, tipo_lugar, lug_id_lugar)
VALUES
  ('YAGUARAPARO', 'parroquia', 267),
  ('LIBERTAD', 'parroquia', 267),
  ('PAUJIL', 'parroquia', 267);

-- PArroquias del municipio Cruz Salmeron Acosta, Sucre
INSERT INTO Lugar (nombre_lugar, tipo_lugar, lug_id_lugar)
VALUES
  ('ARAYA', 'parroquia', 268),
  ('MANICUARE', 'parroquia', 268),
  ('CHACOPATA', 'parroquia', 268);

-- Parroquias del municipio Libertador
INSERT INTO Lugar (nombre_lugar, tipo_lugar, lug_id_lugar)
VALUES
  ('TUNAPUY', 'parroquia', 269),
  ('CAMPO ELIAS', 'parroquia', 269);

-- Parroquias del municipio Mariño, Sucre
INSERT INTO Lugar (nombre_lugar, tipo_lugar, lug_id_lugar)
VALUES
  ('IRAPA', 'parroquia', 270),
  ('CAMPO CLARO', 'parroquia', 270),
  ('SORO', 'parroquia', 270),
  ('SAN ANTONIO DE IRAPA', 'parroquia', 270),
  ('MARABAL', 'parroquia', 270);

-- Parroqui del municipio Mejia, Sucre
INSERT INTO Lugar (nombre_lugar, tipo_lugar, lug_id_lugar)
VALUES
  ('CM. SAN ANT DEL GOLFO', 'parroquia', 271);

-- Parroquias del municipio Montes, Sucre
INSERT INTO Lugar (nombre_lugar, tipo_lugar, lug_id_lugar)
VALUES
  ('CUMANACOA', 'parroquia', 272),
  ('ARENAS', 'parroquia', 272),
  ('ARICAGUA', 'parroquia', 272),
  ('COCOLLAR', 'parroquia', 272),
  ('SAN FERNANDO', 'parroquia', 272),
  ('SAN LORENZO', 'parroquia', 272);

-- Parroquias del municipio Ribero, Sucre
INSERT INTO Lugar (nombre_lugar, tipo_lugar, lug_id_lugar)
VALUES
  ('CARIACO', 'parroquia', 273),
  ('CATUARO', 'parroquia', 273),
  ('RENDON', 'parroquia', 273),
  ('SANTA CRUZ', 'parroquia', 273),
  ('SANTA MARIA', 'parroquia', 273);

-- Parroquias del municipio Sucre, Sucre
INSERT INTO Lugar (nombre_lugar, tipo_lugar, lug_id_lugar)
VALUES
  ('ALTAGRACIA', 'parroquia', 274),
  ('AYACUCHO', 'parroquia', 274),
  ('SANTA INES', 'parroquia', 274),
  ('VALENTIN VALIENTE', 'parroquia', 274),
  ('SAN JUAN', 'parroquia', 274),
  ('GRAN MARISCAL', 'parroquia', 274),
  ('RAUL LEONI', 'parroquia', 274);

-- Parroquias del municipio Valdez
INSERT INTO Lugar (nombre_lugar, tipo_lugar, lug_id_lugar)
VALUES
  ('GUIRIA', 'parroquia', 275),
  ('CRISTOBAL COLON', 'parroquia', 275),
  ('PUNTA DE PIEDRA', 'parroquia', 275),
  ('BIDEAU', 'parroquia', 275);

-- Parroquias del municipio Andres BEllo, Tachira
INSERT INTO Lugar (nombre_lugar, tipo_lugar, lug_id_lugar)
VALUES
  ('CM. CORDERO', 'parroquia', 276);

-- Parroquias del municipio Antonio Romulo Costa, Tachira
INSERT INTO Lugar (nombre_lugar, tipo_lugar, lug_id_lugar)
VALUES
  ('CM. LAS MESAS', 'parroquia', 277);

-- Parroquias del municipio Ayacucho, Tachira
INSERT INTO Lugar (nombre_lugar, tipo_lugar, lug_id_lugar)
VALUES
  ('CM. COLON', 'parroquia', 278),
  ('RIVAS BERTI', 'parroquia', 278),
  ('SAN PEDRO DEL RIO', 'parroquia', 278);

-- Parroquias del municipio Bolivar, Tachira
INSERT INTO Lugar (nombre_lugar, tipo_lugar, lug_id_lugar)
VALUES
  ('CM. SAN ANT DEL TACHIRA', 'parroquia', 279),
  ('PALOTAL', 'parroquia', 279),
  ('JUAN VICENTE GOMEZ', 'parroquia', 279),
  ('ISAIAS MEDINA ANGARITA', 'parroquia', 279);

-- Parroquias del municipio Cardenas, Tachira
INSERT INTO Lugar (nombre_lugar, tipo_lugar, lug_id_lugar)
VALUES
  ('CM. TARIBA', 'parroquia', 280),
  ('LA FLORIDA', 'parroquia', 280),
  ('AMENODORO RANGEL LAMU', 'parroquia', 280);

-- Parroquias del municipio Cordoba, Tachira
INSERT INTO Lugar (nombre_lugar, tipo_lugar, lug_id_lugar)
VALUES
  ('CM. STA. ANA  DEL TACHIRA', 'parroquia', 281);

-- Parroquias del municipio Fernandez, Tachira
INSERT INTO Lugar (nombre_lugar, tipo_lugar, lug_id_lugar)
VALUES
  ('CM.SAN RAFAEL DEL PINAL', 'parroquia', 282),
  ('SANTO DOMINGO', 'parroquia', 282),
  ('ALBERTO ADRIANI', 'parroquia', 282);

-- Parroquia del municipio Francisco de Miranda
INSERT INTO Lugar (nombre_lugar, tipo_lugar, lug_id_lugar)
VALUES
  ('CM. SAN JOSE DE BOLIVAR', 'parroquia', 283);

-- Parroquias del municipio Garcia de Hevia, Tachira
INSERT INTO Lugar (nombre_lugar, tipo_lugar, lug_id_lugar)
VALUES
  ('CM. LA FRIA', 'parroquia', 284),
  ('BOCA DE GRITA', 'parroquia', 284),
  ('JOSE ANTONIO PAEZ', 'parroquia', 284);

-- Parroquias del municipio Guasimas, Tachira
INSERT INTO Lugar (nombre_lugar, tipo_lugar, lug_id_lugar)
VALUES
  ('CM. PALMIRA', 'parroquia', 285);

-- Parroquias del municipio Independencia
INSERT INTO Lugar (nombre_lugar, tipo_lugar, lug_id_lugar)
VALUES
  ('CM. CAPACHO NUEVO', 'parroquia', 286),
  ('JUAN GERMAN ROSCIO', 'parroquia', 286),
  ('ROMAN CARDENAS', 'parroquia', 286);

-- Parroquias del municipio Jauregui, Tachira
INSERT INTO Lugar (nombre_lugar, tipo_lugar, lug_id_lugar)
VALUES
  ('CM. LA GRITA', 'parroquia', 287),
  ('EMILIO C. GUERRERO', 'parroquia', 287),
  ('MONS. MIGUEL A SALAS', 'parroquia', 287);

-- Parroquia del municipio Jose MAria Vargas, Tachira
INSERT INTO Lugar (nombre_lugar, tipo_lugar, lug_id_lugar)
VALUES
  ('CM. EL COBRE', 'parroquia', 288);

-- Parroquias del municipio Junin, Tachira
INSERT INTO Lugar (nombre_lugar, tipo_lugar, lug_id_lugar)
VALUES
  ('CM. RUBIO', 'parroquia', 289),
  ('BRAMON', 'parroquia', 289),
  ('LA PETROLEA', 'parroquia', 289),
  ('QUINIMARI', 'parroquia', 289);

-- PArroquias del municipio Libertad, Tachira
INSERT INTO Lugar (nombre_lugar, tipo_lugar, lug_id_lugar)
VALUES
  ('CM. CAPACHO VIEJO', 'parroquia', 290),
  ('CIPRIANO CASTRO', 'parroquia', 290),
  ('MANUEL FELIPE RUGELES', 'parroquia', 290);

-- Parroquias del municipio Libertador, Tachira
INSERT INTO Lugar (nombre_lugar, tipo_lugar, lug_id_lugar)
VALUES
  ('CM. ABEJALES', 'parroquia', 291),
  ('SAN JOAQUIN DE NAVAY', 'parroquia', 291),
  ('DORADAS', 'parroquia', 291),
  ('EMETERIO OCHOA', 'parroquia', 291);

-- Parroquias del municipio Lobatera, Tachira
INSERT INTO Lugar (nombre_lugar, tipo_lugar, lug_id_lugar)
VALUES
  ('CM. LOBATERA', 'parroquia', 292),
  ('CONSTITUCION', 'parroquia', 292);

-- Parroquia del municipio Michelena
INSERT INTO Lugar (nombre_lugar, tipo_lugar, lug_id_lugar)
VALUES
  ('CM. MICHELENA', 'parroquia', 293);

-- Parroquias del municipio Panamericano, Tachira
INSERT INTO Lugar (nombre_lugar, tipo_lugar, lug_id_lugar)
VALUES
  ('CM. COLONCITO', 'parroquia', 294),
  ('LA PALMITA', 'parroquia', 294);

-- Parroquias del municipio Pedro Maria Ureña, Tachira
INSERT INTO Lugar (nombre_lugar, tipo_lugar, lug_id_lugar)
VALUES
  ('CM. UREÑA', 'parroquia', 295),
  ('NUEVA ARCADIA', 'parroquia', 295);

-- Parroqui del municipio Rafael Urdaneta, Tachira
INSERT INTO Lugar (nombre_lugar, tipo_lugar, lug_id_lugar)
VALUES
  ('CM. DELICIAS', 'parroquia', 296);

-- Parroquias del municipio Samuel Dario Maldonado
INSERT INTO Lugar (nombre_lugar, tipo_lugar, lug_id_lugar)
VALUES
  ('CM. LA TENDIDA', 'parroquia', 297),
  ('BOCONO', 'parroquia', 297),
  ('HERNANDEZ', 'parroquia', 297);

-- Parroquias del municipio San Cristobal, Tachira
INSERT INTO Lugar (nombre_lugar, tipo_lugar, lug_id_lugar)
VALUES
  ('LA CONCORDIA', 'parroquia', 298),
  ('PEDRO MARIA MORANTES', 'parroquia', 298),
  ('SN JUAN BAUTISTA', 'parroquia', 298),
  ('SAN SEBASTIAN', 'parroquia', 298),
  ('DR. FCO. ROMERO LOBO', 'parroquia', 298);

-- Parroquia del municipio San Judas Tadeo, Tachira
INSERT INTO Lugar (nombre_lugar, tipo_lugar, lug_id_lugar)
VALUES
  ('CM. UMUQUENA', 'parroquia', 299);

-- Parroquias del municipio Seboruco, TAchira
INSERT INTO Lugar (nombre_lugar, tipo_lugar, lug_id_lugar)
VALUES
  ('CM. SEBORUCO', 'parroquia', 300);

-- Parroquias del municipio Simon Rodriguez, Tachira
INSERT INTO Lugar (nombre_lugar, tipo_lugar, lug_id_lugar)
VALUES
  ('CM. SAN SIMON', 'parroquia', 301);

-- Parroquias del municipio Sucre, TAchira
INSERT INTO Lugar (nombre_lugar, tipo_lugar, lug_id_lugar)
VALUES
  ('CM. QUENIQUEA', 'parroquia', 302),
  ('SAN PABLO', 'parroquia', 302),
  ('ELEAZAR LOPEZ CONTRERA', 'parroquia', 302);

-- Parroquias del municipio Torbes, Tachira
INSERT INTO Lugar (nombre_lugar, tipo_lugar, lug_id_lugar)
VALUES
  ('CM. SAN JOSECITO', 'parroquia', 303);

-- Parroquias del municipio Uribante, TAchira
INSERT INTO Lugar (nombre_lugar, tipo_lugar, lug_id_lugar)
VALUES
  ('CM. PREGONERO', 'parroquia', 304),
  ('CARDENAS', 'parroquia', 304),
  ('POTOSI', 'parroquia', 304),
  ('JUAN PABLO PEÑALOZA', 'parroquia', 304);


-- PArroquias del municipio Andres Bello, Trujillo
INSERT INTO Lugar (nombre_lugar, tipo_lugar, lug_id_lugar)
VALUES
  ('SANTA ISABEL', 'parroquia', 305),
  ('ARAGUANEY', 'parroquia', 305),
  ('EL JAGUITO', 'parroquia', 305),
  ('LA ESPERANZA', 'parroquia', 305);

-- Parroquias del municipio Bocono, Trujillo
INSERT INTO Lugar (nombre_lugar, tipo_lugar, lug_id_lugar)
VALUES
  ('BOCONO', 'parroquia', 306),
  ('EL CARMEN', 'parroquia', 306),
  ('MOSQUEY', 'parroquia', 306),
  ('AYACUCHO', 'parroquia', 306),
  ('BURBUSAY', 'parroquia', 306),
  ('GENERAL RIVAS', 'parroquia', 306),
  ('MONSEÑOR JAUREGUI', 'parroquia', 306),
  ('RAFAEL RANGEL', 'parroquia', 306),
  ('SAN JOSE', 'parroquia', 306),
  ('SAN MIGUEL', 'parroquia', 306),
  ('GUARAMACAL', 'parroquia', 306),
  ('LA VEGA DE GUARAMACAL', 'parroquia', 306);

-- Parroquias del municipio Bolivar
INSERT INTO Lugar (nombre_lugar, tipo_lugar, lug_id_lugar)
VALUES
  ('SABANA GRANDE', 'parroquia', 307),
  ('CHEREGUE', 'parroquia', 307),
  ('GRANADOS', 'parroquia', 307);

-- Parroquias del municipio Candelaria, Trujillo
INSERT INTO Lugar (nombre_lugar, tipo_lugar, lug_id_lugar)
VALUES
  ('CHEJENDE', 'parroquia', 308),
  ('CARRILLO', 'parroquia', 308),
  ('CEGARRA', 'parroquia', 308),
  ('BOLIVIA', 'parroquia', 308),
  ('MANUEL SALVADOR ULLOA', 'parroquia', 308),
  ('SAN JOSE', 'parroquia', 308),
  ('ARNOLDO GABALDON', 'parroquia', 308);

-- Parroquias del municipio Carache, Trujillo
INSERT INTO Lugar (nombre_lugar, tipo_lugar, lug_id_lugar)
VALUES
  ('CARACHE', 'parroquia', 309),
  ('LA CONCEPCION', 'parroquia', 309),
  ('CUICAS', 'parroquia', 309),
  ('PANAMERICANA', 'parroquia', 309),
  ('SANTA CRUZ', 'parroquia', 309);

-- Parroquias del municipio Carvajal, Trujillo
INSERT INTO Lugar (nombre_lugar, tipo_lugar, lug_id_lugar)
VALUES
  ('CARVAJAL', 'parroquia', 310),
  ('ANTONIO N BRICEÑO', 'parroquia', 310),
  ('CAMPO ALEGRE', 'parroquia', 310),
  ('JOSE LEONARDO SUAREZ', 'parroquia', 310);

-- Parroquias del municipio Escuque
INSERT INTO Lugar (nombre_lugar, tipo_lugar, lug_id_lugar)
VALUES
  ('ESCUQUE', 'parroquia', 311),
  ('SABANA LIBRE', 'parroquia', 311),
  ('LA UNION', 'parroquia', 311),
  ('SANTA RITA', 'parroquia', 311);

-- Parroquias del municipio Juan Vicente Campos Elias
INSERT INTO Lugar (nombre_lugar, tipo_lugar, lug_id_lugar)
VALUES
  ('CAMPO ELIAS', 'parroquia', 312),
  ('ARNOLDO GABALDON', 'parroquia', 312),
  ('SANTA APOLONIA', 'parroquia', 312);

-- PArroquias del municipio La Ceiba, Trujillo
INSERT INTO Lugar (nombre_lugar, tipo_lugar, lug_id_lugar)
VALUES
  ('LA CEIBA', 'parroquia', 313),
  ('EL PROGRESO', 'parroquia', 313),
  ('TRES DE FEBRERO', 'parroquia', 313);

-- Parroquias del municipio Marquez Cañizales
INSERT INTO Lugar (nombre_lugar, tipo_lugar, lug_id_lugar)
VALUES
  ('EL SOCORRO', 'parroquia', 314),
  ('LOS CAPRICHOS', 'parroquia', 314),
  ('ANTONIO JOSE DE SUCRE', 'parroquia', 314);

-- PArroquias del municipio Miranda, TRujillo
INSERT INTO Lugar (nombre_lugar, tipo_lugar, lug_id_lugar)
VALUES
  ('EL DIVIDIVE', 'parroquia', 315),
  ('AGUA CALIENTE', 'parroquia', 315),
  ('EL CENIZO', 'parroquia', 315),
  ('AGUA SANTA', 'parroquia', 315),
  ('VALERITA', 'parroquia', 315);

-- Parroquias del municipio Monte Carmelo
INSERT INTO Lugar (nombre_lugar, tipo_lugar, lug_id_lugar)
VALUES
  ('MONTE CARMELO', 'parroquia', 316),
  ('BUENA VISTA', 'parroquia', 316),
  ('STA MARIA DEL HORCON', 'parroquia', 316);

-- PArroquias del municipio Motatan, Trujillo
INSERT INTO Lugar (nombre_lugar, tipo_lugar, lug_id_lugar)
VALUES
  ('MOTATAN', 'parroquia', 317),
  ('EL BAÑO', 'parroquia', 317),
  ('JALISCO', 'parroquia', 317);

-- Parroquias del municipio Pampan, TRujillo
INSERT INTO Lugar (nombre_lugar, tipo_lugar, lug_id_lugar)
VALUES
  ('PAMPAN', 'parroquia', 318),
  ('SANTA ANA', 'parroquia', 318),
  ('LA PAZ', 'parroquia', 318),
  ('FLOR DE PATRIA', 'parroquia', 318);

-- Parroquias del municipio PAmpanito, TRujillo
INSERT INTO Lugar (nombre_lugar, tipo_lugar, lug_id_lugar)
VALUES
  ('PAMPANITO', 'parroquia', 319),
  ('PAMPANITO II', 'parroquia', 319),
  ('LA CONCEPCION', 'parroquia', 319);

-- Parroquias del municipio Rangel, TRujillo
INSERT INTO Lugar (nombre_lugar, tipo_lugar, lug_id_lugar)
VALUES
  ('BETIJOQUE', 'parroquia', 320),
  ('JOSE G HERNANDEZ', 'parroquia', 320),
  ('LA PUEBLITA', 'parroquia', 320),
  ('EL CEDRO', 'parroquia', 320);

-- Parroquias del municipio Sucre, TRujillo
INSERT INTO Lugar (nombre_lugar, tipo_lugar, lug_id_lugar)
VALUES
  ('SABANA DE MENDOZA', 'parroquia', 321),
  ('JUNIN', 'parroquia', 321),
  ('VALMORE RODRIGUEZ', 'parroquia', 321),
  ('EL PARAISO', 'parroquia', 321);

-- Parroquias del municipio Trujillo, Trujillo
INSERT INTO Lugar (nombre_lugar, tipo_lugar, lug_id_lugar)
VALUES
  ('CRISTOBAL MENDOZA', 'parroquia', 322),
  ('CHIQUINQUIRA', 'parroquia', 322),
  ('MATRIZ', 'parroquia', 322),
  ('MONSEÑOR CARRILLO', 'parroquia', 322),
  ('CRUZ CARRILLO', 'parroquia', 322),
  ('ANDRES LINARES', 'parroquia', 322),
  ('TRES ESQUINAS', 'parroquia', 322);

-- Parroquias del municipio Urdaneta, Trujillo
INSERT INTO Lugar (nombre_lugar, tipo_lugar, lug_id_lugar)
VALUES
  ('LA QUEBRADA', 'parroquia', 323),
  ('JAJO', 'parroquia', 323),
  ('LA MESA', 'parroquia', 323),
  ('SANTIAGO', 'parroquia', 323),
  ('CABIMBU', 'parroquia', 323),
  ('TUÑAME', 'parroquia', 323);

--Parroquias del municipio Valera, Trujillo
INSERT INTO Lugar (nombre_lugar, tipo_lugar, lug_id_lugar)
VALUES
  ('MERCEDES DIAZ', 'parroquia', 324),
  ('JUAN IGNACIO MONTILLA', 'parroquia', 324),
  ('LA BEATRIZ', 'parroquia', 324),
  ('MENDOZA', 'parroquia', 324),
  ('LA PUERTA', 'parroquia', 324),
  ('SAN LUIS', 'parroquia', 324);

-- Parroquias del municipio Aristides Bastidas, Yaracuy
INSERT INTO Lugar (nombre_lugar, tipo_lugar, lug_id_lugar)
VALUES
  ('CM. SAN PABLO', 'parroquia', 325);

-- Parroquia del municipio Bolivar, Yaracuy
INSERT INTO Lugar (nombre_lugar, tipo_lugar, lug_id_lugar)
VALUES
  ('CM. AROA', 'parroquia', 326);

-- Parroquias del municipio Bruzual
INSERT INTO Lugar (nombre_lugar, tipo_lugar, lug_id_lugar)
VALUES
  ('CM. CHIVACOA', 'parroquia', 327),
  ('CAMPO ELIAS', 'parroquia', 327);

-- Parroquias del municipio Cocorote, Yaracuy
INSERT INTO Lugar (nombre_lugar, tipo_lugar, lug_id_lugar)
VALUES
  ('CM. COCOROTE', 'parroquia', 328);

-- Parroquia del municipio Independencia, Yaracuy
INSERT INTO Lugar (nombre_lugar, tipo_lugar, lug_id_lugar)
VALUES
  ('CM. INDEPENDENCIA', 'parroquia', 329);

-- Parroquia del municipio Jose Antonio Paez, Yaracuy
INSERT INTO Lugar (nombre_lugar, tipo_lugar, lug_id_lugar)
VALUES
  ('CM. SABANA DE PARRA', 'parroquia', 330);

-- Parroquia del municipio La Trinidad, Yaracuy
INSERT INTO Lugar (nombre_lugar, tipo_lugar, lug_id_lugar)
VALUES
  ('CM. BORAURE', 'parroquia', 331);

-- Parroquia del municipio MAnuel Monge, Yaracuy
INSERT INTO Lugar (nombre_lugar, tipo_lugar, lug_id_lugar)
VALUES
  ('CM. YUMARE', 'parroquia', 332);

-- Parroquias del municipio Nirgua, Yaracuy
INSERT INTO Lugar (nombre_lugar, tipo_lugar, lug_id_lugar)
VALUES
  ('CM. NIRGUA', 'parroquia', 333),
  ('SALOM', 'parroquia', 333),
  ('TEMERLA', 'parroquia', 333);

-- Parroquias del municipio Peña, Yaracuy
INSERT INTO Lugar (nombre_lugar, tipo_lugar, lug_id_lugar)
VALUES
  ('CM. YARITAGUA', 'parroquia', 334),
  ('SAN ANDRES', 'parroquia', 334);

-- Parroquias del municipio San Felipe
INSERT INTO Lugar (nombre_lugar, tipo_lugar, lug_id_lugar)
VALUES
  ('CM. SAN FELIPE', 'parroquia', 335),
  ('ALBARICO', 'parroquia', 335),
  ('SAN JAVIER', 'parroquia', 335);

-- Parroquia del municipio Sucre, Yaracuy
INSERT INTO Lugar (nombre_lugar, tipo_lugar, lug_id_lugar)
VALUES
  ('CM. GUAMA', 'parroquia', 336);

-- PArroquia del municipio Urachiche, YAracuy
INSERT INTO Lugar (nombre_lugar, tipo_lugar, lug_id_lugar)
VALUES
  ('CM. URACHICHE', 'parroquia', 337);

-- Parroquias del municipio Veroes, YAracuy
INSERT INTO Lugar (nombre_lugar, tipo_lugar, lug_id_lugar)
VALUES
  ('CM. FARRIAR', 'parroquia', 338),
  ('EL GUAYABO', 'parroquia', 338);

-- Parroquias del municipio Almirante Padilla, Zulia
INSERT INTO Lugar (nombre_lugar, tipo_lugar, lug_id_lugar)
VALUES
  ('MONAGAS', 'parroquia', 339),
  ('ISLA DE TOAS', 'parroquia', 339);

-- Parroquias del municipio BAralt, Zulia
INSERT INTO Lugar (nombre_lugar, tipo_lugar, lug_id_lugar)
VALUES
  ('GENERAL URDANETA', 'parroquia', 340),
  ('LIBERTADOR', 'parroquia', 340),
  ('MANUEL GUANIPA MATOS', 'parroquia', 340),
  ('MARCELINO BRICEÑO', 'parroquia', 340),
  ('SAN TIMOTEO', 'parroquia', 340),
  ('PUEBLO NUEVO', 'parroquia', 340);

-- Parroquias del municipio Cabimas, Zulia
INSERT INTO Lugar (nombre_lugar, tipo_lugar, lug_id_lugar)
VALUES
  ('AMBROSIO', 'parroquia', 341),
  ('GERMAN RIOS LINARES', 'parroquia', 341),
  ('JORGE HERNANDEZ', 'parroquia', 341),
  ('LA ROSA', 'parroquia', 341),
  ('PUNTA GORDA', 'parroquia', 341),
  ('CARMEN HERRERA', 'parroquia', 341),
  ('SAN BENITO', 'parroquia', 341),
  ('ROMULO BETANCOURT', 'parroquia', 341),
  ('ARISTIDES CALVANI', 'parroquia', 341);

-- PArroquias del municipio Catatumbo, Zulia
INSERT INTO Lugar (nombre_lugar, tipo_lugar, lug_id_lugar)
VALUES
  ('UDON PEREZ', 'parroquia', 342),
  ('ENCONTRADOS', 'parroquia', 342);

-- Parroquias del municipio Colon, Zulia
INSERT INTO Lugar (nombre_lugar, tipo_lugar, lug_id_lugar)
VALUES
  ('SANTA CRUZ DEL ZULIA', 'parroquia', 343),
  ('URRIBARRI', 'parroquia', 343),
  ('MORALITO', 'parroquia', 343),
  ('SAN CARLOS DEL ZULIA', 'parroquia', 343),
  ('SANTA BARBARA', 'parroquia', 343);

-- Parroquias del municipio Francisco JAvier Pulgar, Zulia
INSERT INTO Lugar (nombre_lugar, tipo_lugar, lug_id_lugar)
VALUES
  ('SIMON RODRIGUEZ', 'parroquia', 344),
  ('CARLOS QUEVEDO', 'parroquia', 344),
  ('FRANCISCO J PULGAR', 'parroquia', 344);

-- PArroquias del municipio Guajira, Zulia
INSERT INTO Lugar (nombre_lugar, tipo_lugar, lug_id_lugar)
VALUES
  ('GOAJIRA', 'parroquia', 345),
  ('ELIAS SANCHEZ RUBIO', 'parroquia', 345),
  ('SINAMAICA', 'parroquia', 345),
  ('ALTA GUAJIRA', 'parroquia', 345);

-- Parroquias del municipio Jesus Enrique Lossada, Zulia
INSERT INTO Lugar (nombre_lugar, tipo_lugar, lug_id_lugar)
VALUES
  ('JOSE RAMON YEPEZ', 'parroquia', 346),
  ('LA CONCEPCION', 'parroquia', 346),
  ('SAN JOSE', 'parroquia', 346),
  ('MARIANO PARRA LEON', 'parroquia', 346);

-- Parroquias del municipio Jesus Maria Semprun
INSERT INTO Lugar (nombre_lugar, tipo_lugar, lug_id_lugar)
VALUES
  ('BARI', 'parroquia', 347),
  ('JESUS M SEMPRUN', 'parroquia', 347);

-- Parroquias del municipio La Cañada de Urdaneta
INSERT INTO Lugar (nombre_lugar, tipo_lugar, lug_id_lugar)
VALUES
  ('ANDRES BELLO', 'parroquia', 348),
  ('POTRERITOS', 'parroquia', 348),
  ('EL CARMELO', 'parroquia', 348),
  ('CHIQUINQUIRA', 'parroquia', 348),
  ('CONCEPCION', 'parroquia', 348);

-- Parroquias del municipio Lagunillas
INSERT INTO Lugar (nombre_lugar, tipo_lugar, lug_id_lugar)
VALUES
  ('ELEAZAR LOPEZ C', 'parroquia', 349),
  ('ALONSO DE OJEDA', 'parroquia', 349),
  ('VENEZUELA', 'parroquia', 349),
  ('CAMPO LARA', 'parroquia', 349),
  ('LIBERTAD', 'parroquia', 349);

-- PArroquias del municipio Machiques de Perija, Zulia
INSERT INTO Lugar (nombre_lugar, tipo_lugar, lug_id_lugar)
VALUES
  ('SAN JOSE DE PERIJA', 'parroquia', 350),
  ('BARTOLOME DE LAS CASAS', 'parroquia', 350),
  ('LIBERTAD', 'parroquia', 350),
  ('RIO NEGRO', 'parroquia', 350);

-- Parroquias del municipio Mara, Zulia
INSERT INTO Lugar (nombre_lugar, tipo_lugar, lug_id_lugar)
VALUES
  ('LUIS DE VICENTE', 'parroquia', 351),
  ('RICAURTE', 'parroquia', 351),
  ('MONS.MARCOS SERGIO G', 'parroquia', 351),
  ('SAN RAFAEL', 'parroquia', 351),
  ('LAS PARCELAS', 'parroquia', 351),
  ('TAMARE', 'parroquia', 351),
  ('LA SIERRITA', 'parroquia', 351);

-- Parroquias del municipio Maracaibo, Zulia
INSERT INTO Lugar (nombre_lugar, tipo_lugar, lug_id_lugar)
VALUES
  ('BOLIVAR', 'parroquia', 352),
  ('COQUIVACOA', 'parroquia', 352),
  ('CRISTO DE ARANZA', 'parroquia', 352),
  ('CHIQUINQUIRA', 'parroquia', 352),
  ('SANTA LUCIA', 'parroquia', 352),
  ('OLEGARIO VILLALOBOS', 'parroquia', 352),
  ('JUANA DE AVILA', 'parroquia', 352),
  ('CARACCIOLO PARRA PEREZ', 'parroquia', 352),
  ('IDELFONZO VASQUEZ', 'parroquia', 352),
  ('CACIQUE MARA', 'parroquia', 352),
  ('CECILIO ACOSTA', 'parroquia', 352),
  ('RAUL LEONI', 'parroquia', 352),
  ('FRANCISCO EUGENIO B', 'parroquia', 352),
  ('MANUEL DAGNINO', 'parroquia', 352),
  ('LUIS HURTADO HIGUERA', 'parroquia', 352),
  ('VENANCIO PULGAR', 'parroquia', 352),
  ('ANTONIO BORJAS ROMERO', 'parroquia', 352),
  ('SAN ISIDRO', 'parroquia', 352);

-- Parroquias del municipio Miranda, Zulia
INSERT INTO Lugar (nombre_lugar, tipo_lugar, lug_id_lugar)
VALUES
  ('FARIA', 'parroquia', 353),
  ('SAN ANTONIO', 'parroquia', 353),
  ('ANA MARIA CAMPOS', 'parroquia', 353),
  ('SAN JOSE', 'parroquia', 353),
  ('ALTAGRACIA', 'parroquia', 353);

-- Parroquias del municipio Rosario de Perija, Zulia
INSERT INTO Lugar (nombre_lugar, tipo_lugar, lug_id_lugar)
VALUES
  ('DONALDO GARCIA', 'parroquia', 354),
  ('SIXTO ZAMBRANO', 'parroquia', 354),
  ('EL ROSARIO', 'parroquia', 354);

-- Parroquia del municipio San Francisco, Zulia
INSERT INTO Lugar (nombre_lugar, tipo_lugar, lug_id_lugar)
VALUES
  ('MARCIAL HERNANDEZ', 'parroquia', 355),
  ('FRANCISCO OCHOA', 'parroquia', 355),
  ('SAN FRANCISCO', 'parroquia', 355),
  ('EL BAJO', 'parroquia', 355),
  ('DOMITILA FLORES', 'parroquia', 355),
  ('LOS CORTIJOS', 'parroquia', 355);

-- Parroquias del municipio Santa Rita, Zulia
INSERT INTO Lugar (nombre_lugar, tipo_lugar, lug_id_lugar)
VALUES
  ('PEDRO LUCAS URRIBARRI', 'parroquia', 356),
  ('SANTA RITA', 'parroquia', 356),
  ('JOSE CENOVIO URRIBARR', 'parroquia', 356),
  ('EL MENE', 'parroquia', 356);

-- PArroquias del municipio Simon Bolivar, Zulia
INSERT INTO Lugar (nombre_lugar, tipo_lugar, lug_id_lugar)
VALUES
  ('RAFAEL MARIA BARALT', 'parroquia', 357),
  ('MANUEL MANRIQUE', 'parroquia', 357),
  ('RAFAEL URDANETA', 'parroquia', 357);

-- Parroquias del municipio Sucre, Zulia
INSERT INTO Lugar (nombre_lugar, tipo_lugar, lug_id_lugar)
VALUES
  ('GIBRALTAR', 'parroquia', 358),
  ('HERAS', 'parroquia', 358),
  ('M.ARTURO CELESTINO A', 'parroquia', 358),
  ('ROMULO GALLEGOS', 'parroquia', 358),
  ('BOBURES', 'parroquia', 358),
  ('EL BATEY', 'parroquia', 358);

-- Parroquias del municipio Valmore Rodriguez, Zulia
INSERT INTO Lugar (nombre_lugar, tipo_lugar, lug_id_lugar)
VALUES
  ('RAUL CUENCA', 'parroquia', 359),
  ('LA VICTORIA', 'parroquia', 359),
  ('RAFAEL URDANETA', 'parroquia', 359);

INSERT INTO estatus_orden_compra_b2c (nombre_estatus_orden_b2c,descripcion_estatus_orden_b2c)
VALUES
    ('Emitida', 'La orden fue creada pero no validada'),
    ('Validada', 'La pasarela de pago confirmó la transacción'),
    ('En preparación ', 'El almacén está preparando el pedido para su envío'),
    ('Despachada', 'El paquete fue entregado al courier'),
    ('Entregada', 'Confirmación de recepción final'),
    ('Facturada', 'Documento fiscal generado'),
    ('Cobrada', 'El dinero ingresó a la cuenta de MATTELUCAB'),
    ('Cancelada', 'Solo es posible si la orden no ha entrado en estado despachada'),
    ('Devuelta', 'Proceso de logística inversa por defectos de la calidad');

INSERT INTO estatus_orden_b2b (nombre_estatus_orden_b2b,descripcion_orden_b2b)
VALUES
    ('Emitida', 'La orden fue creada pero no validada'),
    ('Validada', 'Se verificó el credito del cliente'),
    ('En preparación ', 'El almacén está preparando el pedido para su envío'),
    ('Despachada', 'El paquete fue entregado al courier'),
    ('Entregada', 'Confirmación de recepción final'),
    ('Facturada', 'Documento fiscal generado'),
    ('Cobrada', 'El dinero ingresó a la cuenta de MATTELUCAB'),
    ('Cancelada', 'Solo es posible si la orden no ha entrado en estado despachada'),
    ('Devuelta', 'Proceso de logística inversa por defectos de la calidad');


-- ============================================================================
-- 400 CLIENTES + PERFIL (Mathias) — IDs EXPLICITOS
-- 200 CLIENTE_B2C (id 1..200) + 200 PERSONA_JURIDICA (id 1..200) + perfil a 10 c/u.
-- IDs explicitos para que la insercion de datos nuevos no choque por orden de carga.
-- ID_LUGAR/LUG_ID_LUGAR -> parroquias reales (LUGAR id 360..1500). RIF/cedula unicos.
-- ============================================================================

INSERT INTO CLIENTE_B2C
  (ID_PERSONA_NATURAL, ID_LUGAR, RIF_PERSONA_NATURAL, DIRECCION_PERSONA_NATURAL, CEDULA_PERSONA_NATURAL,
   P_NOMBRE_PERSONA_NATURAL, S_NOMBRE_PERSONA_NATURAL, P_APELLIDO_PERSONA_NATURAL,
   S_APELLIDO_PERSONA_NATURAL, FECHA_NAC_PERSONA_NATURAL)
VALUES
  (1, 360, 'V-10000001-0', 'Av. Bolívar, casa 100', 'V-10000001', 'José', 'Alberto', 'González', 'Quintero', DATE '1960-01-01'),
  (2, 361, 'V-10000002-1', 'Calle Sucre, casa 101', 'V-10000002', 'Ana', 'Antonio', 'Rodríguez', 'Salazar', DATE '1961-02-02'),
  (3, 362, 'V-10000003-2', 'Av. Urdaneta, casa 102', 'V-10000003', 'Carlos', 'Enrique', 'Pérez', 'Montilla', DATE '1962-03-03'),
  (4, 363, 'V-10000004-3', 'Calle Páez, casa 103', 'V-10000004', 'Rosa', 'Ramón', 'Hernández', NULL, DATE '1963-04-04'),
  (5, 364, 'V-10000005-4', 'Av. Libertador, casa 104', 'V-10000005', 'Miguel', 'Ignacio', 'García', NULL, DATE '1964-05-05'),
  (6, 365, 'V-10000006-5', 'Calle Miranda, casa 105', 'V-10000006', 'Isabel', 'Coromoto', 'Martínez', NULL, DATE '1965-06-06'),
  (7, 366, 'V-10000007-6', 'Av. Andrés Bello, casa 106', 'V-10000007', 'Jesús', 'Auxiliadora', 'López', NULL, DATE '1966-07-07'),
  (8, 367, 'V-10000008-7', 'Calle Comercio, casa 107', 'V-10000008', 'Daniela', 'del Valle', 'Sánchez', 'Goncalves', DATE '1967-08-08'),
  (9, 368, 'V-10000009-8', 'Av. Principal, casa 108', 'V-10000009', 'Manuel', 'José', 'Ramírez', 'Da Silva', DATE '1968-09-09'),
  (10, 369, 'V-10000010-9', 'Calle Real, casa 109', 'V-10000010', 'Patricia', 'Beatriz', 'Torres', 'Pérez', DATE '1969-10-10'),
  (11, 370, 'V-10000011-0', 'Av. Bolívar, casa 110', 'V-10000011', 'Daniel', 'Alejandra', 'Flores', 'Quintero', DATE '1970-11-11'),
  (12, 371, 'V-10000012-1', 'Calle Sucre, casa 111', 'V-10000012', 'Marta', 'Eugenia', 'Rivas', 'Salazar', DATE '1971-12-12'),
  (13, 372, 'V-10000013-2', 'Av. Urdaneta, casa 112', 'V-10000013', 'Francisco', NULL, 'Gómez', 'Montilla', DATE '1972-01-13'),
  (14, 373, 'V-10000014-3', 'Calle Páez, casa 113', 'V-10000014', 'Sofía', NULL, 'Díaz', NULL, DATE '1973-02-14'),
  (15, 374, 'V-10000015-4', 'Av. Libertador, casa 114', 'V-10000015', 'Alejandro', NULL, 'Castillo', NULL, DATE '1974-03-15'),
  (16, 375, 'V-10000016-5', 'Calle Miranda, casa 115', 'V-10000016', 'Cristina', 'Alberto', 'Romero', NULL, DATE '1975-04-16'),
  (17, 376, 'V-10000017-6', 'Av. Andrés Bello, casa 116', 'V-10000017', 'Eduardo', 'Antonio', 'Suárez', NULL, DATE '1976-05-17'),
  (18, 377, 'V-10000018-7', 'Calle Comercio, casa 117', 'V-10000018', 'Adriana', 'Enrique', 'Mendoza', 'Goncalves', DATE '1977-06-18'),
  (19, 378, 'V-10000019-8', 'Av. Principal, casa 118', 'V-10000019', 'Jorge', 'Ramón', 'Guerra', 'Da Silva', DATE '1978-07-19'),
  (20, 379, 'V-10000020-9', 'Calle Real, casa 119', 'V-10000020', 'Teresa', 'Ignacio', 'Blanco', 'Pérez', DATE '1979-08-20'),
  (21, 380, 'V-10000021-0', 'Av. Bolívar, casa 120', 'V-10000021', 'José', 'Coromoto', 'Marcano', 'Quintero', DATE '1980-09-21'),
  (22, 381, 'V-10000022-1', 'Calle Sucre, casa 121', 'V-10000022', 'Ana', 'Auxiliadora', 'D''Andrea', 'Salazar', DATE '1981-10-22'),
  (23, 382, 'V-10000023-2', 'Av. Urdaneta, casa 122', 'V-10000023', 'Carlos', 'del Valle', 'Bermúdez', 'Montilla', DATE '1982-11-23'),
  (24, 383, 'V-10000024-3', 'Calle Páez, casa 123', 'V-10000024', 'Rosa', 'José', 'Contreras', NULL, DATE '1983-12-24'),
  (25, 384, 'V-10000025-4', 'Av. Libertador, casa 124', 'V-10000025', 'Miguel', 'Beatriz', 'Querales', NULL, DATE '1984-01-25'),
  (26, 385, 'V-10000026-5', 'Calle Miranda, casa 125', 'V-10000026', 'Isabel', 'Alejandra', 'Fuenmayor', NULL, DATE '1985-02-26'),
  (27, 386, 'V-10000027-6', 'Av. Andrés Bello, casa 126', 'V-10000027', 'Jesús', 'Eugenia', 'González', NULL, DATE '1986-03-27'),
  (28, 387, 'V-10000028-7', 'Calle Comercio, casa 127', 'V-10000028', 'Daniela', NULL, 'Rodríguez', 'Goncalves', DATE '1987-04-28'),
  (29, 388, 'V-10000029-8', 'Av. Principal, casa 128', 'V-10000029', 'Manuel', NULL, 'Pérez', 'Da Silva', DATE '1988-05-01'),
  (30, 389, 'V-10000030-9', 'Calle Real, casa 129', 'V-10000030', 'Patricia', NULL, 'Hernández', 'Pérez', DATE '1989-06-02'),
  (31, 390, 'V-10000031-0', 'Av. Bolívar, casa 130', 'V-10000031', 'Daniel', 'Alberto', 'García', 'Quintero', DATE '1990-07-03'),
  (32, 391, 'V-10000032-1', 'Calle Sucre, casa 131', 'V-10000032', 'Marta', 'Antonio', 'Martínez', 'Salazar', DATE '1991-08-04'),
  (33, 392, 'V-10000033-2', 'Av. Urdaneta, casa 132', 'V-10000033', 'Francisco', 'Enrique', 'López', 'Montilla', DATE '1992-09-05'),
  (34, 393, 'V-10000034-3', 'Calle Páez, casa 133', 'V-10000034', 'Sofía', 'Ramón', 'Sánchez', NULL, DATE '1993-10-06'),
  (35, 394, 'V-10000035-4', 'Av. Libertador, casa 134', 'V-10000035', 'Alejandro', 'Ignacio', 'Ramírez', NULL, DATE '1994-11-07'),
  (36, 395, 'V-10000036-5', 'Calle Miranda, casa 135', 'V-10000036', 'Cristina', 'Coromoto', 'Torres', NULL, DATE '1995-12-08'),
  (37, 396, 'V-10000037-6', 'Av. Andrés Bello, casa 136', 'V-10000037', 'Eduardo', 'Auxiliadora', 'Flores', NULL, DATE '1996-01-09'),
  (38, 397, 'V-10000038-7', 'Calle Comercio, casa 137', 'V-10000038', 'Adriana', 'del Valle', 'Rivas', 'Goncalves', DATE '1997-02-10'),
  (39, 398, 'V-10000039-8', 'Av. Principal, casa 138', 'V-10000039', 'Jorge', 'José', 'Gómez', 'Da Silva', DATE '1998-03-11'),
  (40, 399, 'V-10000040-9', 'Calle Real, casa 139', 'V-10000040', 'Teresa', 'Beatriz', 'Díaz', 'Pérez', DATE '1999-04-12'),
  (41, 400, 'V-10000041-0', 'Av. Bolívar, casa 140', 'V-10000041', 'José', 'Alejandra', 'Castillo', 'Quintero', DATE '2000-05-13'),
  (42, 401, 'V-10000042-1', 'Calle Sucre, casa 141', 'V-10000042', 'Ana', 'Eugenia', 'Romero', 'Salazar', DATE '2001-06-14'),
  (43, 402, 'V-10000043-2', 'Av. Urdaneta, casa 142', 'V-10000043', 'Carlos', NULL, 'Suárez', 'Montilla', DATE '2002-07-15'),
  (44, 403, 'V-10000044-3', 'Calle Páez, casa 143', 'V-10000044', 'Rosa', NULL, 'Mendoza', NULL, DATE '2003-08-16'),
  (45, 404, 'V-10000045-4', 'Av. Libertador, casa 144', 'V-10000045', 'Miguel', NULL, 'Guerra', NULL, DATE '2004-09-17'),
  (46, 405, 'V-10000046-5', 'Calle Miranda, casa 145', 'V-10000046', 'Isabel', 'Alberto', 'Blanco', NULL, DATE '1960-10-18'),
  (47, 406, 'V-10000047-6', 'Av. Andrés Bello, casa 146', 'V-10000047', 'Jesús', 'Antonio', 'Marcano', NULL, DATE '1961-11-19'),
  (48, 407, 'V-10000048-7', 'Calle Comercio, casa 147', 'V-10000048', 'Daniela', 'Enrique', 'D''Andrea', 'Goncalves', DATE '1962-12-20'),
  (49, 408, 'V-10000049-8', 'Av. Principal, casa 148', 'V-10000049', 'Manuel', 'Ramón', 'Bermúdez', 'Da Silva', DATE '1963-01-21'),
  (50, 409, 'V-10000050-9', 'Calle Real, casa 149', 'V-10000050', 'Patricia', 'Ignacio', 'Contreras', 'Pérez', DATE '1964-02-22'),
  (51, 410, 'V-10000051-0', 'Av. Bolívar, casa 150', 'V-10000051', 'Daniel', 'Coromoto', 'Querales', 'Quintero', DATE '1965-03-23'),
  (52, 411, 'V-10000052-1', 'Calle Sucre, casa 151', 'V-10000052', 'Marta', 'Auxiliadora', 'Fuenmayor', 'Salazar', DATE '1966-04-24'),
  (53, 412, 'V-10000053-2', 'Av. Urdaneta, casa 152', 'V-10000053', 'Francisco', 'del Valle', 'González', 'Montilla', DATE '1967-05-25'),
  (54, 413, 'V-10000054-3', 'Calle Páez, casa 153', 'V-10000054', 'Sofía', 'José', 'Rodríguez', NULL, DATE '1968-06-26'),
  (55, 414, 'V-10000055-4', 'Av. Libertador, casa 154', 'V-10000055', 'Alejandro', 'Beatriz', 'Pérez', NULL, DATE '1969-07-27'),
  (56, 415, 'V-10000056-5', 'Calle Miranda, casa 155', 'V-10000056', 'Cristina', 'Alejandra', 'Hernández', NULL, DATE '1970-08-28'),
  (57, 416, 'V-10000057-6', 'Av. Andrés Bello, casa 156', 'V-10000057', 'Eduardo', 'Eugenia', 'García', NULL, DATE '1971-09-01'),
  (58, 417, 'V-10000058-7', 'Calle Comercio, casa 157', 'V-10000058', 'Adriana', NULL, 'Martínez', 'Goncalves', DATE '1972-10-02'),
  (59, 418, 'V-10000059-8', 'Av. Principal, casa 158', 'V-10000059', 'Jorge', NULL, 'López', 'Da Silva', DATE '1973-11-03'),
  (60, 419, 'V-10000060-9', 'Calle Real, casa 159', 'V-10000060', 'Teresa', NULL, 'Sánchez', 'Pérez', DATE '1974-12-04'),
  (61, 420, 'V-10000061-0', 'Av. Bolívar, casa 160', 'V-10000061', 'José', 'Alberto', 'Ramírez', 'Quintero', DATE '1975-01-05'),
  (62, 421, 'V-10000062-1', 'Calle Sucre, casa 161', 'V-10000062', 'Ana', 'Antonio', 'Torres', 'Salazar', DATE '1976-02-06'),
  (63, 422, 'V-10000063-2', 'Av. Urdaneta, casa 162', 'V-10000063', 'Carlos', 'Enrique', 'Flores', 'Montilla', DATE '1977-03-07'),
  (64, 423, 'V-10000064-3', 'Calle Páez, casa 163', 'V-10000064', 'Rosa', 'Ramón', 'Rivas', NULL, DATE '1978-04-08'),
  (65, 424, 'V-10000065-4', 'Av. Libertador, casa 164', 'V-10000065', 'Miguel', 'Ignacio', 'Gómez', NULL, DATE '1979-05-09'),
  (66, 425, 'V-10000066-5', 'Calle Miranda, casa 165', 'V-10000066', 'Isabel', 'Coromoto', 'Díaz', NULL, DATE '1980-06-10'),
  (67, 426, 'V-10000067-6', 'Av. Andrés Bello, casa 166', 'V-10000067', 'Jesús', 'Auxiliadora', 'Castillo', NULL, DATE '1981-07-11'),
  (68, 427, 'V-10000068-7', 'Calle Comercio, casa 167', 'V-10000068', 'Daniela', 'del Valle', 'Romero', 'Goncalves', DATE '1982-08-12'),
  (69, 428, 'V-10000069-8', 'Av. Principal, casa 168', 'V-10000069', 'Manuel', 'José', 'Suárez', 'Da Silva', DATE '1983-09-13'),
  (70, 429, 'V-10000070-9', 'Calle Real, casa 169', 'V-10000070', 'Patricia', 'Beatriz', 'Mendoza', 'Pérez', DATE '1984-10-14'),
  (71, 430, 'V-10000071-0', 'Av. Bolívar, casa 170', 'V-10000071', 'Daniel', 'Alejandra', 'Guerra', 'Quintero', DATE '1985-11-15'),
  (72, 431, 'V-10000072-1', 'Calle Sucre, casa 171', 'V-10000072', 'Marta', 'Eugenia', 'Blanco', 'Salazar', DATE '1986-12-16'),
  (73, 432, 'V-10000073-2', 'Av. Urdaneta, casa 172', 'V-10000073', 'Francisco', NULL, 'Marcano', 'Montilla', DATE '1987-01-17'),
  (74, 433, 'V-10000074-3', 'Calle Páez, casa 173', 'V-10000074', 'Sofía', NULL, 'D''Andrea', NULL, DATE '1988-02-18'),
  (75, 434, 'V-10000075-4', 'Av. Libertador, casa 174', 'V-10000075', 'Alejandro', NULL, 'Bermúdez', NULL, DATE '1989-03-19'),
  (76, 435, 'V-10000076-5', 'Calle Miranda, casa 175', 'V-10000076', 'Cristina', 'Alberto', 'Contreras', NULL, DATE '1990-04-20'),
  (77, 436, 'V-10000077-6', 'Av. Andrés Bello, casa 176', 'V-10000077', 'Eduardo', 'Antonio', 'Querales', NULL, DATE '1991-05-21'),
  (78, 437, 'V-10000078-7', 'Calle Comercio, casa 177', 'V-10000078', 'Adriana', 'Enrique', 'Fuenmayor', 'Goncalves', DATE '1992-06-22'),
  (79, 438, 'V-10000079-8', 'Av. Principal, casa 178', 'V-10000079', 'Jorge', 'Ramón', 'González', 'Da Silva', DATE '1993-07-23'),
  (80, 439, 'V-10000080-9', 'Calle Real, casa 179', 'V-10000080', 'Teresa', 'Ignacio', 'Rodríguez', 'Pérez', DATE '1994-08-24'),
  (81, 440, 'V-10000081-0', 'Av. Bolívar, casa 180', 'V-10000081', 'José', 'Coromoto', 'Pérez', 'Quintero', DATE '1995-09-25'),
  (82, 441, 'V-10000082-1', 'Calle Sucre, casa 181', 'V-10000082', 'Ana', 'Auxiliadora', 'Hernández', 'Salazar', DATE '1996-10-26'),
  (83, 442, 'V-10000083-2', 'Av. Urdaneta, casa 182', 'V-10000083', 'Carlos', 'del Valle', 'García', 'Montilla', DATE '1997-11-27'),
  (84, 443, 'V-10000084-3', 'Calle Páez, casa 183', 'V-10000084', 'Rosa', 'José', 'Martínez', NULL, DATE '1998-12-28'),
  (85, 444, 'V-10000085-4', 'Av. Libertador, casa 184', 'V-10000085', 'Miguel', 'Beatriz', 'López', NULL, DATE '1999-01-01'),
  (86, 445, 'V-10000086-5', 'Calle Miranda, casa 185', 'V-10000086', 'Isabel', 'Alejandra', 'Sánchez', NULL, DATE '2000-02-02'),
  (87, 446, 'V-10000087-6', 'Av. Andrés Bello, casa 186', 'V-10000087', 'Jesús', 'Eugenia', 'Ramírez', NULL, DATE '2001-03-03'),
  (88, 447, 'V-10000088-7', 'Calle Comercio, casa 187', 'V-10000088', 'Daniela', NULL, 'Torres', 'Goncalves', DATE '2002-04-04'),
  (89, 448, 'V-10000089-8', 'Av. Principal, casa 188', 'V-10000089', 'Manuel', NULL, 'Flores', 'Da Silva', DATE '2003-05-05'),
  (90, 449, 'V-10000090-9', 'Calle Real, casa 189', 'V-10000090', 'Patricia', NULL, 'Rivas', 'Pérez', DATE '2004-06-06'),
  (91, 450, 'V-10000091-0', 'Av. Bolívar, casa 190', 'V-10000091', 'Daniel', 'Alberto', 'Gómez', 'Quintero', DATE '1960-07-07'),
  (92, 451, 'V-10000092-1', 'Calle Sucre, casa 191', 'V-10000092', 'Marta', 'Antonio', 'Díaz', 'Salazar', DATE '1961-08-08'),
  (93, 452, 'V-10000093-2', 'Av. Urdaneta, casa 192', 'V-10000093', 'Francisco', 'Enrique', 'Castillo', 'Montilla', DATE '1962-09-09'),
  (94, 453, 'V-10000094-3', 'Calle Páez, casa 193', 'V-10000094', 'Sofía', 'Ramón', 'Romero', NULL, DATE '1963-10-10'),
  (95, 454, 'V-10000095-4', 'Av. Libertador, casa 194', 'V-10000095', 'Alejandro', 'Ignacio', 'Suárez', NULL, DATE '1964-11-11'),
  (96, 455, 'V-10000096-5', 'Calle Miranda, casa 195', 'V-10000096', 'Cristina', 'Coromoto', 'Mendoza', NULL, DATE '1965-12-12'),
  (97, 456, 'V-10000097-6', 'Av. Andrés Bello, casa 196', 'V-10000097', 'Eduardo', 'Auxiliadora', 'Guerra', NULL, DATE '1966-01-13'),
  (98, 457, 'V-10000098-7', 'Calle Comercio, casa 197', 'V-10000098', 'Adriana', 'del Valle', 'Blanco', 'Goncalves', DATE '1967-02-14'),
  (99, 458, 'V-10000099-8', 'Av. Principal, casa 198', 'V-10000099', 'Jorge', 'José', 'Marcano', 'Da Silva', DATE '1968-03-15'),
  (100, 459, 'V-10000100-9', 'Calle Real, casa 199', 'V-10000100', 'Teresa', 'Beatriz', 'D''Andrea', 'Pérez', DATE '1969-04-16'),
  (101, 460, 'V-10000101-0', 'Av. Bolívar, casa 200', 'V-10000101', 'José', 'Alejandra', 'Bermúdez', 'Quintero', DATE '1970-05-17'),
  (102, 461, 'V-10000102-1', 'Calle Sucre, casa 201', 'V-10000102', 'Ana', 'Eugenia', 'Contreras', 'Salazar', DATE '1971-06-18'),
  (103, 462, 'V-10000103-2', 'Av. Urdaneta, casa 202', 'V-10000103', 'Carlos', NULL, 'Querales', 'Montilla', DATE '1972-07-19'),
  (104, 463, 'V-10000104-3', 'Calle Páez, casa 203', 'V-10000104', 'Rosa', NULL, 'Fuenmayor', NULL, DATE '1973-08-20'),
  (105, 464, 'V-10000105-4', 'Av. Libertador, casa 204', 'V-10000105', 'Miguel', NULL, 'González', NULL, DATE '1974-09-21'),
  (106, 465, 'V-10000106-5', 'Calle Miranda, casa 205', 'V-10000106', 'Isabel', 'Alberto', 'Rodríguez', NULL, DATE '1975-10-22'),
  (107, 466, 'V-10000107-6', 'Av. Andrés Bello, casa 206', 'V-10000107', 'Jesús', 'Antonio', 'Pérez', NULL, DATE '1976-11-23'),
  (108, 467, 'V-10000108-7', 'Calle Comercio, casa 207', 'V-10000108', 'Daniela', 'Enrique', 'Hernández', 'Goncalves', DATE '1977-12-24'),
  (109, 468, 'V-10000109-8', 'Av. Principal, casa 208', 'V-10000109', 'Manuel', 'Ramón', 'García', 'Da Silva', DATE '1978-01-25'),
  (110, 469, 'V-10000110-9', 'Calle Real, casa 209', 'V-10000110', 'Patricia', 'Ignacio', 'Martínez', 'Pérez', DATE '1979-02-26'),
  (111, 470, 'V-10000111-0', 'Av. Bolívar, casa 210', 'V-10000111', 'Daniel', 'Coromoto', 'López', 'Quintero', DATE '1980-03-27'),
  (112, 471, 'V-10000112-1', 'Calle Sucre, casa 211', 'V-10000112', 'Marta', 'Auxiliadora', 'Sánchez', 'Salazar', DATE '1981-04-28'),
  (113, 472, 'V-10000113-2', 'Av. Urdaneta, casa 212', 'V-10000113', 'Francisco', 'del Valle', 'Ramírez', 'Montilla', DATE '1982-05-01'),
  (114, 473, 'V-10000114-3', 'Calle Páez, casa 213', 'V-10000114', 'Sofía', 'José', 'Torres', NULL, DATE '1983-06-02'),
  (115, 474, 'V-10000115-4', 'Av. Libertador, casa 214', 'V-10000115', 'Alejandro', 'Beatriz', 'Flores', NULL, DATE '1984-07-03'),
  (116, 475, 'V-10000116-5', 'Calle Miranda, casa 215', 'V-10000116', 'Cristina', 'Alejandra', 'Rivas', NULL, DATE '1985-08-04'),
  (117, 476, 'V-10000117-6', 'Av. Andrés Bello, casa 216', 'V-10000117', 'Eduardo', 'Eugenia', 'Gómez', NULL, DATE '1986-09-05'),
  (118, 477, 'V-10000118-7', 'Calle Comercio, casa 217', 'V-10000118', 'Adriana', NULL, 'Díaz', 'Goncalves', DATE '1987-10-06'),
  (119, 478, 'V-10000119-8', 'Av. Principal, casa 218', 'V-10000119', 'Jorge', NULL, 'Castillo', 'Da Silva', DATE '1988-11-07'),
  (120, 479, 'V-10000120-9', 'Calle Real, casa 219', 'V-10000120', 'Teresa', NULL, 'Romero', 'Pérez', DATE '1989-12-08'),
  (121, 480, 'V-10000121-0', 'Av. Bolívar, casa 220', 'V-10000121', 'José', 'Alberto', 'Suárez', 'Quintero', DATE '1990-01-09'),
  (122, 481, 'V-10000122-1', 'Calle Sucre, casa 221', 'V-10000122', 'Ana', 'Antonio', 'Mendoza', 'Salazar', DATE '1991-02-10'),
  (123, 482, 'V-10000123-2', 'Av. Urdaneta, casa 222', 'V-10000123', 'Carlos', 'Enrique', 'Guerra', 'Montilla', DATE '1992-03-11'),
  (124, 483, 'V-10000124-3', 'Calle Páez, casa 223', 'V-10000124', 'Rosa', 'Ramón', 'Blanco', NULL, DATE '1993-04-12'),
  (125, 484, 'V-10000125-4', 'Av. Libertador, casa 224', 'V-10000125', 'Miguel', 'Ignacio', 'Marcano', NULL, DATE '1994-05-13'),
  (126, 485, 'V-10000126-5', 'Calle Miranda, casa 225', 'V-10000126', 'Isabel', 'Coromoto', 'D''Andrea', NULL, DATE '1995-06-14'),
  (127, 486, 'V-10000127-6', 'Av. Andrés Bello, casa 226', 'V-10000127', 'Jesús', 'Auxiliadora', 'Bermúdez', NULL, DATE '1996-07-15'),
  (128, 487, 'V-10000128-7', 'Calle Comercio, casa 227', 'V-10000128', 'Daniela', 'del Valle', 'Contreras', 'Goncalves', DATE '1997-08-16'),
  (129, 488, 'V-10000129-8', 'Av. Principal, casa 228', 'V-10000129', 'Manuel', 'José', 'Querales', 'Da Silva', DATE '1998-09-17'),
  (130, 489, 'V-10000130-9', 'Calle Real, casa 229', 'V-10000130', 'Patricia', 'Beatriz', 'Fuenmayor', 'Pérez', DATE '1999-10-18'),
  (131, 490, 'V-10000131-0', 'Av. Bolívar, casa 230', 'V-10000131', 'Daniel', 'Alejandra', 'González', 'Quintero', DATE '2000-11-19'),
  (132, 491, 'V-10000132-1', 'Calle Sucre, casa 231', 'V-10000132', 'Marta', 'Eugenia', 'Rodríguez', 'Salazar', DATE '2001-12-20'),
  (133, 492, 'V-10000133-2', 'Av. Urdaneta, casa 232', 'V-10000133', 'Francisco', NULL, 'Pérez', 'Montilla', DATE '2002-01-21'),
  (134, 493, 'V-10000134-3', 'Calle Páez, casa 233', 'V-10000134', 'Sofía', NULL, 'Hernández', NULL, DATE '2003-02-22'),
  (135, 494, 'V-10000135-4', 'Av. Libertador, casa 234', 'V-10000135', 'Alejandro', NULL, 'García', NULL, DATE '2004-03-23'),
  (136, 495, 'V-10000136-5', 'Calle Miranda, casa 235', 'V-10000136', 'Cristina', 'Alberto', 'Martínez', NULL, DATE '1960-04-24'),
  (137, 496, 'V-10000137-6', 'Av. Andrés Bello, casa 236', 'V-10000137', 'Eduardo', 'Antonio', 'López', NULL, DATE '1961-05-25'),
  (138, 497, 'V-10000138-7', 'Calle Comercio, casa 237', 'V-10000138', 'Adriana', 'Enrique', 'Sánchez', 'Goncalves', DATE '1962-06-26'),
  (139, 498, 'V-10000139-8', 'Av. Principal, casa 238', 'V-10000139', 'Jorge', 'Ramón', 'Ramírez', 'Da Silva', DATE '1963-07-27'),
  (140, 499, 'V-10000140-9', 'Calle Real, casa 239', 'V-10000140', 'Teresa', 'Ignacio', 'Torres', 'Pérez', DATE '1964-08-28'),
  (141, 500, 'V-10000141-0', 'Av. Bolívar, casa 240', 'V-10000141', 'José', 'Coromoto', 'Flores', 'Quintero', DATE '1965-09-01'),
  (142, 501, 'V-10000142-1', 'Calle Sucre, casa 241', 'V-10000142', 'Ana', 'Auxiliadora', 'Rivas', 'Salazar', DATE '1966-10-02'),
  (143, 502, 'V-10000143-2', 'Av. Urdaneta, casa 242', 'V-10000143', 'Carlos', 'del Valle', 'Gómez', 'Montilla', DATE '1967-11-03'),
  (144, 503, 'V-10000144-3', 'Calle Páez, casa 243', 'V-10000144', 'Rosa', 'José', 'Díaz', NULL, DATE '1968-12-04'),
  (145, 504, 'V-10000145-4', 'Av. Libertador, casa 244', 'V-10000145', 'Miguel', 'Beatriz', 'Castillo', NULL, DATE '1969-01-05'),
  (146, 505, 'V-10000146-5', 'Calle Miranda, casa 245', 'V-10000146', 'Isabel', 'Alejandra', 'Romero', NULL, DATE '1970-02-06'),
  (147, 506, 'V-10000147-6', 'Av. Andrés Bello, casa 246', 'V-10000147', 'Jesús', 'Eugenia', 'Suárez', NULL, DATE '1971-03-07'),
  (148, 507, 'V-10000148-7', 'Calle Comercio, casa 247', 'V-10000148', 'Daniela', NULL, 'Mendoza', 'Goncalves', DATE '1972-04-08'),
  (149, 508, 'V-10000149-8', 'Av. Principal, casa 248', 'V-10000149', 'Manuel', NULL, 'Guerra', 'Da Silva', DATE '1973-05-09'),
  (150, 509, 'V-10000150-9', 'Calle Real, casa 249', 'V-10000150', 'Patricia', NULL, 'Blanco', 'Pérez', DATE '1974-06-10'),
  (151, 510, 'V-10000151-0', 'Av. Bolívar, casa 250', 'V-10000151', 'Daniel', 'Alberto', 'Marcano', 'Quintero', DATE '1975-07-11'),
  (152, 511, 'V-10000152-1', 'Calle Sucre, casa 251', 'V-10000152', 'Marta', 'Antonio', 'D''Andrea', 'Salazar', DATE '1976-08-12'),
  (153, 512, 'V-10000153-2', 'Av. Urdaneta, casa 252', 'V-10000153', 'Francisco', 'Enrique', 'Bermúdez', 'Montilla', DATE '1977-09-13'),
  (154, 513, 'V-10000154-3', 'Calle Páez, casa 253', 'V-10000154', 'Sofía', 'Ramón', 'Contreras', NULL, DATE '1978-10-14'),
  (155, 514, 'V-10000155-4', 'Av. Libertador, casa 254', 'V-10000155', 'Alejandro', 'Ignacio', 'Querales', NULL, DATE '1979-11-15'),
  (156, 515, 'V-10000156-5', 'Calle Miranda, casa 255', 'V-10000156', 'Cristina', 'Coromoto', 'Fuenmayor', NULL, DATE '1980-12-16'),
  (157, 516, 'V-10000157-6', 'Av. Andrés Bello, casa 256', 'V-10000157', 'Eduardo', 'Auxiliadora', 'González', NULL, DATE '1981-01-17'),
  (158, 517, 'V-10000158-7', 'Calle Comercio, casa 257', 'V-10000158', 'Adriana', 'del Valle', 'Rodríguez', 'Goncalves', DATE '1982-02-18'),
  (159, 518, 'V-10000159-8', 'Av. Principal, casa 258', 'V-10000159', 'Jorge', 'José', 'Pérez', 'Da Silva', DATE '1983-03-19'),
  (160, 519, 'V-10000160-9', 'Calle Real, casa 259', 'V-10000160', 'Teresa', 'Beatriz', 'Hernández', 'Pérez', DATE '1984-04-20'),
  (161, 520, 'V-10000161-0', 'Av. Bolívar, casa 260', 'V-10000161', 'José', 'Alejandra', 'García', 'Quintero', DATE '1985-05-21'),
  (162, 521, 'V-10000162-1', 'Calle Sucre, casa 261', 'V-10000162', 'Ana', 'Eugenia', 'Martínez', 'Salazar', DATE '1986-06-22'),
  (163, 522, 'V-10000163-2', 'Av. Urdaneta, casa 262', 'V-10000163', 'Carlos', NULL, 'López', 'Montilla', DATE '1987-07-23'),
  (164, 523, 'V-10000164-3', 'Calle Páez, casa 263', 'V-10000164', 'Rosa', NULL, 'Sánchez', NULL, DATE '1988-08-24'),
  (165, 524, 'V-10000165-4', 'Av. Libertador, casa 264', 'V-10000165', 'Miguel', NULL, 'Ramírez', NULL, DATE '1989-09-25'),
  (166, 525, 'V-10000166-5', 'Calle Miranda, casa 265', 'V-10000166', 'Isabel', 'Alberto', 'Torres', NULL, DATE '1990-10-26'),
  (167, 526, 'V-10000167-6', 'Av. Andrés Bello, casa 266', 'V-10000167', 'Jesús', 'Antonio', 'Flores', NULL, DATE '1991-11-27'),
  (168, 527, 'V-10000168-7', 'Calle Comercio, casa 267', 'V-10000168', 'Daniela', 'Enrique', 'Rivas', 'Goncalves', DATE '1992-12-28'),
  (169, 528, 'V-10000169-8', 'Av. Principal, casa 268', 'V-10000169', 'Manuel', 'Ramón', 'Gómez', 'Da Silva', DATE '1993-01-01'),
  (170, 529, 'V-10000170-9', 'Calle Real, casa 269', 'V-10000170', 'Patricia', 'Ignacio', 'Díaz', 'Pérez', DATE '1994-02-02'),
  (171, 530, 'V-10000171-0', 'Av. Bolívar, casa 270', 'V-10000171', 'Daniel', 'Coromoto', 'Castillo', 'Quintero', DATE '1995-03-03'),
  (172, 531, 'V-10000172-1', 'Calle Sucre, casa 271', 'V-10000172', 'Marta', 'Auxiliadora', 'Romero', 'Salazar', DATE '1996-04-04'),
  (173, 532, 'V-10000173-2', 'Av. Urdaneta, casa 272', 'V-10000173', 'Francisco', 'del Valle', 'Suárez', 'Montilla', DATE '1997-05-05'),
  (174, 533, 'V-10000174-3', 'Calle Páez, casa 273', 'V-10000174', 'Sofía', 'José', 'Mendoza', NULL, DATE '1998-06-06'),
  (175, 534, 'V-10000175-4', 'Av. Libertador, casa 274', 'V-10000175', 'Alejandro', 'Beatriz', 'Guerra', NULL, DATE '1999-07-07'),
  (176, 535, 'V-10000176-5', 'Calle Miranda, casa 275', 'V-10000176', 'Cristina', 'Alejandra', 'Blanco', NULL, DATE '2000-08-08'),
  (177, 536, 'V-10000177-6', 'Av. Andrés Bello, casa 276', 'V-10000177', 'Eduardo', 'Eugenia', 'Marcano', NULL, DATE '2001-09-09'),
  (178, 537, 'V-10000178-7', 'Calle Comercio, casa 277', 'V-10000178', 'Adriana', NULL, 'D''Andrea', 'Goncalves', DATE '2002-10-10'),
  (179, 538, 'V-10000179-8', 'Av. Principal, casa 278', 'V-10000179', 'Jorge', NULL, 'Bermúdez', 'Da Silva', DATE '2003-11-11'),
  (180, 539, 'V-10000180-9', 'Calle Real, casa 279', 'V-10000180', 'Teresa', NULL, 'Contreras', 'Pérez', DATE '2004-12-12'),
  (181, 540, 'V-10000181-0', 'Av. Bolívar, casa 280', 'V-10000181', 'José', 'Alberto', 'Querales', 'Quintero', DATE '1960-01-13'),
  (182, 541, 'V-10000182-1', 'Calle Sucre, casa 281', 'V-10000182', 'Ana', 'Antonio', 'Fuenmayor', 'Salazar', DATE '1961-02-14'),
  (183, 542, 'V-10000183-2', 'Av. Urdaneta, casa 282', 'V-10000183', 'Carlos', 'Enrique', 'González', 'Montilla', DATE '1962-03-15'),
  (184, 543, 'V-10000184-3', 'Calle Páez, casa 283', 'V-10000184', 'Rosa', 'Ramón', 'Rodríguez', NULL, DATE '1963-04-16'),
  (185, 544, 'V-10000185-4', 'Av. Libertador, casa 284', 'V-10000185', 'Miguel', 'Ignacio', 'Pérez', NULL, DATE '1964-05-17'),
  (186, 545, 'V-10000186-5', 'Calle Miranda, casa 285', 'V-10000186', 'Isabel', 'Coromoto', 'Hernández', NULL, DATE '1965-06-18'),
  (187, 546, 'V-10000187-6', 'Av. Andrés Bello, casa 286', 'V-10000187', 'Jesús', 'Auxiliadora', 'García', NULL, DATE '1966-07-19'),
  (188, 547, 'V-10000188-7', 'Calle Comercio, casa 287', 'V-10000188', 'Daniela', 'del Valle', 'Martínez', 'Goncalves', DATE '1967-08-20'),
  (189, 548, 'V-10000189-8', 'Av. Principal, casa 288', 'V-10000189', 'Manuel', 'José', 'López', 'Da Silva', DATE '1968-09-21'),
  (190, 549, 'V-10000190-9', 'Calle Real, casa 289', 'V-10000190', 'Patricia', 'Beatriz', 'Sánchez', 'Pérez', DATE '1969-10-22'),
  (191, 550, 'V-10000191-0', 'Av. Bolívar, casa 290', 'V-10000191', 'Daniel', 'Alejandra', 'Ramírez', 'Quintero', DATE '1970-11-23'),
  (192, 551, 'V-10000192-1', 'Calle Sucre, casa 291', 'V-10000192', 'Marta', 'Eugenia', 'Torres', 'Salazar', DATE '1971-12-24'),
  (193, 552, 'V-10000193-2', 'Av. Urdaneta, casa 292', 'V-10000193', 'Francisco', NULL, 'Flores', 'Montilla', DATE '1972-01-25'),
  (194, 553, 'V-10000194-3', 'Calle Páez, casa 293', 'V-10000194', 'Sofía', NULL, 'Rivas', NULL, DATE '1973-02-26'),
  (195, 554, 'V-10000195-4', 'Av. Libertador, casa 294', 'V-10000195', 'Alejandro', NULL, 'Gómez', NULL, DATE '1974-03-27'),
  (196, 555, 'V-10000196-5', 'Calle Miranda, casa 295', 'V-10000196', 'Cristina', 'Alberto', 'Díaz', NULL, DATE '1975-04-28'),
  (197, 556, 'V-10000197-6', 'Av. Andrés Bello, casa 296', 'V-10000197', 'Eduardo', 'Antonio', 'Castillo', NULL, DATE '1976-05-01'),
  (198, 557, 'V-10000198-7', 'Calle Comercio, casa 297', 'V-10000198', 'Adriana', 'Enrique', 'Romero', 'Goncalves', DATE '1977-06-02'),
  (199, 558, 'V-10000199-8', 'Av. Principal, casa 298', 'V-10000199', 'Jorge', 'Ramón', 'Suárez', 'Da Silva', DATE '1978-07-03'),
  (200, 559, 'V-10000200-9', 'Calle Real, casa 299', 'V-10000200', 'Teresa', 'Ignacio', 'Mendoza', 'Pérez', DATE '1979-08-04');

INSERT INTO PERSONA_JURIDICA
  (ID_PERSONA_JURIDICA, ID_LINEA_CREDITO, ID_LUGAR, LUG_ID_LUGAR, RIF_PERSONA_JURIDICA,
   DIR_FISCAL_PERSONA_JURIDICA, RAZON_SOCIAL_PERSONA_JURIDICA,
   DIR_FISICA_PERSONA_JURIDICA, DENOM_COMERCIAL_PERJUR)
VALUES
  (1, NULL, 360, 367, 'J-20000001-0', 'Av. Bolívar, Torre Empresarial, piso 1, oficina 1', 'Inversiones Andina C.A.', 'Av. Libertador, Galpón 1, Zona Industrial', 'MattelMax Bolivariana'),
  (2, NULL, 361, 368, 'J-20000002-1', 'Calle Sucre, Torre Empresarial, piso 2, oficina 2', 'Corporación del Caribe S.A.', 'Calle Miranda, Galpón 2, Zona Industrial', 'ToyVen Capital'),
  (3, NULL, 362, 369, 'J-20000003-2', 'Av. Urdaneta, Torre Empresarial, piso 3, oficina 3', 'Distribuidora Bolivariana S.R.L.', 'Av. Andrés Bello, Galpón 3, Zona Industrial', 'JuguetesYA Continental'),
  (4, NULL, 363, 370, 'J-20000004-3', 'Calle Páez, Torre Empresarial, piso 4, oficina 4', 'Comercializadora Capital C.A.', 'Calle Comercio, Galpón 4, Zona Industrial', 'PlayCenter Venezolana'),
  (5, NULL, 364, 371, 'J-20000005-4', 'Av. Libertador, Torre Empresarial, piso 5, oficina 5', 'Importadora Continental S.A.', 'Av. Principal, Galpón 5, Zona Industrial', 'KidsZone Atlántica'),
  (6, NULL, 365, 372, 'J-20000006-5', 'Calle Miranda, Torre Empresarial, piso 6, oficina 6', 'Industrias Venezolana C.A.', 'Calle Real, Galpón 6, Zona Industrial', 'FunBox del Centro'),
  (7, NULL, 366, 373, 'J-20000007-6', 'Av. Andrés Bello, Torre Empresarial, piso 7, oficina 7', 'Servicios Atlántica S.A.', 'Av. Bolívar, Galpón 7, Zona Industrial', 'LudoMarket Global'),
  (8, NULL, 367, 374, 'J-20000008-7', 'Calle Comercio, Torre Empresarial, piso 8, oficina 8', 'Grupo del Centro S.R.L.', 'Calle Sucre, Galpón 8, Zona Industrial', 'MegaToys Pacífico'),
  (9, NULL, 368, 375, 'J-20000009-8', 'Av. Principal, Torre Empresarial, piso 9, oficina 9', 'Constructora Global C.A.', 'Av. Urdaneta, Galpón 9, Zona Industrial', 'HappyKids Real'),
  (10, NULL, 369, 376, 'J-20000010-9', 'Calle Real, Torre Empresarial, piso 10, oficina 10', 'Tecnología Pacífico S.A.', 'Calle Páez, Galpón 10, Zona Industrial', 'StarToys Premium'),
  (11, NULL, 370, 377, 'J-20000011-0', 'Av. Bolívar, Torre Empresarial, piso 11, oficina 11', 'Inversiones Real C.A.', 'Av. Libertador, Galpón 11, Zona Industrial', 'MattelMax Unión'),
  (12, NULL, 371, 378, 'J-20000012-1', 'Calle Sucre, Torre Empresarial, piso 12, oficina 12', 'Corporación Premium S.A.', 'Calle Miranda, Galpón 12, Zona Industrial', 'ToyVen Delta'),
  (13, NULL, 372, 379, 'J-20000013-2', 'Av. Urdaneta, Torre Empresarial, piso 13, oficina 13', 'Distribuidora Unión S.R.L.', 'Av. Andrés Bello, Galpón 13, Zona Industrial', 'JuguetesYA Orion'),
  (14, NULL, 373, 380, 'J-20000014-3', 'Calle Páez, Torre Empresarial, piso 14, oficina 14', 'Comercializadora Delta C.A.', 'Calle Comercio, Galpón 14, Zona Industrial', 'PlayCenter Andina'),
  (15, NULL, 374, 381, 'J-20000015-4', 'Av. Libertador, Torre Empresarial, piso 15, oficina 15', 'Importadora Orion S.A.', 'Av. Principal, Galpón 15, Zona Industrial', 'KidsZone del Caribe'),
  (16, NULL, 375, 382, 'J-20000016-5', 'Calle Miranda, Torre Empresarial, piso 16, oficina 16', 'Industrias Andina C.A.', 'Calle Real, Galpón 16, Zona Industrial', 'FunBox Bolivariana'),
  (17, NULL, 376, 383, 'J-20000017-6', 'Av. Andrés Bello, Torre Empresarial, piso 17, oficina 17', 'Servicios del Caribe S.A.', 'Av. Bolívar, Galpón 17, Zona Industrial', 'LudoMarket Capital'),
  (18, NULL, 377, 384, 'J-20000018-7', 'Calle Comercio, Torre Empresarial, piso 18, oficina 18', 'Grupo Bolivariana S.R.L.', 'Calle Sucre, Galpón 18, Zona Industrial', 'MegaToys Continental'),
  (19, NULL, 378, 385, 'J-20000019-8', 'Av. Principal, Torre Empresarial, piso 19, oficina 19', 'Constructora Capital C.A.', 'Av. Urdaneta, Galpón 19, Zona Industrial', 'HappyKids Venezolana'),
  (20, NULL, 379, 386, 'J-20000020-9', 'Calle Real, Torre Empresarial, piso 20, oficina 20', 'Tecnología Continental S.A.', 'Calle Páez, Galpón 20, Zona Industrial', 'StarToys Atlántica'),
  (21, NULL, 380, 387, 'J-20000021-0', 'Av. Bolívar, Torre Empresarial, piso 1, oficina 21', 'Inversiones Venezolana C.A.', 'Av. Libertador, Galpón 21, Zona Industrial', 'MattelMax del Centro'),
  (22, NULL, 381, 388, 'J-20000022-1', 'Calle Sucre, Torre Empresarial, piso 2, oficina 22', 'Corporación Atlántica S.A.', 'Calle Miranda, Galpón 22, Zona Industrial', 'ToyVen Global'),
  (23, NULL, 382, 389, 'J-20000023-2', 'Av. Urdaneta, Torre Empresarial, piso 3, oficina 23', 'Distribuidora del Centro S.R.L.', 'Av. Andrés Bello, Galpón 23, Zona Industrial', 'JuguetesYA Pacífico'),
  (24, NULL, 383, 390, 'J-20000024-3', 'Calle Páez, Torre Empresarial, piso 4, oficina 24', 'Comercializadora Global C.A.', 'Calle Comercio, Galpón 24, Zona Industrial', 'PlayCenter Real'),
  (25, NULL, 384, 391, 'J-20000025-4', 'Av. Libertador, Torre Empresarial, piso 5, oficina 25', 'Importadora Pacífico S.A.', 'Av. Principal, Galpón 25, Zona Industrial', 'KidsZone Premium'),
  (26, NULL, 385, 392, 'J-20000026-5', 'Calle Miranda, Torre Empresarial, piso 6, oficina 26', 'Industrias Real C.A.', 'Calle Real, Galpón 26, Zona Industrial', 'FunBox Unión'),
  (27, NULL, 386, 393, 'J-20000027-6', 'Av. Andrés Bello, Torre Empresarial, piso 7, oficina 27', 'Servicios Premium S.A.', 'Av. Bolívar, Galpón 27, Zona Industrial', 'LudoMarket Delta'),
  (28, NULL, 387, 394, 'J-20000028-7', 'Calle Comercio, Torre Empresarial, piso 8, oficina 28', 'Grupo Unión S.R.L.', 'Calle Sucre, Galpón 28, Zona Industrial', 'MegaToys Orion'),
  (29, NULL, 388, 395, 'J-20000029-8', 'Av. Principal, Torre Empresarial, piso 9, oficina 29', 'Constructora Delta C.A.', 'Av. Urdaneta, Galpón 29, Zona Industrial', 'HappyKids Andina'),
  (30, NULL, 389, 396, 'J-20000030-9', 'Calle Real, Torre Empresarial, piso 10, oficina 30', 'Tecnología Orion S.A.', 'Calle Páez, Galpón 30, Zona Industrial', 'StarToys del Caribe'),
  (31, NULL, 390, 397, 'J-20000031-0', 'Av. Bolívar, Torre Empresarial, piso 11, oficina 31', 'Inversiones Andina C.A.', 'Av. Libertador, Galpón 31, Zona Industrial', 'MattelMax Bolivariana'),
  (32, NULL, 391, 398, 'J-20000032-1', 'Calle Sucre, Torre Empresarial, piso 12, oficina 32', 'Corporación del Caribe S.A.', 'Calle Miranda, Galpón 32, Zona Industrial', 'ToyVen Capital'),
  (33, NULL, 392, 399, 'J-20000033-2', 'Av. Urdaneta, Torre Empresarial, piso 13, oficina 33', 'Distribuidora Bolivariana S.R.L.', 'Av. Andrés Bello, Galpón 33, Zona Industrial', 'JuguetesYA Continental'),
  (34, NULL, 393, 400, 'J-20000034-3', 'Calle Páez, Torre Empresarial, piso 14, oficina 34', 'Comercializadora Capital C.A.', 'Calle Comercio, Galpón 34, Zona Industrial', 'PlayCenter Venezolana'),
  (35, NULL, 394, 401, 'J-20000035-4', 'Av. Libertador, Torre Empresarial, piso 15, oficina 35', 'Importadora Continental S.A.', 'Av. Principal, Galpón 35, Zona Industrial', 'KidsZone Atlántica'),
  (36, NULL, 395, 402, 'J-20000036-5', 'Calle Miranda, Torre Empresarial, piso 16, oficina 36', 'Industrias Venezolana C.A.', 'Calle Real, Galpón 36, Zona Industrial', 'FunBox del Centro'),
  (37, NULL, 396, 403, 'J-20000037-6', 'Av. Andrés Bello, Torre Empresarial, piso 17, oficina 37', 'Servicios Atlántica S.A.', 'Av. Bolívar, Galpón 37, Zona Industrial', 'LudoMarket Global'),
  (38, NULL, 397, 404, 'J-20000038-7', 'Calle Comercio, Torre Empresarial, piso 18, oficina 38', 'Grupo del Centro S.R.L.', 'Calle Sucre, Galpón 38, Zona Industrial', 'MegaToys Pacífico'),
  (39, NULL, 398, 405, 'J-20000039-8', 'Av. Principal, Torre Empresarial, piso 19, oficina 39', 'Constructora Global C.A.', 'Av. Urdaneta, Galpón 39, Zona Industrial', 'HappyKids Real'),
  (40, NULL, 399, 406, 'J-20000040-9', 'Calle Real, Torre Empresarial, piso 20, oficina 40', 'Tecnología Pacífico S.A.', 'Calle Páez, Galpón 40, Zona Industrial', 'StarToys Premium'),
  (41, NULL, 400, 407, 'J-20000041-0', 'Av. Bolívar, Torre Empresarial, piso 1, oficina 41', 'Inversiones Real C.A.', 'Av. Libertador, Galpón 41, Zona Industrial', 'MattelMax Unión'),
  (42, NULL, 401, 408, 'J-20000042-1', 'Calle Sucre, Torre Empresarial, piso 2, oficina 42', 'Corporación Premium S.A.', 'Calle Miranda, Galpón 42, Zona Industrial', 'ToyVen Delta'),
  (43, NULL, 402, 409, 'J-20000043-2', 'Av. Urdaneta, Torre Empresarial, piso 3, oficina 43', 'Distribuidora Unión S.R.L.', 'Av. Andrés Bello, Galpón 43, Zona Industrial', 'JuguetesYA Orion'),
  (44, NULL, 403, 410, 'J-20000044-3', 'Calle Páez, Torre Empresarial, piso 4, oficina 44', 'Comercializadora Delta C.A.', 'Calle Comercio, Galpón 44, Zona Industrial', 'PlayCenter Andina'),
  (45, NULL, 404, 411, 'J-20000045-4', 'Av. Libertador, Torre Empresarial, piso 5, oficina 45', 'Importadora Orion S.A.', 'Av. Principal, Galpón 45, Zona Industrial', 'KidsZone del Caribe'),
  (46, NULL, 405, 412, 'J-20000046-5', 'Calle Miranda, Torre Empresarial, piso 6, oficina 46', 'Industrias Andina C.A.', 'Calle Real, Galpón 46, Zona Industrial', 'FunBox Bolivariana'),
  (47, NULL, 406, 413, 'J-20000047-6', 'Av. Andrés Bello, Torre Empresarial, piso 7, oficina 47', 'Servicios del Caribe S.A.', 'Av. Bolívar, Galpón 47, Zona Industrial', 'LudoMarket Capital'),
  (48, NULL, 407, 414, 'J-20000048-7', 'Calle Comercio, Torre Empresarial, piso 8, oficina 48', 'Grupo Bolivariana S.R.L.', 'Calle Sucre, Galpón 48, Zona Industrial', 'MegaToys Continental'),
  (49, NULL, 408, 415, 'J-20000049-8', 'Av. Principal, Torre Empresarial, piso 9, oficina 49', 'Constructora Capital C.A.', 'Av. Urdaneta, Galpón 49, Zona Industrial', 'HappyKids Venezolana'),
  (50, NULL, 409, 416, 'J-20000050-9', 'Calle Real, Torre Empresarial, piso 10, oficina 50', 'Tecnología Continental S.A.', 'Calle Páez, Galpón 50, Zona Industrial', 'StarToys Atlántica'),
  (51, NULL, 410, 417, 'J-20000051-0', 'Av. Bolívar, Torre Empresarial, piso 11, oficina 51', 'Inversiones Venezolana C.A.', 'Av. Libertador, Galpón 51, Zona Industrial', 'MattelMax del Centro'),
  (52, NULL, 411, 418, 'J-20000052-1', 'Calle Sucre, Torre Empresarial, piso 12, oficina 52', 'Corporación Atlántica S.A.', 'Calle Miranda, Galpón 52, Zona Industrial', 'ToyVen Global'),
  (53, NULL, 412, 419, 'J-20000053-2', 'Av. Urdaneta, Torre Empresarial, piso 13, oficina 53', 'Distribuidora del Centro S.R.L.', 'Av. Andrés Bello, Galpón 53, Zona Industrial', 'JuguetesYA Pacífico'),
  (54, NULL, 413, 420, 'J-20000054-3', 'Calle Páez, Torre Empresarial, piso 14, oficina 54', 'Comercializadora Global C.A.', 'Calle Comercio, Galpón 54, Zona Industrial', 'PlayCenter Real'),
  (55, NULL, 414, 421, 'J-20000055-4', 'Av. Libertador, Torre Empresarial, piso 15, oficina 55', 'Importadora Pacífico S.A.', 'Av. Principal, Galpón 55, Zona Industrial', 'KidsZone Premium'),
  (56, NULL, 415, 422, 'J-20000056-5', 'Calle Miranda, Torre Empresarial, piso 16, oficina 56', 'Industrias Real C.A.', 'Calle Real, Galpón 56, Zona Industrial', 'FunBox Unión'),
  (57, NULL, 416, 423, 'J-20000057-6', 'Av. Andrés Bello, Torre Empresarial, piso 17, oficina 57', 'Servicios Premium S.A.', 'Av. Bolívar, Galpón 57, Zona Industrial', 'LudoMarket Delta'),
  (58, NULL, 417, 424, 'J-20000058-7', 'Calle Comercio, Torre Empresarial, piso 18, oficina 58', 'Grupo Unión S.R.L.', 'Calle Sucre, Galpón 58, Zona Industrial', 'MegaToys Orion'),
  (59, NULL, 418, 425, 'J-20000059-8', 'Av. Principal, Torre Empresarial, piso 19, oficina 59', 'Constructora Delta C.A.', 'Av. Urdaneta, Galpón 59, Zona Industrial', 'HappyKids Andina'),
  (60, NULL, 419, 426, 'J-20000060-9', 'Calle Real, Torre Empresarial, piso 20, oficina 60', 'Tecnología Orion S.A.', 'Calle Páez, Galpón 60, Zona Industrial', 'StarToys del Caribe'),
  (61, NULL, 420, 427, 'J-20000061-0', 'Av. Bolívar, Torre Empresarial, piso 1, oficina 61', 'Inversiones Andina C.A.', 'Av. Libertador, Galpón 61, Zona Industrial', 'MattelMax Bolivariana'),
  (62, NULL, 421, 428, 'J-20000062-1', 'Calle Sucre, Torre Empresarial, piso 2, oficina 62', 'Corporación del Caribe S.A.', 'Calle Miranda, Galpón 62, Zona Industrial', 'ToyVen Capital'),
  (63, NULL, 422, 429, 'J-20000063-2', 'Av. Urdaneta, Torre Empresarial, piso 3, oficina 63', 'Distribuidora Bolivariana S.R.L.', 'Av. Andrés Bello, Galpón 63, Zona Industrial', 'JuguetesYA Continental'),
  (64, NULL, 423, 430, 'J-20000064-3', 'Calle Páez, Torre Empresarial, piso 4, oficina 64', 'Comercializadora Capital C.A.', 'Calle Comercio, Galpón 64, Zona Industrial', 'PlayCenter Venezolana'),
  (65, NULL, 424, 431, 'J-20000065-4', 'Av. Libertador, Torre Empresarial, piso 5, oficina 65', 'Importadora Continental S.A.', 'Av. Principal, Galpón 65, Zona Industrial', 'KidsZone Atlántica'),
  (66, NULL, 425, 432, 'J-20000066-5', 'Calle Miranda, Torre Empresarial, piso 6, oficina 66', 'Industrias Venezolana C.A.', 'Calle Real, Galpón 66, Zona Industrial', 'FunBox del Centro'),
  (67, NULL, 426, 433, 'J-20000067-6', 'Av. Andrés Bello, Torre Empresarial, piso 7, oficina 67', 'Servicios Atlántica S.A.', 'Av. Bolívar, Galpón 67, Zona Industrial', 'LudoMarket Global'),
  (68, NULL, 427, 434, 'J-20000068-7', 'Calle Comercio, Torre Empresarial, piso 8, oficina 68', 'Grupo del Centro S.R.L.', 'Calle Sucre, Galpón 68, Zona Industrial', 'MegaToys Pacífico'),
  (69, NULL, 428, 435, 'J-20000069-8', 'Av. Principal, Torre Empresarial, piso 9, oficina 69', 'Constructora Global C.A.', 'Av. Urdaneta, Galpón 69, Zona Industrial', 'HappyKids Real'),
  (70, NULL, 429, 436, 'J-20000070-9', 'Calle Real, Torre Empresarial, piso 10, oficina 70', 'Tecnología Pacífico S.A.', 'Calle Páez, Galpón 70, Zona Industrial', 'StarToys Premium'),
  (71, NULL, 430, 437, 'J-20000071-0', 'Av. Bolívar, Torre Empresarial, piso 11, oficina 71', 'Inversiones Real C.A.', 'Av. Libertador, Galpón 71, Zona Industrial', 'MattelMax Unión'),
  (72, NULL, 431, 438, 'J-20000072-1', 'Calle Sucre, Torre Empresarial, piso 12, oficina 72', 'Corporación Premium S.A.', 'Calle Miranda, Galpón 72, Zona Industrial', 'ToyVen Delta'),
  (73, NULL, 432, 439, 'J-20000073-2', 'Av. Urdaneta, Torre Empresarial, piso 13, oficina 73', 'Distribuidora Unión S.R.L.', 'Av. Andrés Bello, Galpón 73, Zona Industrial', 'JuguetesYA Orion'),
  (74, NULL, 433, 440, 'J-20000074-3', 'Calle Páez, Torre Empresarial, piso 14, oficina 74', 'Comercializadora Delta C.A.', 'Calle Comercio, Galpón 74, Zona Industrial', 'PlayCenter Andina'),
  (75, NULL, 434, 441, 'J-20000075-4', 'Av. Libertador, Torre Empresarial, piso 15, oficina 75', 'Importadora Orion S.A.', 'Av. Principal, Galpón 75, Zona Industrial', 'KidsZone del Caribe'),
  (76, NULL, 435, 442, 'J-20000076-5', 'Calle Miranda, Torre Empresarial, piso 16, oficina 76', 'Industrias Andina C.A.', 'Calle Real, Galpón 76, Zona Industrial', 'FunBox Bolivariana'),
  (77, NULL, 436, 443, 'J-20000077-6', 'Av. Andrés Bello, Torre Empresarial, piso 17, oficina 77', 'Servicios del Caribe S.A.', 'Av. Bolívar, Galpón 77, Zona Industrial', 'LudoMarket Capital'),
  (78, NULL, 437, 444, 'J-20000078-7', 'Calle Comercio, Torre Empresarial, piso 18, oficina 78', 'Grupo Bolivariana S.R.L.', 'Calle Sucre, Galpón 78, Zona Industrial', 'MegaToys Continental'),
  (79, NULL, 438, 445, 'J-20000079-8', 'Av. Principal, Torre Empresarial, piso 19, oficina 79', 'Constructora Capital C.A.', 'Av. Urdaneta, Galpón 79, Zona Industrial', 'HappyKids Venezolana'),
  (80, NULL, 439, 446, 'J-20000080-9', 'Calle Real, Torre Empresarial, piso 20, oficina 80', 'Tecnología Continental S.A.', 'Calle Páez, Galpón 80, Zona Industrial', 'StarToys Atlántica'),
  (81, NULL, 440, 447, 'J-20000081-0', 'Av. Bolívar, Torre Empresarial, piso 1, oficina 81', 'Inversiones Venezolana C.A.', 'Av. Libertador, Galpón 81, Zona Industrial', 'MattelMax del Centro'),
  (82, NULL, 441, 448, 'J-20000082-1', 'Calle Sucre, Torre Empresarial, piso 2, oficina 82', 'Corporación Atlántica S.A.', 'Calle Miranda, Galpón 82, Zona Industrial', 'ToyVen Global'),
  (83, NULL, 442, 449, 'J-20000083-2', 'Av. Urdaneta, Torre Empresarial, piso 3, oficina 83', 'Distribuidora del Centro S.R.L.', 'Av. Andrés Bello, Galpón 83, Zona Industrial', 'JuguetesYA Pacífico'),
  (84, NULL, 443, 450, 'J-20000084-3', 'Calle Páez, Torre Empresarial, piso 4, oficina 84', 'Comercializadora Global C.A.', 'Calle Comercio, Galpón 84, Zona Industrial', 'PlayCenter Real'),
  (85, NULL, 444, 451, 'J-20000085-4', 'Av. Libertador, Torre Empresarial, piso 5, oficina 85', 'Importadora Pacífico S.A.', 'Av. Principal, Galpón 85, Zona Industrial', 'KidsZone Premium'),
  (86, NULL, 445, 452, 'J-20000086-5', 'Calle Miranda, Torre Empresarial, piso 6, oficina 86', 'Industrias Real C.A.', 'Calle Real, Galpón 86, Zona Industrial', 'FunBox Unión'),
  (87, NULL, 446, 453, 'J-20000087-6', 'Av. Andrés Bello, Torre Empresarial, piso 7, oficina 87', 'Servicios Premium S.A.', 'Av. Bolívar, Galpón 87, Zona Industrial', 'LudoMarket Delta'),
  (88, NULL, 447, 454, 'J-20000088-7', 'Calle Comercio, Torre Empresarial, piso 8, oficina 88', 'Grupo Unión S.R.L.', 'Calle Sucre, Galpón 88, Zona Industrial', 'MegaToys Orion'),
  (89, NULL, 448, 455, 'J-20000089-8', 'Av. Principal, Torre Empresarial, piso 9, oficina 89', 'Constructora Delta C.A.', 'Av. Urdaneta, Galpón 89, Zona Industrial', 'HappyKids Andina'),
  (90, NULL, 449, 456, 'J-20000090-9', 'Calle Real, Torre Empresarial, piso 10, oficina 90', 'Tecnología Orion S.A.', 'Calle Páez, Galpón 90, Zona Industrial', 'StarToys del Caribe'),
  (91, NULL, 450, 457, 'J-20000091-0', 'Av. Bolívar, Torre Empresarial, piso 11, oficina 91', 'Inversiones Andina C.A.', 'Av. Libertador, Galpón 91, Zona Industrial', 'MattelMax Bolivariana'),
  (92, NULL, 451, 458, 'J-20000092-1', 'Calle Sucre, Torre Empresarial, piso 12, oficina 92', 'Corporación del Caribe S.A.', 'Calle Miranda, Galpón 92, Zona Industrial', 'ToyVen Capital'),
  (93, NULL, 452, 459, 'J-20000093-2', 'Av. Urdaneta, Torre Empresarial, piso 13, oficina 93', 'Distribuidora Bolivariana S.R.L.', 'Av. Andrés Bello, Galpón 93, Zona Industrial', 'JuguetesYA Continental'),
  (94, NULL, 453, 460, 'J-20000094-3', 'Calle Páez, Torre Empresarial, piso 14, oficina 94', 'Comercializadora Capital C.A.', 'Calle Comercio, Galpón 94, Zona Industrial', 'PlayCenter Venezolana'),
  (95, NULL, 454, 461, 'J-20000095-4', 'Av. Libertador, Torre Empresarial, piso 15, oficina 95', 'Importadora Continental S.A.', 'Av. Principal, Galpón 95, Zona Industrial', 'KidsZone Atlántica'),
  (96, NULL, 455, 462, 'J-20000096-5', 'Calle Miranda, Torre Empresarial, piso 16, oficina 96', 'Industrias Venezolana C.A.', 'Calle Real, Galpón 96, Zona Industrial', 'FunBox del Centro'),
  (97, NULL, 456, 463, 'J-20000097-6', 'Av. Andrés Bello, Torre Empresarial, piso 17, oficina 97', 'Servicios Atlántica S.A.', 'Av. Bolívar, Galpón 97, Zona Industrial', 'LudoMarket Global'),
  (98, NULL, 457, 464, 'J-20000098-7', 'Calle Comercio, Torre Empresarial, piso 18, oficina 98', 'Grupo del Centro S.R.L.', 'Calle Sucre, Galpón 98, Zona Industrial', 'MegaToys Pacífico'),
  (99, NULL, 458, 465, 'J-20000099-8', 'Av. Principal, Torre Empresarial, piso 19, oficina 99', 'Constructora Global C.A.', 'Av. Urdaneta, Galpón 99, Zona Industrial', 'HappyKids Real'),
  (100, NULL, 459, 466, 'J-20000100-9', 'Calle Real, Torre Empresarial, piso 20, oficina 100', 'Tecnología Pacífico S.A.', 'Calle Páez, Galpón 100, Zona Industrial', 'StarToys Premium'),
  (101, NULL, 460, 467, 'J-20000101-0', 'Av. Bolívar, Torre Empresarial, piso 1, oficina 101', 'Inversiones Real C.A.', 'Av. Libertador, Galpón 101, Zona Industrial', 'MattelMax Unión'),
  (102, NULL, 461, 468, 'J-20000102-1', 'Calle Sucre, Torre Empresarial, piso 2, oficina 102', 'Corporación Premium S.A.', 'Calle Miranda, Galpón 102, Zona Industrial', 'ToyVen Delta'),
  (103, NULL, 462, 469, 'J-20000103-2', 'Av. Urdaneta, Torre Empresarial, piso 3, oficina 103', 'Distribuidora Unión S.R.L.', 'Av. Andrés Bello, Galpón 103, Zona Industrial', 'JuguetesYA Orion'),
  (104, NULL, 463, 470, 'J-20000104-3', 'Calle Páez, Torre Empresarial, piso 4, oficina 104', 'Comercializadora Delta C.A.', 'Calle Comercio, Galpón 104, Zona Industrial', 'PlayCenter Andina'),
  (105, NULL, 464, 471, 'J-20000105-4', 'Av. Libertador, Torre Empresarial, piso 5, oficina 105', 'Importadora Orion S.A.', 'Av. Principal, Galpón 105, Zona Industrial', 'KidsZone del Caribe'),
  (106, NULL, 465, 472, 'J-20000106-5', 'Calle Miranda, Torre Empresarial, piso 6, oficina 106', 'Industrias Andina C.A.', 'Calle Real, Galpón 106, Zona Industrial', 'FunBox Bolivariana'),
  (107, NULL, 466, 473, 'J-20000107-6', 'Av. Andrés Bello, Torre Empresarial, piso 7, oficina 107', 'Servicios del Caribe S.A.', 'Av. Bolívar, Galpón 107, Zona Industrial', 'LudoMarket Capital'),
  (108, NULL, 467, 474, 'J-20000108-7', 'Calle Comercio, Torre Empresarial, piso 8, oficina 108', 'Grupo Bolivariana S.R.L.', 'Calle Sucre, Galpón 108, Zona Industrial', 'MegaToys Continental'),
  (109, NULL, 468, 475, 'J-20000109-8', 'Av. Principal, Torre Empresarial, piso 9, oficina 109', 'Constructora Capital C.A.', 'Av. Urdaneta, Galpón 109, Zona Industrial', 'HappyKids Venezolana'),
  (110, NULL, 469, 476, 'J-20000110-9', 'Calle Real, Torre Empresarial, piso 10, oficina 110', 'Tecnología Continental S.A.', 'Calle Páez, Galpón 110, Zona Industrial', 'StarToys Atlántica'),
  (111, NULL, 470, 477, 'J-20000111-0', 'Av. Bolívar, Torre Empresarial, piso 11, oficina 111', 'Inversiones Venezolana C.A.', 'Av. Libertador, Galpón 111, Zona Industrial', 'MattelMax del Centro'),
  (112, NULL, 471, 478, 'J-20000112-1', 'Calle Sucre, Torre Empresarial, piso 12, oficina 112', 'Corporación Atlántica S.A.', 'Calle Miranda, Galpón 112, Zona Industrial', 'ToyVen Global'),
  (113, NULL, 472, 479, 'J-20000113-2', 'Av. Urdaneta, Torre Empresarial, piso 13, oficina 113', 'Distribuidora del Centro S.R.L.', 'Av. Andrés Bello, Galpón 113, Zona Industrial', 'JuguetesYA Pacífico'),
  (114, NULL, 473, 480, 'J-20000114-3', 'Calle Páez, Torre Empresarial, piso 14, oficina 114', 'Comercializadora Global C.A.', 'Calle Comercio, Galpón 114, Zona Industrial', 'PlayCenter Real'),
  (115, NULL, 474, 481, 'J-20000115-4', 'Av. Libertador, Torre Empresarial, piso 15, oficina 115', 'Importadora Pacífico S.A.', 'Av. Principal, Galpón 115, Zona Industrial', 'KidsZone Premium'),
  (116, NULL, 475, 482, 'J-20000116-5', 'Calle Miranda, Torre Empresarial, piso 16, oficina 116', 'Industrias Real C.A.', 'Calle Real, Galpón 116, Zona Industrial', 'FunBox Unión'),
  (117, NULL, 476, 483, 'J-20000117-6', 'Av. Andrés Bello, Torre Empresarial, piso 17, oficina 117', 'Servicios Premium S.A.', 'Av. Bolívar, Galpón 117, Zona Industrial', 'LudoMarket Delta'),
  (118, NULL, 477, 484, 'J-20000118-7', 'Calle Comercio, Torre Empresarial, piso 18, oficina 118', 'Grupo Unión S.R.L.', 'Calle Sucre, Galpón 118, Zona Industrial', 'MegaToys Orion'),
  (119, NULL, 478, 485, 'J-20000119-8', 'Av. Principal, Torre Empresarial, piso 19, oficina 119', 'Constructora Delta C.A.', 'Av. Urdaneta, Galpón 119, Zona Industrial', 'HappyKids Andina'),
  (120, NULL, 479, 486, 'J-20000120-9', 'Calle Real, Torre Empresarial, piso 20, oficina 120', 'Tecnología Orion S.A.', 'Calle Páez, Galpón 120, Zona Industrial', 'StarToys del Caribe'),
  (121, NULL, 480, 487, 'J-20000121-0', 'Av. Bolívar, Torre Empresarial, piso 1, oficina 121', 'Inversiones Andina C.A.', 'Av. Libertador, Galpón 121, Zona Industrial', 'MattelMax Bolivariana'),
  (122, NULL, 481, 488, 'J-20000122-1', 'Calle Sucre, Torre Empresarial, piso 2, oficina 122', 'Corporación del Caribe S.A.', 'Calle Miranda, Galpón 122, Zona Industrial', 'ToyVen Capital'),
  (123, NULL, 482, 489, 'J-20000123-2', 'Av. Urdaneta, Torre Empresarial, piso 3, oficina 123', 'Distribuidora Bolivariana S.R.L.', 'Av. Andrés Bello, Galpón 123, Zona Industrial', 'JuguetesYA Continental'),
  (124, NULL, 483, 490, 'J-20000124-3', 'Calle Páez, Torre Empresarial, piso 4, oficina 124', 'Comercializadora Capital C.A.', 'Calle Comercio, Galpón 124, Zona Industrial', 'PlayCenter Venezolana'),
  (125, NULL, 484, 491, 'J-20000125-4', 'Av. Libertador, Torre Empresarial, piso 5, oficina 125', 'Importadora Continental S.A.', 'Av. Principal, Galpón 125, Zona Industrial', 'KidsZone Atlántica'),
  (126, NULL, 485, 492, 'J-20000126-5', 'Calle Miranda, Torre Empresarial, piso 6, oficina 126', 'Industrias Venezolana C.A.', 'Calle Real, Galpón 126, Zona Industrial', 'FunBox del Centro'),
  (127, NULL, 486, 493, 'J-20000127-6', 'Av. Andrés Bello, Torre Empresarial, piso 7, oficina 127', 'Servicios Atlántica S.A.', 'Av. Bolívar, Galpón 127, Zona Industrial', 'LudoMarket Global'),
  (128, NULL, 487, 494, 'J-20000128-7', 'Calle Comercio, Torre Empresarial, piso 8, oficina 128', 'Grupo del Centro S.R.L.', 'Calle Sucre, Galpón 128, Zona Industrial', 'MegaToys Pacífico'),
  (129, NULL, 488, 495, 'J-20000129-8', 'Av. Principal, Torre Empresarial, piso 9, oficina 129', 'Constructora Global C.A.', 'Av. Urdaneta, Galpón 129, Zona Industrial', 'HappyKids Real'),
  (130, NULL, 489, 496, 'J-20000130-9', 'Calle Real, Torre Empresarial, piso 10, oficina 130', 'Tecnología Pacífico S.A.', 'Calle Páez, Galpón 130, Zona Industrial', 'StarToys Premium'),
  (131, NULL, 490, 497, 'J-20000131-0', 'Av. Bolívar, Torre Empresarial, piso 11, oficina 131', 'Inversiones Real C.A.', 'Av. Libertador, Galpón 131, Zona Industrial', 'MattelMax Unión'),
  (132, NULL, 491, 498, 'J-20000132-1', 'Calle Sucre, Torre Empresarial, piso 12, oficina 132', 'Corporación Premium S.A.', 'Calle Miranda, Galpón 132, Zona Industrial', 'ToyVen Delta'),
  (133, NULL, 492, 499, 'J-20000133-2', 'Av. Urdaneta, Torre Empresarial, piso 13, oficina 133', 'Distribuidora Unión S.R.L.', 'Av. Andrés Bello, Galpón 133, Zona Industrial', 'JuguetesYA Orion'),
  (134, NULL, 493, 500, 'J-20000134-3', 'Calle Páez, Torre Empresarial, piso 14, oficina 134', 'Comercializadora Delta C.A.', 'Calle Comercio, Galpón 134, Zona Industrial', 'PlayCenter Andina'),
  (135, NULL, 494, 501, 'J-20000135-4', 'Av. Libertador, Torre Empresarial, piso 15, oficina 135', 'Importadora Orion S.A.', 'Av. Principal, Galpón 135, Zona Industrial', 'KidsZone del Caribe'),
  (136, NULL, 495, 502, 'J-20000136-5', 'Calle Miranda, Torre Empresarial, piso 16, oficina 136', 'Industrias Andina C.A.', 'Calle Real, Galpón 136, Zona Industrial', 'FunBox Bolivariana'),
  (137, NULL, 496, 503, 'J-20000137-6', 'Av. Andrés Bello, Torre Empresarial, piso 17, oficina 137', 'Servicios del Caribe S.A.', 'Av. Bolívar, Galpón 137, Zona Industrial', 'LudoMarket Capital'),
  (138, NULL, 497, 504, 'J-20000138-7', 'Calle Comercio, Torre Empresarial, piso 18, oficina 138', 'Grupo Bolivariana S.R.L.', 'Calle Sucre, Galpón 138, Zona Industrial', 'MegaToys Continental'),
  (139, NULL, 498, 505, 'J-20000139-8', 'Av. Principal, Torre Empresarial, piso 19, oficina 139', 'Constructora Capital C.A.', 'Av. Urdaneta, Galpón 139, Zona Industrial', 'HappyKids Venezolana'),
  (140, NULL, 499, 506, 'J-20000140-9', 'Calle Real, Torre Empresarial, piso 20, oficina 140', 'Tecnología Continental S.A.', 'Calle Páez, Galpón 140, Zona Industrial', 'StarToys Atlántica'),
  (141, NULL, 500, 507, 'J-20000141-0', 'Av. Bolívar, Torre Empresarial, piso 1, oficina 141', 'Inversiones Venezolana C.A.', 'Av. Libertador, Galpón 141, Zona Industrial', 'MattelMax del Centro'),
  (142, NULL, 501, 508, 'J-20000142-1', 'Calle Sucre, Torre Empresarial, piso 2, oficina 142', 'Corporación Atlántica S.A.', 'Calle Miranda, Galpón 142, Zona Industrial', 'ToyVen Global'),
  (143, NULL, 502, 509, 'J-20000143-2', 'Av. Urdaneta, Torre Empresarial, piso 3, oficina 143', 'Distribuidora del Centro S.R.L.', 'Av. Andrés Bello, Galpón 143, Zona Industrial', 'JuguetesYA Pacífico'),
  (144, NULL, 503, 510, 'J-20000144-3', 'Calle Páez, Torre Empresarial, piso 4, oficina 144', 'Comercializadora Global C.A.', 'Calle Comercio, Galpón 144, Zona Industrial', 'PlayCenter Real'),
  (145, NULL, 504, 511, 'J-20000145-4', 'Av. Libertador, Torre Empresarial, piso 5, oficina 145', 'Importadora Pacífico S.A.', 'Av. Principal, Galpón 145, Zona Industrial', 'KidsZone Premium'),
  (146, NULL, 505, 512, 'J-20000146-5', 'Calle Miranda, Torre Empresarial, piso 6, oficina 146', 'Industrias Real C.A.', 'Calle Real, Galpón 146, Zona Industrial', 'FunBox Unión'),
  (147, NULL, 506, 513, 'J-20000147-6', 'Av. Andrés Bello, Torre Empresarial, piso 7, oficina 147', 'Servicios Premium S.A.', 'Av. Bolívar, Galpón 147, Zona Industrial', 'LudoMarket Delta'),
  (148, NULL, 507, 514, 'J-20000148-7', 'Calle Comercio, Torre Empresarial, piso 8, oficina 148', 'Grupo Unión S.R.L.', 'Calle Sucre, Galpón 148, Zona Industrial', 'MegaToys Orion'),
  (149, NULL, 508, 515, 'J-20000149-8', 'Av. Principal, Torre Empresarial, piso 9, oficina 149', 'Constructora Delta C.A.', 'Av. Urdaneta, Galpón 149, Zona Industrial', 'HappyKids Andina'),
  (150, NULL, 509, 516, 'J-20000150-9', 'Calle Real, Torre Empresarial, piso 10, oficina 150', 'Tecnología Orion S.A.', 'Calle Páez, Galpón 150, Zona Industrial', 'StarToys del Caribe'),
  (151, NULL, 510, 517, 'J-20000151-0', 'Av. Bolívar, Torre Empresarial, piso 11, oficina 151', 'Inversiones Andina C.A.', 'Av. Libertador, Galpón 151, Zona Industrial', 'MattelMax Bolivariana'),
  (152, NULL, 511, 518, 'J-20000152-1', 'Calle Sucre, Torre Empresarial, piso 12, oficina 152', 'Corporación del Caribe S.A.', 'Calle Miranda, Galpón 152, Zona Industrial', 'ToyVen Capital'),
  (153, NULL, 512, 519, 'J-20000153-2', 'Av. Urdaneta, Torre Empresarial, piso 13, oficina 153', 'Distribuidora Bolivariana S.R.L.', 'Av. Andrés Bello, Galpón 153, Zona Industrial', 'JuguetesYA Continental'),
  (154, NULL, 513, 520, 'J-20000154-3', 'Calle Páez, Torre Empresarial, piso 14, oficina 154', 'Comercializadora Capital C.A.', 'Calle Comercio, Galpón 154, Zona Industrial', 'PlayCenter Venezolana'),
  (155, NULL, 514, 521, 'J-20000155-4', 'Av. Libertador, Torre Empresarial, piso 15, oficina 155', 'Importadora Continental S.A.', 'Av. Principal, Galpón 155, Zona Industrial', 'KidsZone Atlántica'),
  (156, NULL, 515, 522, 'J-20000156-5', 'Calle Miranda, Torre Empresarial, piso 16, oficina 156', 'Industrias Venezolana C.A.', 'Calle Real, Galpón 156, Zona Industrial', 'FunBox del Centro'),
  (157, NULL, 516, 523, 'J-20000157-6', 'Av. Andrés Bello, Torre Empresarial, piso 17, oficina 157', 'Servicios Atlántica S.A.', 'Av. Bolívar, Galpón 157, Zona Industrial', 'LudoMarket Global'),
  (158, NULL, 517, 524, 'J-20000158-7', 'Calle Comercio, Torre Empresarial, piso 18, oficina 158', 'Grupo del Centro S.R.L.', 'Calle Sucre, Galpón 158, Zona Industrial', 'MegaToys Pacífico'),
  (159, NULL, 518, 525, 'J-20000159-8', 'Av. Principal, Torre Empresarial, piso 19, oficina 159', 'Constructora Global C.A.', 'Av. Urdaneta, Galpón 159, Zona Industrial', 'HappyKids Real'),
  (160, NULL, 519, 526, 'J-20000160-9', 'Calle Real, Torre Empresarial, piso 20, oficina 160', 'Tecnología Pacífico S.A.', 'Calle Páez, Galpón 160, Zona Industrial', 'StarToys Premium'),
  (161, NULL, 520, 527, 'J-20000161-0', 'Av. Bolívar, Torre Empresarial, piso 1, oficina 161', 'Inversiones Real C.A.', 'Av. Libertador, Galpón 161, Zona Industrial', 'MattelMax Unión'),
  (162, NULL, 521, 528, 'J-20000162-1', 'Calle Sucre, Torre Empresarial, piso 2, oficina 162', 'Corporación Premium S.A.', 'Calle Miranda, Galpón 162, Zona Industrial', 'ToyVen Delta'),
  (163, NULL, 522, 529, 'J-20000163-2', 'Av. Urdaneta, Torre Empresarial, piso 3, oficina 163', 'Distribuidora Unión S.R.L.', 'Av. Andrés Bello, Galpón 163, Zona Industrial', 'JuguetesYA Orion'),
  (164, NULL, 523, 530, 'J-20000164-3', 'Calle Páez, Torre Empresarial, piso 4, oficina 164', 'Comercializadora Delta C.A.', 'Calle Comercio, Galpón 164, Zona Industrial', 'PlayCenter Andina'),
  (165, NULL, 524, 531, 'J-20000165-4', 'Av. Libertador, Torre Empresarial, piso 5, oficina 165', 'Importadora Orion S.A.', 'Av. Principal, Galpón 165, Zona Industrial', 'KidsZone del Caribe'),
  (166, NULL, 525, 532, 'J-20000166-5', 'Calle Miranda, Torre Empresarial, piso 6, oficina 166', 'Industrias Andina C.A.', 'Calle Real, Galpón 166, Zona Industrial', 'FunBox Bolivariana'),
  (167, NULL, 526, 533, 'J-20000167-6', 'Av. Andrés Bello, Torre Empresarial, piso 7, oficina 167', 'Servicios del Caribe S.A.', 'Av. Bolívar, Galpón 167, Zona Industrial', 'LudoMarket Capital'),
  (168, NULL, 527, 534, 'J-20000168-7', 'Calle Comercio, Torre Empresarial, piso 8, oficina 168', 'Grupo Bolivariana S.R.L.', 'Calle Sucre, Galpón 168, Zona Industrial', 'MegaToys Continental'),
  (169, NULL, 528, 535, 'J-20000169-8', 'Av. Principal, Torre Empresarial, piso 9, oficina 169', 'Constructora Capital C.A.', 'Av. Urdaneta, Galpón 169, Zona Industrial', 'HappyKids Venezolana'),
  (170, NULL, 529, 536, 'J-20000170-9', 'Calle Real, Torre Empresarial, piso 10, oficina 170', 'Tecnología Continental S.A.', 'Calle Páez, Galpón 170, Zona Industrial', 'StarToys Atlántica'),
  (171, NULL, 530, 537, 'J-20000171-0', 'Av. Bolívar, Torre Empresarial, piso 11, oficina 171', 'Inversiones Venezolana C.A.', 'Av. Libertador, Galpón 171, Zona Industrial', 'MattelMax del Centro'),
  (172, NULL, 531, 538, 'J-20000172-1', 'Calle Sucre, Torre Empresarial, piso 12, oficina 172', 'Corporación Atlántica S.A.', 'Calle Miranda, Galpón 172, Zona Industrial', 'ToyVen Global'),
  (173, NULL, 532, 539, 'J-20000173-2', 'Av. Urdaneta, Torre Empresarial, piso 13, oficina 173', 'Distribuidora del Centro S.R.L.', 'Av. Andrés Bello, Galpón 173, Zona Industrial', 'JuguetesYA Pacífico'),
  (174, NULL, 533, 540, 'J-20000174-3', 'Calle Páez, Torre Empresarial, piso 14, oficina 174', 'Comercializadora Global C.A.', 'Calle Comercio, Galpón 174, Zona Industrial', 'PlayCenter Real'),
  (175, NULL, 534, 541, 'J-20000175-4', 'Av. Libertador, Torre Empresarial, piso 15, oficina 175', 'Importadora Pacífico S.A.', 'Av. Principal, Galpón 175, Zona Industrial', 'KidsZone Premium'),
  (176, NULL, 535, 542, 'J-20000176-5', 'Calle Miranda, Torre Empresarial, piso 16, oficina 176', 'Industrias Real C.A.', 'Calle Real, Galpón 176, Zona Industrial', 'FunBox Unión'),
  (177, NULL, 536, 543, 'J-20000177-6', 'Av. Andrés Bello, Torre Empresarial, piso 17, oficina 177', 'Servicios Premium S.A.', 'Av. Bolívar, Galpón 177, Zona Industrial', 'LudoMarket Delta'),
  (178, NULL, 537, 544, 'J-20000178-7', 'Calle Comercio, Torre Empresarial, piso 18, oficina 178', 'Grupo Unión S.R.L.', 'Calle Sucre, Galpón 178, Zona Industrial', 'MegaToys Orion'),
  (179, NULL, 538, 545, 'J-20000179-8', 'Av. Principal, Torre Empresarial, piso 19, oficina 179', 'Constructora Delta C.A.', 'Av. Urdaneta, Galpón 179, Zona Industrial', 'HappyKids Andina'),
  (180, NULL, 539, 546, 'J-20000180-9', 'Calle Real, Torre Empresarial, piso 20, oficina 180', 'Tecnología Orion S.A.', 'Calle Páez, Galpón 180, Zona Industrial', 'StarToys del Caribe'),
  (181, NULL, 540, 547, 'J-20000181-0', 'Av. Bolívar, Torre Empresarial, piso 1, oficina 181', 'Inversiones Andina C.A.', 'Av. Libertador, Galpón 181, Zona Industrial', 'MattelMax Bolivariana'),
  (182, NULL, 541, 548, 'J-20000182-1', 'Calle Sucre, Torre Empresarial, piso 2, oficina 182', 'Corporación del Caribe S.A.', 'Calle Miranda, Galpón 182, Zona Industrial', 'ToyVen Capital'),
  (183, NULL, 542, 549, 'J-20000183-2', 'Av. Urdaneta, Torre Empresarial, piso 3, oficina 183', 'Distribuidora Bolivariana S.R.L.', 'Av. Andrés Bello, Galpón 183, Zona Industrial', 'JuguetesYA Continental'),
  (184, NULL, 543, 550, 'J-20000184-3', 'Calle Páez, Torre Empresarial, piso 4, oficina 184', 'Comercializadora Capital C.A.', 'Calle Comercio, Galpón 184, Zona Industrial', 'PlayCenter Venezolana'),
  (185, NULL, 544, 551, 'J-20000185-4', 'Av. Libertador, Torre Empresarial, piso 5, oficina 185', 'Importadora Continental S.A.', 'Av. Principal, Galpón 185, Zona Industrial', 'KidsZone Atlántica'),
  (186, NULL, 545, 552, 'J-20000186-5', 'Calle Miranda, Torre Empresarial, piso 6, oficina 186', 'Industrias Venezolana C.A.', 'Calle Real, Galpón 186, Zona Industrial', 'FunBox del Centro'),
  (187, NULL, 546, 553, 'J-20000187-6', 'Av. Andrés Bello, Torre Empresarial, piso 7, oficina 187', 'Servicios Atlántica S.A.', 'Av. Bolívar, Galpón 187, Zona Industrial', 'LudoMarket Global'),
  (188, NULL, 547, 554, 'J-20000188-7', 'Calle Comercio, Torre Empresarial, piso 8, oficina 188', 'Grupo del Centro S.R.L.', 'Calle Sucre, Galpón 188, Zona Industrial', 'MegaToys Pacífico'),
  (189, NULL, 548, 555, 'J-20000189-8', 'Av. Principal, Torre Empresarial, piso 9, oficina 189', 'Constructora Global C.A.', 'Av. Urdaneta, Galpón 189, Zona Industrial', 'HappyKids Real'),
  (190, NULL, 549, 556, 'J-20000190-9', 'Calle Real, Torre Empresarial, piso 10, oficina 190', 'Tecnología Pacífico S.A.', 'Calle Páez, Galpón 190, Zona Industrial', 'StarToys Premium'),
  (191, NULL, 550, 557, 'J-20000191-0', 'Av. Bolívar, Torre Empresarial, piso 11, oficina 191', 'Inversiones Real C.A.', 'Av. Libertador, Galpón 191, Zona Industrial', 'MattelMax Unión'),
  (192, NULL, 551, 558, 'J-20000192-1', 'Calle Sucre, Torre Empresarial, piso 12, oficina 192', 'Corporación Premium S.A.', 'Calle Miranda, Galpón 192, Zona Industrial', 'ToyVen Delta'),
  (193, NULL, 552, 559, 'J-20000193-2', 'Av. Urdaneta, Torre Empresarial, piso 13, oficina 193', 'Distribuidora Unión S.R.L.', 'Av. Andrés Bello, Galpón 193, Zona Industrial', 'JuguetesYA Orion'),
  (194, NULL, 553, 560, 'J-20000194-3', 'Calle Páez, Torre Empresarial, piso 14, oficina 194', 'Comercializadora Delta C.A.', 'Calle Comercio, Galpón 194, Zona Industrial', 'PlayCenter Andina'),
  (195, NULL, 554, 561, 'J-20000195-4', 'Av. Libertador, Torre Empresarial, piso 15, oficina 195', 'Importadora Orion S.A.', 'Av. Principal, Galpón 195, Zona Industrial', 'KidsZone del Caribe'),
  (196, NULL, 555, 562, 'J-20000196-5', 'Calle Miranda, Torre Empresarial, piso 16, oficina 196', 'Industrias Andina C.A.', 'Calle Real, Galpón 196, Zona Industrial', 'FunBox Bolivariana'),
  (197, NULL, 556, 563, 'J-20000197-6', 'Av. Andrés Bello, Torre Empresarial, piso 17, oficina 197', 'Servicios del Caribe S.A.', 'Av. Bolívar, Galpón 197, Zona Industrial', 'LudoMarket Capital'),
  (198, NULL, 557, 564, 'J-20000198-7', 'Calle Comercio, Torre Empresarial, piso 18, oficina 198', 'Grupo Bolivariana S.R.L.', 'Calle Sucre, Galpón 198, Zona Industrial', 'MegaToys Continental'),
  (199, NULL, 558, 565, 'J-20000199-8', 'Av. Principal, Torre Empresarial, piso 19, oficina 199', 'Constructora Capital C.A.', 'Av. Urdaneta, Galpón 199, Zona Industrial', 'HappyKids Venezolana'),
  (200, NULL, 559, 566, 'J-20000200-9', 'Calle Real, Torre Empresarial, piso 20, oficina 200', 'Tecnología Continental S.A.', 'Calle Páez, Galpón 200, Zona Industrial', 'StarToys Atlántica');

-- ===== PERFIL DE CLIENTES (10 c/u) — IDs explicitos =====

INSERT INTO ROL (ID_ROL, NOMBRE_ROL, DESCRIPCION_ROL) VALUES
  (1, 'Cliente B2C', 'Consumidor final que compra por unidad en la tienda en linea'),
  (2, 'Retail Partner B2B', 'Cadena mayorista que emite ordenes de compra por caja master'),
  (3, 'Coleccionista Platinum', 'Cliente VIP con acceso a subastas y ediciones limitadas'),
  (4, 'Gerente de Inventario', 'Personal interno: ve costos de produccion y modifica stock'),
  (5, 'Vendedor', 'Personal interno: ve precios de lista y disponibilidad'),
  (6, 'Administrador', 'Acceso total al sistema'),
  (7, 'Gerente de Ventas', 'Supervisa metas y comisiones de ejecutivos de cuenta'),
  (8, 'Operador de Logistica', 'Gestiona despachos y manifiestos de carga'),
  (9, 'Disenador I+D', 'Define especificaciones tecnicas y artisticas de productos'),
  (10, 'Auditor', 'Consulta registros historicos sin modificar');

INSERT INTO PRIVILEGIO (ID_PRIVILEGIO, DESCRIPCION_PRIVILEGIO) VALUES
  (1, 'Ver catalogo de productos'),
  (2, 'Realizar compra B2C'),
  (3, 'Emitir orden de compra B2B'),
  (4, 'Participar en subastas'),
  (5, 'Modificar inventario'),
  (6, 'Ver costos de produccion'),
  (7, 'Gestionar usuarios'),
  (8, 'Generar reportes gerenciales'),
  (9, 'Procesar despachos'),
  (10, 'Aprobar lineas de credito');

INSERT INTO BANCO (ID_BANCO, NOMBRE_BANCO) VALUES
  (1, 'Banesco'),
  (2, 'Banco Mercantil'),
  (3, 'BBVA Provincial'),
  (4, 'Banco de Venezuela'),
  (5, 'Banco Occidental de Descuento'),
  (6, 'Banco Bicentenario'),
  (7, 'Banco Nacional de Credito'),
  (8, 'Banco Exterior'),
  (9, 'Banplus'),
  (10, '100% Banco');

INSERT INTO TIPO_CRIPTOMONEDA (ID_TIPO_CRIPTOMONEDA, RED_BLOCKCHAIN) VALUES
  (1, 'Bitcoin'),
  (2, 'Ethereum (ERC-20)'),
  (3, 'Tron (TRC-20)'),
  (4, 'Binance Smart Chain'),
  (5, 'Solana'),
  (6, 'Polygon'),
  (7, 'Litecoin'),
  (8, 'Cardano'),
  (9, 'Ripple'),
  (10, 'Dogecoin');

INSERT INTO MEMBRESIA (ID_MEMBRESIA, NOMBRE_MEMBRESIA, DESCRIPCION_MEMBRESIA, PRECIO_MEMBRESIA) VALUES
  (1, 'Trial', 'Membresia de prueba por 30 dias', 0.00),
  (2, 'Bronze', 'Acceso basico al catalogo', 9.99),
  (3, 'Silver', 'Descuentos en compras seleccionadas', 19.99),
  (4, 'Gold', 'Barbie Signature Gold: early access 24h', 39.99),
  (5, 'Platinum', 'Barbie Signature Platinum: early access y subastas VIP', 79.99),
  (6, 'Diamond', 'Beneficios premium y envios gratis', 129.99),
  (7, 'Collector', 'Para coleccionistas: acceso a ediciones limitadas', 199.99),
  (8, 'VIP', 'Atencion personalizada y preventas', 299.99),
  (9, 'Founder', 'Membresia fundadora con beneficios vitalicios', 499.99),
  (10, 'Black', 'Maximo nivel: acceso a prototipos en subasta', 999.99);

INSERT INTO ESTATUS_MEMBRESIA (ID_ESTATUS_MEMBRESIA, NOMBRE_ESTATUS_MEMBRESIA, DESCRIPCION_ESTATUS_MEMBRESIA) VALUES
  (1, 'Activa', 'Membresia vigente y al dia'),
  (2, 'Vencida', 'El periodo de la membresia expiro'),
  (3, 'Suspendida', 'Suspendida temporalmente por falta de pago'),
  (4, 'Cancelada', 'Cancelada por el cliente'),
  (5, 'Pendiente', 'Pendiente de confirmacion de pago'),
  (6, 'Renovada', 'Renovada para un nuevo periodo'),
  (7, 'En gracia', 'En periodo de gracia tras vencimiento'),
  (8, 'Bloqueada', 'Bloqueada por actividad sospechosa'),
  (9, 'Reactivada', 'Reactivada tras una suspension'),
  (10, 'Expirada', 'Expirada definitivamente sin renovacion');

INSERT INTO ROL_PRIVILEGIO (ID_PRIVILEGIO, ID_ROL) VALUES
  (1, 1),
  (2, 2),
  (3, 3),
  (4, 4),
  (5, 5),
  (6, 6),
  (7, 7),
  (8, 8),
  (9, 9),
  (10, 10);

INSERT INTO LINEA_CREDITO (ID_LINEA_CREDITO, ID_PERSONA_JURIDICA, TOTAL_LINEA_CREDITO) VALUES
  (1, 1, 50000),
  (2, 2, 100000),
  (3, 3, 150000),
  (4, 4, 200000),
  (5, 5, 250000),
  (6, 6, 300000),
  (7, 7, 350000),
  (8, 8, 400000),
  (9, 9, 450000),
  (10, 10, 500000);

INSERT INTO TARJETA_CREDITO (ID_METODO_PAGO, ID_BANCO, NUMERO_TARJETA_TCREDITO, CVV_TARJETA_CREDITO, FECHAVENC_TARJETA_CREDITO, TARJETAHABIENTE_CREDITO) VALUES
  (1, 1, '4000100000000000', '100', DATE '2028-01-01', 'TARJETAHABIENTE CREDITO 1'),
  (2, 2, '4000100000000001', '101', DATE '2029-02-01', 'TARJETAHABIENTE CREDITO 2'),
  (3, 3, '4000100000000002', '102', DATE '2030-03-01', 'TARJETAHABIENTE CREDITO 3'),
  (4, 4, '4000100000000003', '103', DATE '2031-04-01', 'TARJETAHABIENTE CREDITO 4'),
  (5, 5, '4000100000000004', '104', DATE '2032-05-01', 'TARJETAHABIENTE CREDITO 5'),
  (6, 6, '4000100000000005', '105', DATE '2028-06-01', 'TARJETAHABIENTE CREDITO 6'),
  (7, 7, '4000100000000006', '106', DATE '2029-07-01', 'TARJETAHABIENTE CREDITO 7'),
  (8, 8, '4000100000000007', '107', DATE '2030-08-01', 'TARJETAHABIENTE CREDITO 8'),
  (9, 9, '4000100000000008', '108', DATE '2031-09-01', 'TARJETAHABIENTE CREDITO 9'),
  (10, 10, '4000100000000009', '109', DATE '2032-10-01', 'TARJETAHABIENTE CREDITO 10');

INSERT INTO TARJETA_DEBITO (ID_METODO_PAGO, ID_BANCO, NUMERO_TARJETA_DEBITO, CVV_TARJETA_DEBITO, FECHAVENC_TARJETA_DEBITO, TARJETAHABIENTE_DEBITO) VALUES
  (1, 1, '5500200000000000', '200', DATE '2027-01-15', 'TARJETAHABIENTE DEBITO 1'),
  (2, 2, '5500200000000001', '201', DATE '2028-02-15', 'TARJETAHABIENTE DEBITO 2'),
  (3, 3, '5500200000000002', '202', DATE '2029-03-15', 'TARJETAHABIENTE DEBITO 3'),
  (4, 4, '5500200000000003', '203', DATE '2030-04-15', 'TARJETAHABIENTE DEBITO 4'),
  (5, 5, '5500200000000004', '204', DATE '2031-05-15', 'TARJETAHABIENTE DEBITO 5'),
  (6, 6, '5500200000000005', '205', DATE '2027-06-15', 'TARJETAHABIENTE DEBITO 6'),
  (7, 7, '5500200000000006', '206', DATE '2028-07-15', 'TARJETAHABIENTE DEBITO 7'),
  (8, 8, '5500200000000007', '207', DATE '2029-08-15', 'TARJETAHABIENTE DEBITO 8'),
  (9, 9, '5500200000000008', '208', DATE '2030-09-15', 'TARJETAHABIENTE DEBITO 9'),
  (10, 10, '5500200000000009', '209', DATE '2031-10-15', 'TARJETAHABIENTE DEBITO 10');

INSERT INTO CRIPTOMONEDA (ID_METODO_PAGO, ID_TIPO_CRIPTOMONEDA, DIRECCION_WALLET_CRIPTOMONEDA) VALUES
  (1, 1, '0xWALLET0001AAAAAAAAAAAAAAAAAAAAAAAAAAAAAA'),
  (2, 2, '0xWALLET0002AAAAAAAAAAAAAAAAAAAAAAAAAAAAAA'),
  (3, 3, '0xWALLET0003AAAAAAAAAAAAAAAAAAAAAAAAAAAAAA'),
  (4, 4, '0xWALLET0004AAAAAAAAAAAAAAAAAAAAAAAAAAAAAA'),
  (5, 5, '0xWALLET0005AAAAAAAAAAAAAAAAAAAAAAAAAAAAAA'),
  (6, 6, '0xWALLET0006AAAAAAAAAAAAAAAAAAAAAAAAAAAAAA'),
  (7, 7, '0xWALLET0007AAAAAAAAAAAAAAAAAAAAAAAAAAAAAA'),
  (8, 8, '0xWALLET0008AAAAAAAAAAAAAAAAAAAAAAAAAAAAAA'),
  (9, 9, '0xWALLET0009AAAAAAAAAAAAAAAAAAAAAAAAAAAAAA'),
  (10, 10, '0xWALLET0010AAAAAAAAAAAAAAAAAAAAAAAAAAAAAA');

INSERT INTO CORREO (ID_CORREO, ID_PERSONA_JURIDICA, PER_ID_PERSONA_NATURAL, NOMBRE_CORREO) VALUES
  (1, NULL, 1, 'cliente1@gmail.com'),
  (2, NULL, 2, 'cliente2@gmail.com'),
  (3, NULL, 3, 'cliente3@gmail.com'),
  (4, NULL, 4, 'cliente4@gmail.com'),
  (5, NULL, 5, 'cliente5@gmail.com'),
  (6, 1, NULL, 'contacto1@empresa.com'),
  (7, 2, NULL, 'contacto2@empresa.com'),
  (8, 3, NULL, 'contacto3@empresa.com'),
  (9, 4, NULL, 'contacto4@empresa.com'),
  (10, 5, NULL, 'contacto5@empresa.com');

INSERT INTO PAYPAL (ID_METODO_PAGO, ID_CORREO) VALUES
  (1, 1),
  (2, 2),
  (3, 3),
  (4, 4),
  (5, 5),
  (6, 6),
  (7, 7),
  (8, 8),
  (9, 9),
  (10, 10);

INSERT INTO TELEFONO (ID_TELEFONO, ID_PERSONA_JURIDICA, PER_ID_PERSONA_NATURAL, CODIGO_AREA_TELEFONO, NUMERO_TELEFONO) VALUES
  (1, NULL, 1, '0212', '5100000'),
  (2, NULL, 2, '0414', '5100001'),
  (3, NULL, 3, '0424', '5100002'),
  (4, NULL, 4, '0416', '5100003'),
  (5, NULL, 5, '0426', '5100004'),
  (6, 1, NULL, '0212', '5100005'),
  (7, 2, NULL, '0414', '5100006'),
  (8, 3, NULL, '0424', '5100007'),
  (9, 4, NULL, '0416', '5100008'),
  (10, 5, NULL, '0426', '5100009');

INSERT INTO USUARIO (ID_USUARIO, ID_PERSONA_JURIDICA, ID_ROL, PER_ID_PERSONA_NATURAL, NOMBRE_USUARIO, CONTRASENA_USUARIO) VALUES
  (1, NULL, 1, 1, 'user_b2c_1', 'pass0001'),
  (2, NULL, 1, 2, 'user_b2c_2', 'pass0002'),
  (3, NULL, 1, 3, 'user_b2c_3', 'pass0003'),
  (4, NULL, 1, 4, 'user_b2c_4', 'pass0004'),
  (5, NULL, 1, 5, 'user_b2c_5', 'pass0005'),
  (6, 1, 2, NULL, 'user_b2b_1', 'pass0006'),
  (7, 2, 2, NULL, 'user_b2b_2', 'pass0007'),
  (8, 3, 2, NULL, 'user_b2b_3', 'pass0008'),
  (9, 4, 2, NULL, 'user_b2b_4', 'pass0009'),
  (10, 5, 2, NULL, 'user_b2b_5', 'pass0010');

INSERT INTO MEMBRESIA_CLIENTE_B2C (ID_MEMBRESIA, ID_PERSONA_NATURAL) VALUES
  (1, 1),
  (2, 2),
  (3, 3),
  (4, 4),
  (5, 5),
  (6, 6),
  (7, 7),
  (8, 8),
  (9, 9),
  (10, 10);

INSERT INTO HISTORICO_MEMBRESIA (ID_MEMBRESIA, ID_PERSONA_NATURAL, ID_ESTATUS_MEMBRESIA, MEMBRESIA_FECHA_INICIO, MEMBRESIA_FECHA_FIN) VALUES
  (1, 1, 1, DATE '2025-01-01', NULL),
  (2, 2, 2, DATE '2025-02-01', DATE '2026-02-01'),
  (3, 3, 3, DATE '2025-03-01', DATE '2026-03-01'),
  (4, 4, 4, DATE '2025-04-01', NULL),
  (5, 5, 5, DATE '2025-05-01', DATE '2026-05-01'),
  (6, 6, 6, DATE '2025-06-01', DATE '2026-06-01'),
  (7, 7, 7, DATE '2025-07-01', NULL),
  (8, 8, 8, DATE '2025-08-01', DATE '2026-08-01'),
  (9, 9, 9, DATE '2025-09-01', DATE '2026-09-01'),
  (10, 10, 10, DATE '2025-10-01', NULL);

INSERT INTO USUARIO_METODO_PAGO (ID_USUARIO_METODO_PAGO, ID_USUARIO, TAR_ID_METODO_PAGO, ID_METODO_PAGO, ES_VALIDADO, FECHA_REGISTRO) VALUES
  (1, 1, 1, NULL, true, DATE '2025-01-10'),
  (2, 2, 2, NULL, false, DATE '2025-02-10'),
  (3, 3, 3, NULL, true, DATE '2025-03-10'),
  (4, 4, 4, NULL, false, DATE '2025-04-10'),
  (5, 5, NULL, 1, true, DATE '2025-05-10'),
  (6, 6, NULL, 2, false, DATE '2025-06-10'),
  (7, 7, NULL, 3, true, DATE '2025-07-10'),
  (8, 8, 8, 1, false, DATE '2025-08-10'),
  (9, 9, 9, 2, true, DATE '2025-09-10'),
  (10, 10, 10, 3, false, DATE '2025-10-10');


-- ###########################################################################
-- CARGA: GENOMA DE PRODUCTO + ACTORES + 800 ORDENES (B2B/B2C) + RESTRICCIONES
-- 200 clientes B2C y 200 B2B, 2 ordenes c/u (400+400). Generado, IDs explicitos.
-- ###########################################################################

-- ============================================================================
-- CAPA A.1 — Catalogos base del genoma (10 c/u)
-- ============================================================================
INSERT INTO ERA (ID_ERA, ID_BASEDISENO, NOMBRE_ERA, DESCRIPCION_ERA) VALUES
  (1, NULL, 'Vintage', 'Clasificacion historica Vintage'),
  (2, NULL, 'Mod Era', 'Clasificacion historica Mod Era'),
  (3, NULL, 'Superstar Era', 'Clasificacion historica Superstar Era'),
  (4, NULL, 'Modern Era', 'Clasificacion historica Modern Era'),
  (5, NULL, 'Pink Box', 'Clasificacion historica Pink Box'),
  (6, NULL, 'Black Label', 'Clasificacion historica Black Label'),
  (7, NULL, 'Gold Label', 'Clasificacion historica Gold Label'),
  (8, NULL, 'Platinum Label', 'Clasificacion historica Platinum Label'),
  (9, NULL, 'Collector', 'Clasificacion historica Collector'),
  (10, NULL, 'Anniversary', 'Clasificacion historica Anniversary');

INSERT INTO COLECCION (ID_COLECCION, ID_BASEDISENO, NOMBRE_COLECCION, DESCRIPCION_COLECCION) VALUES
  (1, NULL, 'Mainline', 'Linea de coleccion Mainline'),
  (2, NULL, 'Fashionistas', 'Linea de coleccion Fashionistas'),
  (3, NULL, 'Signature', 'Linea de coleccion Signature'),
  (4, NULL, 'Dreamtopia', 'Linea de coleccion Dreamtopia'),
  (5, NULL, 'Extra', 'Linea de coleccion Extra'),
  (6, NULL, 'Looks', 'Linea de coleccion Looks'),
  (7, NULL, 'Holiday', 'Linea de coleccion Holiday'),
  (8, NULL, 'Birthday Wishes', 'Linea de coleccion Birthday Wishes'),
  (9, NULL, 'Made-to-Move', 'Linea de coleccion Made-to-Move'),
  (10, NULL, 'Color Reveal', 'Linea de coleccion Color Reveal');

INSERT INTO MOLDE (ID_MOLDE, NOMBRE_MOLDE, DESCRIPCION_MOLDE) VALUES
  (1, 'Mackie 1991', 'Molde de rostro Mackie 1991'),
  (2, 'Superstar 1977', 'Molde de rostro Superstar 1977'),
  (3, 'Millie 2015', 'Molde de rostro Millie 2015'),
  (4, 'Steffie 1972', 'Molde de rostro Steffie 1972'),
  (5, 'Goddess', 'Molde de rostro Goddess'),
  (6, 'Diva', 'Molde de rostro Diva'),
  (7, 'Lara', 'Molde de rostro Lara'),
  (8, 'Teresa', 'Molde de rostro Teresa'),
  (9, 'Neusa', 'Molde de rostro Neusa'),
  (10, 'Mbili', 'Molde de rostro Mbili');

INSERT INTO MATERIAPRIMA (ID_MATERIAPRIMA, NOMBRE_MATERIAPRIMA, DESCRIPCION_MATERIAPRIMA) VALUES
  (1, 'Polimero ABS', 'Insumo Polimero ABS'),
  (2, 'Vinil flexible', 'Insumo Vinil flexible'),
  (3, 'PVC rigido', 'Insumo PVC rigido'),
  (4, 'Saran (cabello)', 'Insumo Saran (cabello)'),
  (5, 'Tela algodon', 'Insumo Tela algodon'),
  (6, 'Tela poliester', 'Insumo Tela poliester'),
  (7, 'Elastomero TPE', 'Insumo Elastomero TPE'),
  (8, 'Resina', 'Insumo Resina'),
  (9, 'Nylon', 'Insumo Nylon'),
  (10, 'Caucho', 'Insumo Caucho');

INSERT INTO PIEZA (ID_PIEZA, NOMBRE_PIEZA, DESCRIPCION_PIEZA) VALUES
  (1, 'Cabeza', 'Componente Cabeza'),
  (2, 'Torso', 'Componente Torso'),
  (3, 'Brazo izquierdo', 'Componente Brazo izquierdo'),
  (4, 'Brazo derecho', 'Componente Brazo derecho'),
  (5, 'Pierna izquierda', 'Componente Pierna izquierda'),
  (6, 'Pierna derecha', 'Componente Pierna derecha'),
  (7, 'Mano articulada', 'Componente Mano articulada'),
  (8, 'Cabello rooteado', 'Componente Cabello rooteado'),
  (9, 'Ojos pintados', 'Componente Ojos pintados'),
  (10, 'Base soporte', 'Componente Base soporte');

INSERT INTO PROFESION (ID_PROFESION, NOMBRE_PROFESION, DESCRIPCION_PROFESION) VALUES
  (1, 'Astronauta', 'Profesion Astronauta'),
  (2, 'Cirujana', 'Profesion Cirujana'),
  (3, 'Presidenta', 'Profesion Presidenta'),
  (4, 'Veterinaria', 'Profesion Veterinaria'),
  (5, 'Chef', 'Profesion Chef'),
  (6, 'Piloto', 'Profesion Piloto'),
  (7, 'Cientifica', 'Profesion Cientifica'),
  (8, 'Bombera', 'Profesion Bombera'),
  (9, 'Profesora', 'Profesion Profesora'),
  (10, 'Atleta', 'Profesion Atleta');

INSERT INTO SET_REGALO (ID_SET_REGALO, NOMBRE_SET_REGALO) VALUES
  (1, 'Set Regalo 1'),
  (2, 'Set Regalo 2'),
  (3, 'Set Regalo 3'),
  (4, 'Set Regalo 4'),
  (5, 'Set Regalo 5'),
  (6, 'Set Regalo 6'),
  (7, 'Set Regalo 7'),
  (8, 'Set Regalo 8'),
  (9, 'Set Regalo 9'),
  (10, 'Set Regalo 10');

INSERT INTO CARACTERISTICA (ID_CARACTERISTICA, NOMBRE_CARACTERISTICA, DESCRIPCION_CARACTERISTICA) VALUES
  (1, 'Articulacion completa', 'Caracteristica Articulacion completa'),
  (2, 'Cabello largo', 'Caracteristica Cabello largo'),
  (3, 'Edicion limitada', 'Caracteristica Edicion limitada'),
  (4, 'Brilla en oscuridad', 'Caracteristica Brilla en oscuridad'),
  (5, 'Cambia color', 'Caracteristica Cambia color'),
  (6, 'Accesorios incluidos', 'Caracteristica Accesorios incluidos'),
  (7, 'Mascota incluida', 'Caracteristica Mascota incluida'),
  (8, 'Vestido de gala', 'Caracteristica Vestido de gala'),
  (9, 'Zapatos intercambiables', 'Caracteristica Zapatos intercambiables'),
  (10, 'Maquillaje especial', 'Caracteristica Maquillaje especial');

INSERT INTO CATEGORIA (ID_CATEGORIA, CAT_ID_CATEGORIA, NOMBRE_CATEGORIA, DESCRIPCION_CATEGORIA) VALUES
  (1, NULL, 'Muneca', 'Categoria Muneca'),
  (2, NULL, 'Vehiculo', 'Categoria Vehiculo'),
  (3, NULL, 'Inmueble', 'Categoria Inmueble'),
  (4, NULL, 'Accesorio', 'Categoria Accesorio'),
  (5, NULL, 'Mascota', 'Categoria Mascota'),
  (6, NULL, 'Vestuario', 'Categoria Vestuario'),
  (7, NULL, 'Calzado', 'Categoria Calzado'),
  (8, NULL, 'Mobiliario', 'Categoria Mobiliario'),
  (9, NULL, 'Pack', 'Categoria Pack'),
  (10, NULL, 'Prototipo', 'Categoria Prototipo');

INSERT INTO CLASIFICACION (ID_CLASIFICACION, NOMBRE_CLASIFICACION, DESCRIPCION_CLASIFICACION) VALUES
  (1, 'Pink Label', 'Clasificacion por exclusividad Pink Label'),
  (2, 'Black Label', 'Clasificacion por exclusividad Black Label'),
  (3, 'Gold Label', 'Clasificacion por exclusividad Gold Label'),
  (4, 'Platinum Label', 'Clasificacion por exclusividad Platinum Label'),
  (5, 'Masiva', 'Clasificacion por exclusividad Masiva'),
  (6, 'Coleccionista', 'Clasificacion por exclusividad Coleccionista'),
  (7, 'Limitada', 'Clasificacion por exclusividad Limitada'),
  (8, 'Exclusiva', 'Clasificacion por exclusividad Exclusiva'),
  (9, 'Promocional', 'Clasificacion por exclusividad Promocional'),
  (10, 'Estandar', 'Clasificacion por exclusividad Estandar');

INSERT INTO COLOR (ID_COLOR, NOMBRE_COLOR) VALUES
  (1, 'Negro'),
  (2, 'Marron'),
  (3, 'Azul'),
  (4, 'Verde'),
  (5, 'Avellana'),
  (6, 'Gris'),
  (7, 'Ambar'),
  (8, 'Violeta'),
  (9, 'Rosa'),
  (10, 'Turquesa');

INSERT INTO COLOR_OJO (ID_COLOR_OJO, ID_COLOR, NOMBRE_COLOR_OJO) VALUES
  (1, 1, 'Ojos negro'),
  (2, 2, 'Ojos marron'),
  (3, 3, 'Ojos azul'),
  (4, 4, 'Ojos verde'),
  (5, 5, 'Ojos avellana'),
  (6, 6, 'Ojos gris'),
  (7, 7, 'Ojos ambar'),
  (8, 8, 'Ojos violeta'),
  (9, 9, 'Ojos rosa'),
  (10, 10, 'Ojos turquesa');

INSERT INTO TONO_PIEL (ID_TONO_PIEL, ID_COLOR, NOMBRE_TONO_PIEL) VALUES
  (1, 1, 'Claro'),
  (2, 2, 'Medio'),
  (3, 3, 'Bronceado'),
  (4, 4, 'Oscuro'),
  (5, 5, 'Fantasia'),
  (6, 6, 'Porcelana'),
  (7, 7, 'Canela'),
  (8, 8, 'Caramelo'),
  (9, 9, 'Ebano'),
  (10, 10, 'Dorado');

INSERT INTO TIPO_CUERPO (ID_TIPO_CUERPO, NOMBRE_TIPO_CUERPO, DESCRIPCION_TIPO_CUERPO) VALUES
  (1, 'Original', 'Tipo de cuerpo Original'),
  (2, 'Curvy', 'Tipo de cuerpo Curvy'),
  (3, 'Petite', 'Tipo de cuerpo Petite'),
  (4, 'Tall', 'Tipo de cuerpo Tall'),
  (5, 'Made-to-Move', 'Tipo de cuerpo Made-to-Move'),
  (6, 'Articulado', 'Tipo de cuerpo Articulado'),
  (7, 'Infantil', 'Tipo de cuerpo Infantil'),
  (8, 'Ken', 'Tipo de cuerpo Ken'),
  (9, 'Skipper', 'Tipo de cuerpo Skipper'),
  (10, 'Chelsea', 'Tipo de cuerpo Chelsea');

-- ============================================================================
-- CAPA A.2 — BASE_DISENO (10 disenos) y tablas asociativas
-- ============================================================================
INSERT INTO BASE_DISENO (ID_BASEDISENO, ID_ERA, BAS_ID_BASEDISENO, ID_COLOR_OJO, ID_TONO_PIEL, ID_TIPO_CUERPO, ID_COLECCION, NOMBRE_BASEDISENO, DESCRIPCION_BASEDISENO, ALTO_BASEDISENO, ANCHO_BASEDISENO, PROFUNDIDAD_BASEDISENO) VALUES
  (1, 1, NULL, 1, 1, 1, 1, 'Diseno base 1', 'ADN de diseno reutilizable #1', 1.50, 0.40, 0.25),
  (2, 2, NULL, 2, 2, 2, 2, 'Diseno base 2', 'ADN de diseno reutilizable #2', 1.50, 0.40, 0.25),
  (3, 3, NULL, 3, 3, 3, 3, 'Diseno base 3', 'ADN de diseno reutilizable #3', 1.50, 0.40, 0.25),
  (4, 4, NULL, 4, 4, 4, 4, 'Diseno base 4', 'ADN de diseno reutilizable #4', 1.50, 0.40, 0.25),
  (5, 5, NULL, 5, 5, 5, 5, 'Diseno base 5', 'ADN de diseno reutilizable #5', 1.50, 0.40, 0.25),
  (6, 6, NULL, 6, 6, 6, 6, 'Diseno base 6', 'ADN de diseno reutilizable #6', 1.50, 0.40, 0.25),
  (7, 7, NULL, 7, 7, 7, 7, 'Diseno base 7', 'ADN de diseno reutilizable #7', 1.50, 0.40, 0.25),
  (8, 8, NULL, 8, 8, 8, 8, 'Diseno base 8', 'ADN de diseno reutilizable #8', 1.50, 0.40, 0.25),
  (9, 9, NULL, 9, 9, 9, 9, 'Diseno base 9', 'ADN de diseno reutilizable #9', 1.50, 0.40, 0.25),
  (10, 10, NULL, 10, 10, 10, 10, 'Diseno base 10', 'ADN de diseno reutilizable #10', 1.50, 0.40, 0.25);

INSERT INTO BASE_DISENO_CONSTRUCCION (ID_PIEZA, ID_MOLDE, ID_MATERIAPRIMA, ID_BASEDISENO, CANTIDAD_MATERIAPRIMA) VALUES
  (1, 1, 1, 1, 11),
  (2, 2, 2, 2, 12),
  (3, 3, 3, 3, 13),
  (4, 4, 4, 4, 14),
  (5, 5, 5, 5, 15),
  (6, 6, 6, 6, 16),
  (7, 7, 7, 7, 17),
  (8, 8, 8, 8, 18),
  (9, 9, 9, 9, 19),
  (10, 10, 10, 10, 20);

INSERT INTO PROFESION_BASEDISENO (ID_PROFESION, ID_BASEDISENO) VALUES
  (1, 1),
  (2, 2),
  (3, 3),
  (4, 4),
  (5, 5),
  (6, 6),
  (7, 7),
  (8, 8),
  (9, 9),
  (10, 10);

INSERT INTO BASEDISENO_SETREGALO (ID_BASEDISENO, ID_SET_REGALO) VALUES
  (1, 1),
  (2, 2),
  (3, 3),
  (4, 4),
  (5, 5),
  (6, 6),
  (7, 7),
  (8, 8),
  (9, 9),
  (10, 10);

INSERT INTO CARACTERISTICA_BASEDISENO (ID_BASEDISENO, ID_CARACTERISTICA) VALUES
  (1, 1),
  (2, 2),
  (3, 3),
  (4, 4),
  (5, 5),
  (6, 6),
  (7, 7),
  (8, 8),
  (9, 9),
  (10, 10);

INSERT INTO CATEGORIA_BASEDISENO (ID_BASEDISENO, ID_CATEGORIA) VALUES
  (1, 1),
  (2, 2),
  (3, 3),
  (4, 4),
  (5, 5),
  (6, 6),
  (7, 7),
  (8, 8),
  (9, 9),
  (10, 10);

INSERT INTO CLASIFICACION_BASEDISENO (ID_BASEDISENO, ID_CLASIFICACION) VALUES
  (1, 1),
  (2, 2),
  (3, 3),
  (4, 4),
  (5, 5),
  (6, 6),
  (7, 7),
  (8, 8),
  (9, 9),
  (10, 10);

-- ============================================================================
-- CAPA A.3 — PRODUCTO (30 productos)
-- ============================================================================
INSERT INTO PRODUCTO (ID_PIEZA, ID_MOLDE, ID_MATERIAPRIMA, BAS_ID_BASEDISENO, ID_BASEDISENO, ID_PRODUCTO, CAT_ID_BASEDISENO, ID_CATEGORIA, BAS_ID_BASEDISENO2, ID_SET_REGALO, CLA_ID_BASEDISENO, ID_CLASIFICACION, CAR_ID_BASEDISENO, ID_CARACTERISTICA, ID_PROFESION, PRO_ID_BASEDISENO, CONDICION_PRODUCTO) VALUES
  (1, 1, 1, 1, 1, 1, 1, 1, 1, 1, 1, 1, 1, 1, 1, 1, 'NRFB'),
  (2, 2, 2, 2, 2, 2, 2, 2, 2, 2, 2, 2, 2, 2, 2, 2, 'Mint'),
  (3, 3, 3, 3, 3, 3, 3, 3, 3, 3, 3, 3, 3, 3, 3, 3, 'Restoration Needed'),
  (4, 4, 4, 4, 4, 4, 4, 4, 4, 4, 4, 4, 4, 4, 4, 4, 'Sellado'),
  (5, 5, 5, 5, 5, 5, 5, 5, 5, 5, 5, 5, 5, 5, 5, 5, 'Usado'),
  (6, 6, 6, 6, 6, 6, 6, 6, 6, 6, 6, 6, 6, 6, 6, 6, 'NRFB'),
  (7, 7, 7, 7, 7, 7, 7, 7, 7, 7, 7, 7, 7, 7, 7, 7, 'Mint'),
  (8, 8, 8, 8, 8, 8, 8, 8, 8, 8, 8, 8, 8, 8, 8, 8, 'Restoration Needed'),
  (9, 9, 9, 9, 9, 9, 9, 9, 9, 9, 9, 9, 9, 9, 9, 9, 'Sellado'),
  (10, 10, 10, 10, 10, 10, 10, 10, 10, 10, 10, 10, 10, 10, 10, 10, 'Usado'),
  (1, 1, 1, 1, 1, 11, 1, 1, 1, 1, 1, 1, 1, 1, 1, 1, 'NRFB'),
  (2, 2, 2, 2, 2, 12, 2, 2, 2, 2, 2, 2, 2, 2, 2, 2, 'Mint'),
  (3, 3, 3, 3, 3, 13, 3, 3, 3, 3, 3, 3, 3, 3, 3, 3, 'Restoration Needed'),
  (4, 4, 4, 4, 4, 14, 4, 4, 4, 4, 4, 4, 4, 4, 4, 4, 'Sellado'),
  (5, 5, 5, 5, 5, 15, 5, 5, 5, 5, 5, 5, 5, 5, 5, 5, 'Usado'),
  (6, 6, 6, 6, 6, 16, 6, 6, 6, 6, 6, 6, 6, 6, 6, 6, 'NRFB'),
  (7, 7, 7, 7, 7, 17, 7, 7, 7, 7, 7, 7, 7, 7, 7, 7, 'Mint'),
  (8, 8, 8, 8, 8, 18, 8, 8, 8, 8, 8, 8, 8, 8, 8, 8, 'Restoration Needed'),
  (9, 9, 9, 9, 9, 19, 9, 9, 9, 9, 9, 9, 9, 9, 9, 9, 'Sellado'),
  (10, 10, 10, 10, 10, 20, 10, 10, 10, 10, 10, 10, 10, 10, 10, 10, 'Usado'),
  (1, 1, 1, 1, 1, 21, 1, 1, 1, 1, 1, 1, 1, 1, 1, 1, 'NRFB'),
  (2, 2, 2, 2, 2, 22, 2, 2, 2, 2, 2, 2, 2, 2, 2, 2, 'Mint'),
  (3, 3, 3, 3, 3, 23, 3, 3, 3, 3, 3, 3, 3, 3, 3, 3, 'Restoration Needed'),
  (4, 4, 4, 4, 4, 24, 4, 4, 4, 4, 4, 4, 4, 4, 4, 4, 'Sellado'),
  (5, 5, 5, 5, 5, 25, 5, 5, 5, 5, 5, 5, 5, 5, 5, 5, 'Usado'),
  (6, 6, 6, 6, 6, 26, 6, 6, 6, 6, 6, 6, 6, 6, 6, 6, 'NRFB'),
  (7, 7, 7, 7, 7, 27, 7, 7, 7, 7, 7, 7, 7, 7, 7, 7, 'Mint'),
  (8, 8, 8, 8, 8, 28, 8, 8, 8, 8, 8, 8, 8, 8, 8, 8, 'Restoration Needed'),
  (9, 9, 9, 9, 9, 29, 9, 9, 9, 9, 9, 9, 9, 9, 9, 9, 'Sellado'),
  (10, 10, 10, 10, 10, 30, 10, 10, 10, 10, 10, 10, 10, 10, 10, 10, 'Usado');

-- ============================================================================
-- CAPA B.1 — EMPLEADO (10) y CONTRATO_PERSONAL (10)
-- ============================================================================
INSERT INTO EMPLEADO (ID_PERSONA_NATURAL, ID_CONTRATO, ID_LUGAR, RIF_PERSONA_NATURAL, DIRECCION_PERSONA_NATURAL, CEDULA_PERSONA_NATURAL, P_NOMBRE_PERSONA_NATURAL, S_NOMBRE_PERSONA_NATURAL, P_APELLIDO_PERSONA_NATURAL, S_APELLIDO_PERSONA_NATURAL, FECHA_NAC_PERSONA_NATURAL) VALUES
  (1, NULL, 360, 'V-30000001-1', 'Calle Empleado 1', 'V-30000001', 'Empleado1', 'Seg1', 'Apellido1', 'Ap2_1', DATE '1985-01-01'),
  (2, NULL, 361, 'V-30000002-2', 'Calle Empleado 2', 'V-30000002', 'Empleado2', 'Seg2', 'Apellido2', 'Ap2_2', DATE '1985-01-02'),
  (3, NULL, 362, 'V-30000003-3', 'Calle Empleado 3', 'V-30000003', 'Empleado3', NULL, 'Apellido3', 'Ap2_3', DATE '1985-01-03'),
  (4, NULL, 363, 'V-30000004-4', 'Calle Empleado 4', 'V-30000004', 'Empleado4', 'Seg4', 'Apellido4', NULL, DATE '1985-01-04'),
  (5, NULL, 364, 'V-30000005-5', 'Calle Empleado 5', 'V-30000005', 'Empleado5', 'Seg5', 'Apellido5', 'Ap2_5', DATE '1985-01-05'),
  (6, NULL, 365, 'V-30000006-6', 'Calle Empleado 6', 'V-30000006', 'Empleado6', NULL, 'Apellido6', 'Ap2_6', DATE '1985-01-06'),
  (7, NULL, 366, 'V-30000007-7', 'Calle Empleado 7', 'V-30000007', 'Empleado7', 'Seg7', 'Apellido7', 'Ap2_7', DATE '1985-01-07'),
  (8, NULL, 367, 'V-30000008-8', 'Calle Empleado 8', 'V-30000008', 'Empleado8', 'Seg8', 'Apellido8', NULL, DATE '1985-01-08'),
  (9, NULL, 368, 'V-30000009-9', 'Calle Empleado 9', 'V-30000009', 'Empleado9', NULL, 'Apellido9', 'Ap2_9', DATE '1985-01-09'),
  (10, NULL, 369, 'V-30000010-0', 'Calle Empleado 10', 'V-30000010', 'Empleado10', 'Seg10', 'Apellido10', 'Ap2_10', DATE '1985-01-10');

INSERT INTO CONTRATO_PERSONAL (ID_CONTRATO, ID_META_MENSUAL, ID_PERSONA_NATURAL, CONTRATO_FECHA_INICIO, CONTRATO_FECHA_FIN) VALUES
  (1, NULL, 1, DATE '2023-02-01', NULL),
  (2, NULL, 2, DATE '2023-03-01', NULL),
  (3, NULL, 3, DATE '2023-04-01', NULL),
  (4, NULL, 4, DATE '2023-05-01', NULL),
  (5, NULL, 5, DATE '2023-06-01', NULL),
  (6, NULL, 6, DATE '2023-07-01', NULL),
  (7, NULL, 7, DATE '2023-08-01', NULL),
  (8, NULL, 8, DATE '2023-09-01', NULL),
  (9, NULL, 9, DATE '2023-01-01', NULL),
  (10, NULL, 10, DATE '2023-02-01', NULL);

-- ============================================================================
-- CAPA B.2 — USUARIO por cliente (B2C 11..205, B2B 206..400)
-- ============================================================================
INSERT INTO USUARIO (ID_USUARIO, ID_PERSONA_JURIDICA, ID_ROL, PER_ID_PERSONA_NATURAL, NOMBRE_USUARIO, CONTRASENA_USUARIO) VALUES
  (11, NULL, 1, 6, 'user_b2c_6', 'pass0011'),
  (12, NULL, 1, 7, 'user_b2c_7', 'pass0012'),
  (13, NULL, 1, 8, 'user_b2c_8', 'pass0013'),
  (14, NULL, 1, 9, 'user_b2c_9', 'pass0014'),
  (15, NULL, 1, 10, 'user_b2c_10', 'pass0015'),
  (16, NULL, 1, 11, 'user_b2c_11', 'pass0016'),
  (17, NULL, 1, 12, 'user_b2c_12', 'pass0017'),
  (18, NULL, 1, 13, 'user_b2c_13', 'pass0018'),
  (19, NULL, 1, 14, 'user_b2c_14', 'pass0019'),
  (20, NULL, 1, 15, 'user_b2c_15', 'pass0020'),
  (21, NULL, 1, 16, 'user_b2c_16', 'pass0021'),
  (22, NULL, 1, 17, 'user_b2c_17', 'pass0022'),
  (23, NULL, 1, 18, 'user_b2c_18', 'pass0023'),
  (24, NULL, 1, 19, 'user_b2c_19', 'pass0024'),
  (25, NULL, 1, 20, 'user_b2c_20', 'pass0025'),
  (26, NULL, 1, 21, 'user_b2c_21', 'pass0026'),
  (27, NULL, 1, 22, 'user_b2c_22', 'pass0027'),
  (28, NULL, 1, 23, 'user_b2c_23', 'pass0028'),
  (29, NULL, 1, 24, 'user_b2c_24', 'pass0029'),
  (30, NULL, 1, 25, 'user_b2c_25', 'pass0030'),
  (31, NULL, 1, 26, 'user_b2c_26', 'pass0031'),
  (32, NULL, 1, 27, 'user_b2c_27', 'pass0032'),
  (33, NULL, 1, 28, 'user_b2c_28', 'pass0033'),
  (34, NULL, 1, 29, 'user_b2c_29', 'pass0034'),
  (35, NULL, 1, 30, 'user_b2c_30', 'pass0035'),
  (36, NULL, 1, 31, 'user_b2c_31', 'pass0036'),
  (37, NULL, 1, 32, 'user_b2c_32', 'pass0037'),
  (38, NULL, 1, 33, 'user_b2c_33', 'pass0038'),
  (39, NULL, 1, 34, 'user_b2c_34', 'pass0039'),
  (40, NULL, 1, 35, 'user_b2c_35', 'pass0040'),
  (41, NULL, 1, 36, 'user_b2c_36', 'pass0041'),
  (42, NULL, 1, 37, 'user_b2c_37', 'pass0042'),
  (43, NULL, 1, 38, 'user_b2c_38', 'pass0043'),
  (44, NULL, 1, 39, 'user_b2c_39', 'pass0044'),
  (45, NULL, 1, 40, 'user_b2c_40', 'pass0045'),
  (46, NULL, 1, 41, 'user_b2c_41', 'pass0046'),
  (47, NULL, 1, 42, 'user_b2c_42', 'pass0047'),
  (48, NULL, 1, 43, 'user_b2c_43', 'pass0048'),
  (49, NULL, 1, 44, 'user_b2c_44', 'pass0049'),
  (50, NULL, 1, 45, 'user_b2c_45', 'pass0050'),
  (51, NULL, 1, 46, 'user_b2c_46', 'pass0051'),
  (52, NULL, 1, 47, 'user_b2c_47', 'pass0052'),
  (53, NULL, 1, 48, 'user_b2c_48', 'pass0053'),
  (54, NULL, 1, 49, 'user_b2c_49', 'pass0054'),
  (55, NULL, 1, 50, 'user_b2c_50', 'pass0055'),
  (56, NULL, 1, 51, 'user_b2c_51', 'pass0056'),
  (57, NULL, 1, 52, 'user_b2c_52', 'pass0057'),
  (58, NULL, 1, 53, 'user_b2c_53', 'pass0058'),
  (59, NULL, 1, 54, 'user_b2c_54', 'pass0059'),
  (60, NULL, 1, 55, 'user_b2c_55', 'pass0060'),
  (61, NULL, 1, 56, 'user_b2c_56', 'pass0061'),
  (62, NULL, 1, 57, 'user_b2c_57', 'pass0062'),
  (63, NULL, 1, 58, 'user_b2c_58', 'pass0063'),
  (64, NULL, 1, 59, 'user_b2c_59', 'pass0064'),
  (65, NULL, 1, 60, 'user_b2c_60', 'pass0065'),
  (66, NULL, 1, 61, 'user_b2c_61', 'pass0066'),
  (67, NULL, 1, 62, 'user_b2c_62', 'pass0067'),
  (68, NULL, 1, 63, 'user_b2c_63', 'pass0068'),
  (69, NULL, 1, 64, 'user_b2c_64', 'pass0069'),
  (70, NULL, 1, 65, 'user_b2c_65', 'pass0070'),
  (71, NULL, 1, 66, 'user_b2c_66', 'pass0071'),
  (72, NULL, 1, 67, 'user_b2c_67', 'pass0072'),
  (73, NULL, 1, 68, 'user_b2c_68', 'pass0073'),
  (74, NULL, 1, 69, 'user_b2c_69', 'pass0074'),
  (75, NULL, 1, 70, 'user_b2c_70', 'pass0075'),
  (76, NULL, 1, 71, 'user_b2c_71', 'pass0076'),
  (77, NULL, 1, 72, 'user_b2c_72', 'pass0077'),
  (78, NULL, 1, 73, 'user_b2c_73', 'pass0078'),
  (79, NULL, 1, 74, 'user_b2c_74', 'pass0079'),
  (80, NULL, 1, 75, 'user_b2c_75', 'pass0080'),
  (81, NULL, 1, 76, 'user_b2c_76', 'pass0081'),
  (82, NULL, 1, 77, 'user_b2c_77', 'pass0082'),
  (83, NULL, 1, 78, 'user_b2c_78', 'pass0083'),
  (84, NULL, 1, 79, 'user_b2c_79', 'pass0084'),
  (85, NULL, 1, 80, 'user_b2c_80', 'pass0085'),
  (86, NULL, 1, 81, 'user_b2c_81', 'pass0086'),
  (87, NULL, 1, 82, 'user_b2c_82', 'pass0087'),
  (88, NULL, 1, 83, 'user_b2c_83', 'pass0088'),
  (89, NULL, 1, 84, 'user_b2c_84', 'pass0089'),
  (90, NULL, 1, 85, 'user_b2c_85', 'pass0090'),
  (91, NULL, 1, 86, 'user_b2c_86', 'pass0091'),
  (92, NULL, 1, 87, 'user_b2c_87', 'pass0092'),
  (93, NULL, 1, 88, 'user_b2c_88', 'pass0093'),
  (94, NULL, 1, 89, 'user_b2c_89', 'pass0094'),
  (95, NULL, 1, 90, 'user_b2c_90', 'pass0095'),
  (96, NULL, 1, 91, 'user_b2c_91', 'pass0096'),
  (97, NULL, 1, 92, 'user_b2c_92', 'pass0097'),
  (98, NULL, 1, 93, 'user_b2c_93', 'pass0098'),
  (99, NULL, 1, 94, 'user_b2c_94', 'pass0099'),
  (100, NULL, 1, 95, 'user_b2c_95', 'pass0100'),
  (101, NULL, 1, 96, 'user_b2c_96', 'pass0101'),
  (102, NULL, 1, 97, 'user_b2c_97', 'pass0102'),
  (103, NULL, 1, 98, 'user_b2c_98', 'pass0103'),
  (104, NULL, 1, 99, 'user_b2c_99', 'pass0104'),
  (105, NULL, 1, 100, 'user_b2c_100', 'pass0105'),
  (106, NULL, 1, 101, 'user_b2c_101', 'pass0106'),
  (107, NULL, 1, 102, 'user_b2c_102', 'pass0107'),
  (108, NULL, 1, 103, 'user_b2c_103', 'pass0108'),
  (109, NULL, 1, 104, 'user_b2c_104', 'pass0109'),
  (110, NULL, 1, 105, 'user_b2c_105', 'pass0110'),
  (111, NULL, 1, 106, 'user_b2c_106', 'pass0111'),
  (112, NULL, 1, 107, 'user_b2c_107', 'pass0112'),
  (113, NULL, 1, 108, 'user_b2c_108', 'pass0113'),
  (114, NULL, 1, 109, 'user_b2c_109', 'pass0114'),
  (115, NULL, 1, 110, 'user_b2c_110', 'pass0115'),
  (116, NULL, 1, 111, 'user_b2c_111', 'pass0116'),
  (117, NULL, 1, 112, 'user_b2c_112', 'pass0117'),
  (118, NULL, 1, 113, 'user_b2c_113', 'pass0118'),
  (119, NULL, 1, 114, 'user_b2c_114', 'pass0119'),
  (120, NULL, 1, 115, 'user_b2c_115', 'pass0120'),
  (121, NULL, 1, 116, 'user_b2c_116', 'pass0121'),
  (122, NULL, 1, 117, 'user_b2c_117', 'pass0122'),
  (123, NULL, 1, 118, 'user_b2c_118', 'pass0123'),
  (124, NULL, 1, 119, 'user_b2c_119', 'pass0124'),
  (125, NULL, 1, 120, 'user_b2c_120', 'pass0125'),
  (126, NULL, 1, 121, 'user_b2c_121', 'pass0126'),
  (127, NULL, 1, 122, 'user_b2c_122', 'pass0127'),
  (128, NULL, 1, 123, 'user_b2c_123', 'pass0128'),
  (129, NULL, 1, 124, 'user_b2c_124', 'pass0129'),
  (130, NULL, 1, 125, 'user_b2c_125', 'pass0130'),
  (131, NULL, 1, 126, 'user_b2c_126', 'pass0131'),
  (132, NULL, 1, 127, 'user_b2c_127', 'pass0132'),
  (133, NULL, 1, 128, 'user_b2c_128', 'pass0133'),
  (134, NULL, 1, 129, 'user_b2c_129', 'pass0134'),
  (135, NULL, 1, 130, 'user_b2c_130', 'pass0135'),
  (136, NULL, 1, 131, 'user_b2c_131', 'pass0136'),
  (137, NULL, 1, 132, 'user_b2c_132', 'pass0137'),
  (138, NULL, 1, 133, 'user_b2c_133', 'pass0138'),
  (139, NULL, 1, 134, 'user_b2c_134', 'pass0139'),
  (140, NULL, 1, 135, 'user_b2c_135', 'pass0140'),
  (141, NULL, 1, 136, 'user_b2c_136', 'pass0141'),
  (142, NULL, 1, 137, 'user_b2c_137', 'pass0142'),
  (143, NULL, 1, 138, 'user_b2c_138', 'pass0143'),
  (144, NULL, 1, 139, 'user_b2c_139', 'pass0144'),
  (145, NULL, 1, 140, 'user_b2c_140', 'pass0145'),
  (146, NULL, 1, 141, 'user_b2c_141', 'pass0146'),
  (147, NULL, 1, 142, 'user_b2c_142', 'pass0147'),
  (148, NULL, 1, 143, 'user_b2c_143', 'pass0148'),
  (149, NULL, 1, 144, 'user_b2c_144', 'pass0149'),
  (150, NULL, 1, 145, 'user_b2c_145', 'pass0150'),
  (151, NULL, 1, 146, 'user_b2c_146', 'pass0151'),
  (152, NULL, 1, 147, 'user_b2c_147', 'pass0152'),
  (153, NULL, 1, 148, 'user_b2c_148', 'pass0153'),
  (154, NULL, 1, 149, 'user_b2c_149', 'pass0154'),
  (155, NULL, 1, 150, 'user_b2c_150', 'pass0155'),
  (156, NULL, 1, 151, 'user_b2c_151', 'pass0156'),
  (157, NULL, 1, 152, 'user_b2c_152', 'pass0157'),
  (158, NULL, 1, 153, 'user_b2c_153', 'pass0158'),
  (159, NULL, 1, 154, 'user_b2c_154', 'pass0159'),
  (160, NULL, 1, 155, 'user_b2c_155', 'pass0160'),
  (161, NULL, 1, 156, 'user_b2c_156', 'pass0161'),
  (162, NULL, 1, 157, 'user_b2c_157', 'pass0162'),
  (163, NULL, 1, 158, 'user_b2c_158', 'pass0163'),
  (164, NULL, 1, 159, 'user_b2c_159', 'pass0164'),
  (165, NULL, 1, 160, 'user_b2c_160', 'pass0165'),
  (166, NULL, 1, 161, 'user_b2c_161', 'pass0166'),
  (167, NULL, 1, 162, 'user_b2c_162', 'pass0167'),
  (168, NULL, 1, 163, 'user_b2c_163', 'pass0168'),
  (169, NULL, 1, 164, 'user_b2c_164', 'pass0169'),
  (170, NULL, 1, 165, 'user_b2c_165', 'pass0170'),
  (171, NULL, 1, 166, 'user_b2c_166', 'pass0171'),
  (172, NULL, 1, 167, 'user_b2c_167', 'pass0172'),
  (173, NULL, 1, 168, 'user_b2c_168', 'pass0173'),
  (174, NULL, 1, 169, 'user_b2c_169', 'pass0174'),
  (175, NULL, 1, 170, 'user_b2c_170', 'pass0175'),
  (176, NULL, 1, 171, 'user_b2c_171', 'pass0176'),
  (177, NULL, 1, 172, 'user_b2c_172', 'pass0177'),
  (178, NULL, 1, 173, 'user_b2c_173', 'pass0178'),
  (179, NULL, 1, 174, 'user_b2c_174', 'pass0179'),
  (180, NULL, 1, 175, 'user_b2c_175', 'pass0180'),
  (181, NULL, 1, 176, 'user_b2c_176', 'pass0181'),
  (182, NULL, 1, 177, 'user_b2c_177', 'pass0182'),
  (183, NULL, 1, 178, 'user_b2c_178', 'pass0183'),
  (184, NULL, 1, 179, 'user_b2c_179', 'pass0184'),
  (185, NULL, 1, 180, 'user_b2c_180', 'pass0185'),
  (186, NULL, 1, 181, 'user_b2c_181', 'pass0186'),
  (187, NULL, 1, 182, 'user_b2c_182', 'pass0187'),
  (188, NULL, 1, 183, 'user_b2c_183', 'pass0188'),
  (189, NULL, 1, 184, 'user_b2c_184', 'pass0189'),
  (190, NULL, 1, 185, 'user_b2c_185', 'pass0190'),
  (191, NULL, 1, 186, 'user_b2c_186', 'pass0191'),
  (192, NULL, 1, 187, 'user_b2c_187', 'pass0192'),
  (193, NULL, 1, 188, 'user_b2c_188', 'pass0193'),
  (194, NULL, 1, 189, 'user_b2c_189', 'pass0194'),
  (195, NULL, 1, 190, 'user_b2c_190', 'pass0195'),
  (196, NULL, 1, 191, 'user_b2c_191', 'pass0196'),
  (197, NULL, 1, 192, 'user_b2c_192', 'pass0197'),
  (198, NULL, 1, 193, 'user_b2c_193', 'pass0198'),
  (199, NULL, 1, 194, 'user_b2c_194', 'pass0199'),
  (200, NULL, 1, 195, 'user_b2c_195', 'pass0200'),
  (201, NULL, 1, 196, 'user_b2c_196', 'pass0201'),
  (202, NULL, 1, 197, 'user_b2c_197', 'pass0202'),
  (203, NULL, 1, 198, 'user_b2c_198', 'pass0203'),
  (204, NULL, 1, 199, 'user_b2c_199', 'pass0204'),
  (205, NULL, 1, 200, 'user_b2c_200', 'pass0205'),
  (206, 6, 2, NULL, 'user_b2b_6', 'pass0206'),
  (207, 7, 2, NULL, 'user_b2b_7', 'pass0207'),
  (208, 8, 2, NULL, 'user_b2b_8', 'pass0208'),
  (209, 9, 2, NULL, 'user_b2b_9', 'pass0209'),
  (210, 10, 2, NULL, 'user_b2b_10', 'pass0210'),
  (211, 11, 2, NULL, 'user_b2b_11', 'pass0211'),
  (212, 12, 2, NULL, 'user_b2b_12', 'pass0212'),
  (213, 13, 2, NULL, 'user_b2b_13', 'pass0213'),
  (214, 14, 2, NULL, 'user_b2b_14', 'pass0214'),
  (215, 15, 2, NULL, 'user_b2b_15', 'pass0215'),
  (216, 16, 2, NULL, 'user_b2b_16', 'pass0216'),
  (217, 17, 2, NULL, 'user_b2b_17', 'pass0217'),
  (218, 18, 2, NULL, 'user_b2b_18', 'pass0218'),
  (219, 19, 2, NULL, 'user_b2b_19', 'pass0219'),
  (220, 20, 2, NULL, 'user_b2b_20', 'pass0220'),
  (221, 21, 2, NULL, 'user_b2b_21', 'pass0221'),
  (222, 22, 2, NULL, 'user_b2b_22', 'pass0222'),
  (223, 23, 2, NULL, 'user_b2b_23', 'pass0223'),
  (224, 24, 2, NULL, 'user_b2b_24', 'pass0224'),
  (225, 25, 2, NULL, 'user_b2b_25', 'pass0225'),
  (226, 26, 2, NULL, 'user_b2b_26', 'pass0226'),
  (227, 27, 2, NULL, 'user_b2b_27', 'pass0227'),
  (228, 28, 2, NULL, 'user_b2b_28', 'pass0228'),
  (229, 29, 2, NULL, 'user_b2b_29', 'pass0229'),
  (230, 30, 2, NULL, 'user_b2b_30', 'pass0230'),
  (231, 31, 2, NULL, 'user_b2b_31', 'pass0231'),
  (232, 32, 2, NULL, 'user_b2b_32', 'pass0232'),
  (233, 33, 2, NULL, 'user_b2b_33', 'pass0233'),
  (234, 34, 2, NULL, 'user_b2b_34', 'pass0234'),
  (235, 35, 2, NULL, 'user_b2b_35', 'pass0235'),
  (236, 36, 2, NULL, 'user_b2b_36', 'pass0236'),
  (237, 37, 2, NULL, 'user_b2b_37', 'pass0237'),
  (238, 38, 2, NULL, 'user_b2b_38', 'pass0238'),
  (239, 39, 2, NULL, 'user_b2b_39', 'pass0239'),
  (240, 40, 2, NULL, 'user_b2b_40', 'pass0240'),
  (241, 41, 2, NULL, 'user_b2b_41', 'pass0241'),
  (242, 42, 2, NULL, 'user_b2b_42', 'pass0242'),
  (243, 43, 2, NULL, 'user_b2b_43', 'pass0243'),
  (244, 44, 2, NULL, 'user_b2b_44', 'pass0244'),
  (245, 45, 2, NULL, 'user_b2b_45', 'pass0245'),
  (246, 46, 2, NULL, 'user_b2b_46', 'pass0246'),
  (247, 47, 2, NULL, 'user_b2b_47', 'pass0247'),
  (248, 48, 2, NULL, 'user_b2b_48', 'pass0248'),
  (249, 49, 2, NULL, 'user_b2b_49', 'pass0249'),
  (250, 50, 2, NULL, 'user_b2b_50', 'pass0250'),
  (251, 51, 2, NULL, 'user_b2b_51', 'pass0251'),
  (252, 52, 2, NULL, 'user_b2b_52', 'pass0252'),
  (253, 53, 2, NULL, 'user_b2b_53', 'pass0253'),
  (254, 54, 2, NULL, 'user_b2b_54', 'pass0254'),
  (255, 55, 2, NULL, 'user_b2b_55', 'pass0255'),
  (256, 56, 2, NULL, 'user_b2b_56', 'pass0256'),
  (257, 57, 2, NULL, 'user_b2b_57', 'pass0257'),
  (258, 58, 2, NULL, 'user_b2b_58', 'pass0258'),
  (259, 59, 2, NULL, 'user_b2b_59', 'pass0259'),
  (260, 60, 2, NULL, 'user_b2b_60', 'pass0260'),
  (261, 61, 2, NULL, 'user_b2b_61', 'pass0261'),
  (262, 62, 2, NULL, 'user_b2b_62', 'pass0262'),
  (263, 63, 2, NULL, 'user_b2b_63', 'pass0263'),
  (264, 64, 2, NULL, 'user_b2b_64', 'pass0264'),
  (265, 65, 2, NULL, 'user_b2b_65', 'pass0265'),
  (266, 66, 2, NULL, 'user_b2b_66', 'pass0266'),
  (267, 67, 2, NULL, 'user_b2b_67', 'pass0267'),
  (268, 68, 2, NULL, 'user_b2b_68', 'pass0268'),
  (269, 69, 2, NULL, 'user_b2b_69', 'pass0269'),
  (270, 70, 2, NULL, 'user_b2b_70', 'pass0270'),
  (271, 71, 2, NULL, 'user_b2b_71', 'pass0271'),
  (272, 72, 2, NULL, 'user_b2b_72', 'pass0272'),
  (273, 73, 2, NULL, 'user_b2b_73', 'pass0273'),
  (274, 74, 2, NULL, 'user_b2b_74', 'pass0274'),
  (275, 75, 2, NULL, 'user_b2b_75', 'pass0275'),
  (276, 76, 2, NULL, 'user_b2b_76', 'pass0276'),
  (277, 77, 2, NULL, 'user_b2b_77', 'pass0277'),
  (278, 78, 2, NULL, 'user_b2b_78', 'pass0278'),
  (279, 79, 2, NULL, 'user_b2b_79', 'pass0279'),
  (280, 80, 2, NULL, 'user_b2b_80', 'pass0280'),
  (281, 81, 2, NULL, 'user_b2b_81', 'pass0281'),
  (282, 82, 2, NULL, 'user_b2b_82', 'pass0282'),
  (283, 83, 2, NULL, 'user_b2b_83', 'pass0283'),
  (284, 84, 2, NULL, 'user_b2b_84', 'pass0284'),
  (285, 85, 2, NULL, 'user_b2b_85', 'pass0285'),
  (286, 86, 2, NULL, 'user_b2b_86', 'pass0286'),
  (287, 87, 2, NULL, 'user_b2b_87', 'pass0287'),
  (288, 88, 2, NULL, 'user_b2b_88', 'pass0288'),
  (289, 89, 2, NULL, 'user_b2b_89', 'pass0289'),
  (290, 90, 2, NULL, 'user_b2b_90', 'pass0290'),
  (291, 91, 2, NULL, 'user_b2b_91', 'pass0291'),
  (292, 92, 2, NULL, 'user_b2b_92', 'pass0292'),
  (293, 93, 2, NULL, 'user_b2b_93', 'pass0293'),
  (294, 94, 2, NULL, 'user_b2b_94', 'pass0294'),
  (295, 95, 2, NULL, 'user_b2b_95', 'pass0295'),
  (296, 96, 2, NULL, 'user_b2b_96', 'pass0296'),
  (297, 97, 2, NULL, 'user_b2b_97', 'pass0297'),
  (298, 98, 2, NULL, 'user_b2b_98', 'pass0298'),
  (299, 99, 2, NULL, 'user_b2b_99', 'pass0299'),
  (300, 100, 2, NULL, 'user_b2b_100', 'pass0300'),
  (301, 101, 2, NULL, 'user_b2b_101', 'pass0301'),
  (302, 102, 2, NULL, 'user_b2b_102', 'pass0302'),
  (303, 103, 2, NULL, 'user_b2b_103', 'pass0303'),
  (304, 104, 2, NULL, 'user_b2b_104', 'pass0304'),
  (305, 105, 2, NULL, 'user_b2b_105', 'pass0305'),
  (306, 106, 2, NULL, 'user_b2b_106', 'pass0306'),
  (307, 107, 2, NULL, 'user_b2b_107', 'pass0307'),
  (308, 108, 2, NULL, 'user_b2b_108', 'pass0308'),
  (309, 109, 2, NULL, 'user_b2b_109', 'pass0309'),
  (310, 110, 2, NULL, 'user_b2b_110', 'pass0310'),
  (311, 111, 2, NULL, 'user_b2b_111', 'pass0311'),
  (312, 112, 2, NULL, 'user_b2b_112', 'pass0312'),
  (313, 113, 2, NULL, 'user_b2b_113', 'pass0313'),
  (314, 114, 2, NULL, 'user_b2b_114', 'pass0314'),
  (315, 115, 2, NULL, 'user_b2b_115', 'pass0315'),
  (316, 116, 2, NULL, 'user_b2b_116', 'pass0316'),
  (317, 117, 2, NULL, 'user_b2b_117', 'pass0317'),
  (318, 118, 2, NULL, 'user_b2b_118', 'pass0318'),
  (319, 119, 2, NULL, 'user_b2b_119', 'pass0319'),
  (320, 120, 2, NULL, 'user_b2b_120', 'pass0320'),
  (321, 121, 2, NULL, 'user_b2b_121', 'pass0321'),
  (322, 122, 2, NULL, 'user_b2b_122', 'pass0322'),
  (323, 123, 2, NULL, 'user_b2b_123', 'pass0323'),
  (324, 124, 2, NULL, 'user_b2b_124', 'pass0324'),
  (325, 125, 2, NULL, 'user_b2b_125', 'pass0325'),
  (326, 126, 2, NULL, 'user_b2b_126', 'pass0326'),
  (327, 127, 2, NULL, 'user_b2b_127', 'pass0327'),
  (328, 128, 2, NULL, 'user_b2b_128', 'pass0328'),
  (329, 129, 2, NULL, 'user_b2b_129', 'pass0329'),
  (330, 130, 2, NULL, 'user_b2b_130', 'pass0330'),
  (331, 131, 2, NULL, 'user_b2b_131', 'pass0331'),
  (332, 132, 2, NULL, 'user_b2b_132', 'pass0332'),
  (333, 133, 2, NULL, 'user_b2b_133', 'pass0333'),
  (334, 134, 2, NULL, 'user_b2b_134', 'pass0334'),
  (335, 135, 2, NULL, 'user_b2b_135', 'pass0335'),
  (336, 136, 2, NULL, 'user_b2b_136', 'pass0336'),
  (337, 137, 2, NULL, 'user_b2b_137', 'pass0337'),
  (338, 138, 2, NULL, 'user_b2b_138', 'pass0338'),
  (339, 139, 2, NULL, 'user_b2b_139', 'pass0339'),
  (340, 140, 2, NULL, 'user_b2b_140', 'pass0340'),
  (341, 141, 2, NULL, 'user_b2b_141', 'pass0341'),
  (342, 142, 2, NULL, 'user_b2b_142', 'pass0342'),
  (343, 143, 2, NULL, 'user_b2b_143', 'pass0343'),
  (344, 144, 2, NULL, 'user_b2b_144', 'pass0344'),
  (345, 145, 2, NULL, 'user_b2b_145', 'pass0345'),
  (346, 146, 2, NULL, 'user_b2b_146', 'pass0346'),
  (347, 147, 2, NULL, 'user_b2b_147', 'pass0347'),
  (348, 148, 2, NULL, 'user_b2b_148', 'pass0348'),
  (349, 149, 2, NULL, 'user_b2b_149', 'pass0349'),
  (350, 150, 2, NULL, 'user_b2b_150', 'pass0350'),
  (351, 151, 2, NULL, 'user_b2b_151', 'pass0351'),
  (352, 152, 2, NULL, 'user_b2b_152', 'pass0352'),
  (353, 153, 2, NULL, 'user_b2b_153', 'pass0353'),
  (354, 154, 2, NULL, 'user_b2b_154', 'pass0354'),
  (355, 155, 2, NULL, 'user_b2b_155', 'pass0355'),
  (356, 156, 2, NULL, 'user_b2b_156', 'pass0356'),
  (357, 157, 2, NULL, 'user_b2b_157', 'pass0357'),
  (358, 158, 2, NULL, 'user_b2b_158', 'pass0358'),
  (359, 159, 2, NULL, 'user_b2b_159', 'pass0359'),
  (360, 160, 2, NULL, 'user_b2b_160', 'pass0360'),
  (361, 161, 2, NULL, 'user_b2b_161', 'pass0361'),
  (362, 162, 2, NULL, 'user_b2b_162', 'pass0362'),
  (363, 163, 2, NULL, 'user_b2b_163', 'pass0363'),
  (364, 164, 2, NULL, 'user_b2b_164', 'pass0364'),
  (365, 165, 2, NULL, 'user_b2b_165', 'pass0365'),
  (366, 166, 2, NULL, 'user_b2b_166', 'pass0366'),
  (367, 167, 2, NULL, 'user_b2b_167', 'pass0367'),
  (368, 168, 2, NULL, 'user_b2b_168', 'pass0368'),
  (369, 169, 2, NULL, 'user_b2b_169', 'pass0369'),
  (370, 170, 2, NULL, 'user_b2b_170', 'pass0370'),
  (371, 171, 2, NULL, 'user_b2b_171', 'pass0371'),
  (372, 172, 2, NULL, 'user_b2b_172', 'pass0372'),
  (373, 173, 2, NULL, 'user_b2b_173', 'pass0373'),
  (374, 174, 2, NULL, 'user_b2b_174', 'pass0374'),
  (375, 175, 2, NULL, 'user_b2b_175', 'pass0375'),
  (376, 176, 2, NULL, 'user_b2b_176', 'pass0376'),
  (377, 177, 2, NULL, 'user_b2b_177', 'pass0377'),
  (378, 178, 2, NULL, 'user_b2b_178', 'pass0378'),
  (379, 179, 2, NULL, 'user_b2b_179', 'pass0379'),
  (380, 180, 2, NULL, 'user_b2b_180', 'pass0380'),
  (381, 181, 2, NULL, 'user_b2b_181', 'pass0381'),
  (382, 182, 2, NULL, 'user_b2b_182', 'pass0382'),
  (383, 183, 2, NULL, 'user_b2b_183', 'pass0383'),
  (384, 184, 2, NULL, 'user_b2b_184', 'pass0384'),
  (385, 185, 2, NULL, 'user_b2b_185', 'pass0385'),
  (386, 186, 2, NULL, 'user_b2b_186', 'pass0386'),
  (387, 187, 2, NULL, 'user_b2b_187', 'pass0387'),
  (388, 188, 2, NULL, 'user_b2b_188', 'pass0388'),
  (389, 189, 2, NULL, 'user_b2b_189', 'pass0389'),
  (390, 190, 2, NULL, 'user_b2b_190', 'pass0390'),
  (391, 191, 2, NULL, 'user_b2b_191', 'pass0391'),
  (392, 192, 2, NULL, 'user_b2b_192', 'pass0392'),
  (393, 193, 2, NULL, 'user_b2b_193', 'pass0393'),
  (394, 194, 2, NULL, 'user_b2b_194', 'pass0394'),
  (395, 195, 2, NULL, 'user_b2b_195', 'pass0395'),
  (396, 196, 2, NULL, 'user_b2b_196', 'pass0396'),
  (397, 197, 2, NULL, 'user_b2b_197', 'pass0397'),
  (398, 198, 2, NULL, 'user_b2b_198', 'pass0398'),
  (399, 199, 2, NULL, 'user_b2b_199', 'pass0399'),
  (400, 200, 2, NULL, 'user_b2b_200', 'pass0400');

-- ============================================================================
-- CAPA C.1 — ORDEN_COMPRA_B2C (400) — 2 por cliente B2C
-- ============================================================================
INSERT INTO ORDEN_COMPRA_B2C (ID_ORDEN_COMPRA_B2C, ID_ENVIO_B2C, ID_USUARIO, ID_CONTRATO, FECHAHORA_ORDEN_COMPRA_B2C, N_FACTURA_COMPRA_B2C, SUBTOTAL_ORDEN_COMPRA_B2C, TOTAL_ORDEN_COMPRA_B2C) VALUES
  (1, NULL, 1, 1, DATE '2025-02-02', 900001, 95.00, 110.2),
  (2, NULL, 1, 2, DATE '2025-03-03', 900002, 105.00, 121.8),
  (3, NULL, 2, 3, DATE '2025-04-04', 900003, 115.00, 133.4),
  (4, NULL, 2, 4, DATE '2025-05-05', 900004, 125.00, 145.0),
  (5, NULL, 3, 5, DATE '2025-06-06', 900005, 135.00, 156.6),
  (6, NULL, 3, 6, DATE '2025-07-07', 900006, 145.00, 168.2),
  (7, NULL, 4, 7, DATE '2025-08-08', 900007, 155.00, 179.8),
  (8, NULL, 4, 8, DATE '2025-09-09', 900008, 165.00, 191.4),
  (9, NULL, 5, 9, DATE '2025-10-10', 900009, 175.00, 203.0),
  (10, NULL, 5, 10, DATE '2025-11-11', 900010, 185.00, 214.6),
  (11, NULL, 11, 1, DATE '2025-12-12', 900011, 195.00, 226.2),
  (12, NULL, 11, 2, DATE '2025-01-13', 900012, 205.00, 237.8),
  (13, NULL, 12, 3, DATE '2025-02-14', 900013, 215.00, 249.4),
  (14, NULL, 12, 4, DATE '2025-03-15', 900014, 225.00, 261.0),
  (15, NULL, 13, 5, DATE '2025-04-16', 900015, 235.00, 272.6),
  (16, NULL, 13, 6, DATE '2025-05-17', 900016, 245.00, 284.2),
  (17, NULL, 14, 7, DATE '2025-06-18', 900017, 255.00, 295.8),
  (18, NULL, 14, 8, DATE '2025-07-19', 900018, 265.00, 307.4),
  (19, NULL, 15, 9, DATE '2025-08-20', 900019, 275.00, 319.0),
  (20, NULL, 15, 10, DATE '2025-09-21', 900020, 285.00, 330.6),
  (21, NULL, 16, 1, DATE '2025-10-22', 900021, 295.00, 342.2),
  (22, NULL, 16, 2, DATE '2025-11-23', 900022, 305.00, 353.8),
  (23, NULL, 17, 3, DATE '2025-12-24', 900023, 165.00, 191.4),
  (24, NULL, 17, 4, DATE '2025-01-25', 900024, 175.00, 203.0),
  (25, NULL, 18, 5, DATE '2025-02-26', 900025, 185.00, 214.6),
  (26, NULL, 18, 6, DATE '2025-03-27', 900026, 195.00, 226.2),
  (27, NULL, 19, 7, DATE '2025-04-01', 900027, 205.00, 237.8),
  (28, NULL, 19, 8, DATE '2025-05-02', 900028, 215.00, 249.4),
  (29, NULL, 20, 9, DATE '2025-06-03', 900029, 225.00, 261.0),
  (30, NULL, 20, 10, DATE '2025-07-04', 900030, 85.00, 98.6),
  (31, NULL, 21, 1, DATE '2025-08-05', 900031, 95.00, 110.2),
  (32, NULL, 21, 2, DATE '2025-09-06', 900032, 105.00, 121.8),
  (33, NULL, 22, 3, DATE '2025-10-07', 900033, 115.00, 133.4),
  (34, NULL, 22, 4, DATE '2025-11-08', 900034, 125.00, 145.0),
  (35, NULL, 23, 5, DATE '2025-12-09', 900035, 135.00, 156.6),
  (36, NULL, 23, 6, DATE '2025-01-10', 900036, 145.00, 168.2),
  (37, NULL, 24, 7, DATE '2025-02-11', 900037, 155.00, 179.8),
  (38, NULL, 24, 8, DATE '2025-03-12', 900038, 165.00, 191.4),
  (39, NULL, 25, 9, DATE '2025-04-13', 900039, 175.00, 203.0),
  (40, NULL, 25, 10, DATE '2025-05-14', 900040, 185.00, 214.6),
  (41, NULL, 26, 1, DATE '2025-06-15', 900041, 195.00, 226.2),
  (42, NULL, 26, 2, DATE '2025-07-16', 900042, 205.00, 237.8),
  (43, NULL, 27, 3, DATE '2025-08-17', 900043, 215.00, 249.4),
  (44, NULL, 27, 4, DATE '2025-09-18', 900044, 225.00, 261.0),
  (45, NULL, 28, 5, DATE '2025-10-19', 900045, 235.00, 272.6),
  (46, NULL, 28, 6, DATE '2025-11-20', 900046, 245.00, 284.2),
  (47, NULL, 29, 7, DATE '2025-12-21', 900047, 255.00, 295.8),
  (48, NULL, 29, 8, DATE '2025-01-22', 900048, 265.00, 307.4),
  (49, NULL, 30, 9, DATE '2025-02-23', 900049, 275.00, 319.0),
  (50, NULL, 30, 10, DATE '2025-03-24', 900050, 285.00, 330.6),
  (51, NULL, 31, 1, DATE '2025-04-25', 900051, 295.00, 342.2),
  (52, NULL, 31, 2, DATE '2025-05-26', 900052, 305.00, 353.8),
  (53, NULL, 32, 3, DATE '2025-06-27', 900053, 165.00, 191.4),
  (54, NULL, 32, 4, DATE '2025-07-01', 900054, 175.00, 203.0),
  (55, NULL, 33, 5, DATE '2025-08-02', 900055, 185.00, 214.6),
  (56, NULL, 33, 6, DATE '2025-09-03', 900056, 195.00, 226.2),
  (57, NULL, 34, 7, DATE '2025-10-04', 900057, 205.00, 237.8),
  (58, NULL, 34, 8, DATE '2025-11-05', 900058, 215.00, 249.4),
  (59, NULL, 35, 9, DATE '2025-12-06', 900059, 225.00, 261.0),
  (60, NULL, 35, 10, DATE '2025-01-07', 900060, 85.00, 98.6),
  (61, NULL, 36, 1, DATE '2025-02-08', 900061, 95.00, 110.2),
  (62, NULL, 36, 2, DATE '2025-03-09', 900062, 105.00, 121.8),
  (63, NULL, 37, 3, DATE '2025-04-10', 900063, 115.00, 133.4),
  (64, NULL, 37, 4, DATE '2025-05-11', 900064, 125.00, 145.0),
  (65, NULL, 38, 5, DATE '2025-06-12', 900065, 135.00, 156.6),
  (66, NULL, 38, 6, DATE '2025-07-13', 900066, 145.00, 168.2),
  (67, NULL, 39, 7, DATE '2025-08-14', 900067, 155.00, 179.8),
  (68, NULL, 39, 8, DATE '2025-09-15', 900068, 165.00, 191.4),
  (69, NULL, 40, 9, DATE '2025-10-16', 900069, 175.00, 203.0),
  (70, NULL, 40, 10, DATE '2025-11-17', 900070, 185.00, 214.6),
  (71, NULL, 41, 1, DATE '2025-12-18', 900071, 195.00, 226.2),
  (72, NULL, 41, 2, DATE '2025-01-19', 900072, 205.00, 237.8),
  (73, NULL, 42, 3, DATE '2025-02-20', 900073, 215.00, 249.4),
  (74, NULL, 42, 4, DATE '2025-03-21', 900074, 225.00, 261.0),
  (75, NULL, 43, 5, DATE '2025-04-22', 900075, 235.00, 272.6),
  (76, NULL, 43, 6, DATE '2025-05-23', 900076, 245.00, 284.2),
  (77, NULL, 44, 7, DATE '2025-06-24', 900077, 255.00, 295.8),
  (78, NULL, 44, 8, DATE '2025-07-25', 900078, 265.00, 307.4),
  (79, NULL, 45, 9, DATE '2025-08-26', 900079, 275.00, 319.0),
  (80, NULL, 45, 10, DATE '2025-09-27', 900080, 285.00, 330.6),
  (81, NULL, 46, 1, DATE '2025-10-01', 900081, 295.00, 342.2),
  (82, NULL, 46, 2, DATE '2025-11-02', 900082, 305.00, 353.8),
  (83, NULL, 47, 3, DATE '2025-12-03', 900083, 165.00, 191.4),
  (84, NULL, 47, 4, DATE '2025-01-04', 900084, 175.00, 203.0),
  (85, NULL, 48, 5, DATE '2025-02-05', 900085, 185.00, 214.6),
  (86, NULL, 48, 6, DATE '2025-03-06', 900086, 195.00, 226.2),
  (87, NULL, 49, 7, DATE '2025-04-07', 900087, 205.00, 237.8),
  (88, NULL, 49, 8, DATE '2025-05-08', 900088, 215.00, 249.4),
  (89, NULL, 50, 9, DATE '2025-06-09', 900089, 225.00, 261.0),
  (90, NULL, 50, 10, DATE '2025-07-10', 900090, 85.00, 98.6),
  (91, NULL, 51, 1, DATE '2025-08-11', 900091, 95.00, 110.2),
  (92, NULL, 51, 2, DATE '2025-09-12', 900092, 105.00, 121.8),
  (93, NULL, 52, 3, DATE '2025-10-13', 900093, 115.00, 133.4),
  (94, NULL, 52, 4, DATE '2025-11-14', 900094, 125.00, 145.0),
  (95, NULL, 53, 5, DATE '2025-12-15', 900095, 135.00, 156.6),
  (96, NULL, 53, 6, DATE '2025-01-16', 900096, 145.00, 168.2),
  (97, NULL, 54, 7, DATE '2025-02-17', 900097, 155.00, 179.8),
  (98, NULL, 54, 8, DATE '2025-03-18', 900098, 165.00, 191.4),
  (99, NULL, 55, 9, DATE '2025-04-19', 900099, 175.00, 203.0),
  (100, NULL, 55, 10, DATE '2025-05-20', 900100, 185.00, 214.6),
  (101, NULL, 56, 1, DATE '2025-06-21', 900101, 195.00, 226.2),
  (102, NULL, 56, 2, DATE '2025-07-22', 900102, 205.00, 237.8),
  (103, NULL, 57, 3, DATE '2025-08-23', 900103, 215.00, 249.4),
  (104, NULL, 57, 4, DATE '2025-09-24', 900104, 225.00, 261.0),
  (105, NULL, 58, 5, DATE '2025-10-25', 900105, 235.00, 272.6),
  (106, NULL, 58, 6, DATE '2025-11-26', 900106, 245.00, 284.2),
  (107, NULL, 59, 7, DATE '2025-12-27', 900107, 255.00, 295.8),
  (108, NULL, 59, 8, DATE '2025-01-01', 900108, 265.00, 307.4),
  (109, NULL, 60, 9, DATE '2025-02-02', 900109, 275.00, 319.0),
  (110, NULL, 60, 10, DATE '2025-03-03', 900110, 285.00, 330.6),
  (111, NULL, 61, 1, DATE '2025-04-04', 900111, 295.00, 342.2),
  (112, NULL, 61, 2, DATE '2025-05-05', 900112, 305.00, 353.8),
  (113, NULL, 62, 3, DATE '2025-06-06', 900113, 165.00, 191.4),
  (114, NULL, 62, 4, DATE '2025-07-07', 900114, 175.00, 203.0),
  (115, NULL, 63, 5, DATE '2025-08-08', 900115, 185.00, 214.6),
  (116, NULL, 63, 6, DATE '2025-09-09', 900116, 195.00, 226.2),
  (117, NULL, 64, 7, DATE '2025-10-10', 900117, 205.00, 237.8),
  (118, NULL, 64, 8, DATE '2025-11-11', 900118, 215.00, 249.4),
  (119, NULL, 65, 9, DATE '2025-12-12', 900119, 225.00, 261.0),
  (120, NULL, 65, 10, DATE '2025-01-13', 900120, 85.00, 98.6),
  (121, NULL, 66, 1, DATE '2025-02-14', 900121, 95.00, 110.2),
  (122, NULL, 66, 2, DATE '2025-03-15', 900122, 105.00, 121.8),
  (123, NULL, 67, 3, DATE '2025-04-16', 900123, 115.00, 133.4),
  (124, NULL, 67, 4, DATE '2025-05-17', 900124, 125.00, 145.0),
  (125, NULL, 68, 5, DATE '2025-06-18', 900125, 135.00, 156.6),
  (126, NULL, 68, 6, DATE '2025-07-19', 900126, 145.00, 168.2),
  (127, NULL, 69, 7, DATE '2025-08-20', 900127, 155.00, 179.8),
  (128, NULL, 69, 8, DATE '2025-09-21', 900128, 165.00, 191.4),
  (129, NULL, 70, 9, DATE '2025-10-22', 900129, 175.00, 203.0),
  (130, NULL, 70, 10, DATE '2025-11-23', 900130, 185.00, 214.6),
  (131, NULL, 71, 1, DATE '2025-12-24', 900131, 195.00, 226.2),
  (132, NULL, 71, 2, DATE '2025-01-25', 900132, 205.00, 237.8),
  (133, NULL, 72, 3, DATE '2025-02-26', 900133, 215.00, 249.4),
  (134, NULL, 72, 4, DATE '2025-03-27', 900134, 225.00, 261.0),
  (135, NULL, 73, 5, DATE '2025-04-01', 900135, 235.00, 272.6),
  (136, NULL, 73, 6, DATE '2025-05-02', 900136, 245.00, 284.2),
  (137, NULL, 74, 7, DATE '2025-06-03', 900137, 255.00, 295.8),
  (138, NULL, 74, 8, DATE '2025-07-04', 900138, 265.00, 307.4),
  (139, NULL, 75, 9, DATE '2025-08-05', 900139, 275.00, 319.0),
  (140, NULL, 75, 10, DATE '2025-09-06', 900140, 285.00, 330.6),
  (141, NULL, 76, 1, DATE '2025-10-07', 900141, 295.00, 342.2),
  (142, NULL, 76, 2, DATE '2025-11-08', 900142, 305.00, 353.8),
  (143, NULL, 77, 3, DATE '2025-12-09', 900143, 165.00, 191.4),
  (144, NULL, 77, 4, DATE '2025-01-10', 900144, 175.00, 203.0),
  (145, NULL, 78, 5, DATE '2025-02-11', 900145, 185.00, 214.6),
  (146, NULL, 78, 6, DATE '2025-03-12', 900146, 195.00, 226.2),
  (147, NULL, 79, 7, DATE '2025-04-13', 900147, 205.00, 237.8),
  (148, NULL, 79, 8, DATE '2025-05-14', 900148, 215.00, 249.4),
  (149, NULL, 80, 9, DATE '2025-06-15', 900149, 225.00, 261.0),
  (150, NULL, 80, 10, DATE '2025-07-16', 900150, 85.00, 98.6),
  (151, NULL, 81, 1, DATE '2025-08-17', 900151, 95.00, 110.2),
  (152, NULL, 81, 2, DATE '2025-09-18', 900152, 105.00, 121.8),
  (153, NULL, 82, 3, DATE '2025-10-19', 900153, 115.00, 133.4),
  (154, NULL, 82, 4, DATE '2025-11-20', 900154, 125.00, 145.0),
  (155, NULL, 83, 5, DATE '2025-12-21', 900155, 135.00, 156.6),
  (156, NULL, 83, 6, DATE '2025-01-22', 900156, 145.00, 168.2),
  (157, NULL, 84, 7, DATE '2025-02-23', 900157, 155.00, 179.8),
  (158, NULL, 84, 8, DATE '2025-03-24', 900158, 165.00, 191.4),
  (159, NULL, 85, 9, DATE '2025-04-25', 900159, 175.00, 203.0),
  (160, NULL, 85, 10, DATE '2025-05-26', 900160, 185.00, 214.6),
  (161, NULL, 86, 1, DATE '2025-06-27', 900161, 195.00, 226.2),
  (162, NULL, 86, 2, DATE '2025-07-01', 900162, 205.00, 237.8),
  (163, NULL, 87, 3, DATE '2025-08-02', 900163, 215.00, 249.4),
  (164, NULL, 87, 4, DATE '2025-09-03', 900164, 225.00, 261.0),
  (165, NULL, 88, 5, DATE '2025-10-04', 900165, 235.00, 272.6),
  (166, NULL, 88, 6, DATE '2025-11-05', 900166, 245.00, 284.2),
  (167, NULL, 89, 7, DATE '2025-12-06', 900167, 255.00, 295.8),
  (168, NULL, 89, 8, DATE '2025-01-07', 900168, 265.00, 307.4),
  (169, NULL, 90, 9, DATE '2025-02-08', 900169, 275.00, 319.0),
  (170, NULL, 90, 10, DATE '2025-03-09', 900170, 285.00, 330.6),
  (171, NULL, 91, 1, DATE '2025-04-10', 900171, 295.00, 342.2),
  (172, NULL, 91, 2, DATE '2025-05-11', 900172, 305.00, 353.8),
  (173, NULL, 92, 3, DATE '2025-06-12', 900173, 165.00, 191.4),
  (174, NULL, 92, 4, DATE '2025-07-13', 900174, 175.00, 203.0),
  (175, NULL, 93, 5, DATE '2025-08-14', 900175, 185.00, 214.6),
  (176, NULL, 93, 6, DATE '2025-09-15', 900176, 195.00, 226.2),
  (177, NULL, 94, 7, DATE '2025-10-16', 900177, 205.00, 237.8),
  (178, NULL, 94, 8, DATE '2025-11-17', 900178, 215.00, 249.4),
  (179, NULL, 95, 9, DATE '2025-12-18', 900179, 225.00, 261.0),
  (180, NULL, 95, 10, DATE '2025-01-19', 900180, 85.00, 98.6),
  (181, NULL, 96, 1, DATE '2025-02-20', 900181, 95.00, 110.2),
  (182, NULL, 96, 2, DATE '2025-03-21', 900182, 105.00, 121.8),
  (183, NULL, 97, 3, DATE '2025-04-22', 900183, 115.00, 133.4),
  (184, NULL, 97, 4, DATE '2025-05-23', 900184, 125.00, 145.0),
  (185, NULL, 98, 5, DATE '2025-06-24', 900185, 135.00, 156.6),
  (186, NULL, 98, 6, DATE '2025-07-25', 900186, 145.00, 168.2),
  (187, NULL, 99, 7, DATE '2025-08-26', 900187, 155.00, 179.8),
  (188, NULL, 99, 8, DATE '2025-09-27', 900188, 165.00, 191.4),
  (189, NULL, 100, 9, DATE '2025-10-01', 900189, 175.00, 203.0),
  (190, NULL, 100, 10, DATE '2025-11-02', 900190, 185.00, 214.6),
  (191, NULL, 101, 1, DATE '2025-12-03', 900191, 195.00, 226.2),
  (192, NULL, 101, 2, DATE '2025-01-04', 900192, 205.00, 237.8),
  (193, NULL, 102, 3, DATE '2025-02-05', 900193, 215.00, 249.4),
  (194, NULL, 102, 4, DATE '2025-03-06', 900194, 225.00, 261.0),
  (195, NULL, 103, 5, DATE '2025-04-07', 900195, 235.00, 272.6),
  (196, NULL, 103, 6, DATE '2025-05-08', 900196, 245.00, 284.2),
  (197, NULL, 104, 7, DATE '2025-06-09', 900197, 255.00, 295.8),
  (198, NULL, 104, 8, DATE '2025-07-10', 900198, 265.00, 307.4),
  (199, NULL, 105, 9, DATE '2025-08-11', 900199, 275.00, 319.0),
  (200, NULL, 105, 10, DATE '2025-09-12', 900200, 285.00, 330.6),
  (201, NULL, 106, 1, DATE '2025-10-13', 900201, 295.00, 342.2),
  (202, NULL, 106, 2, DATE '2025-11-14', 900202, 305.00, 353.8),
  (203, NULL, 107, 3, DATE '2025-12-15', 900203, 165.00, 191.4),
  (204, NULL, 107, 4, DATE '2025-01-16', 900204, 175.00, 203.0),
  (205, NULL, 108, 5, DATE '2025-02-17', 900205, 185.00, 214.6),
  (206, NULL, 108, 6, DATE '2025-03-18', 900206, 195.00, 226.2),
  (207, NULL, 109, 7, DATE '2025-04-19', 900207, 205.00, 237.8),
  (208, NULL, 109, 8, DATE '2025-05-20', 900208, 215.00, 249.4),
  (209, NULL, 110, 9, DATE '2025-06-21', 900209, 225.00, 261.0),
  (210, NULL, 110, 10, DATE '2025-07-22', 900210, 85.00, 98.6),
  (211, NULL, 111, 1, DATE '2025-08-23', 900211, 95.00, 110.2),
  (212, NULL, 111, 2, DATE '2025-09-24', 900212, 105.00, 121.8),
  (213, NULL, 112, 3, DATE '2025-10-25', 900213, 115.00, 133.4),
  (214, NULL, 112, 4, DATE '2025-11-26', 900214, 125.00, 145.0),
  (215, NULL, 113, 5, DATE '2025-12-27', 900215, 135.00, 156.6),
  (216, NULL, 113, 6, DATE '2025-01-01', 900216, 145.00, 168.2),
  (217, NULL, 114, 7, DATE '2025-02-02', 900217, 155.00, 179.8),
  (218, NULL, 114, 8, DATE '2025-03-03', 900218, 165.00, 191.4),
  (219, NULL, 115, 9, DATE '2025-04-04', 900219, 175.00, 203.0),
  (220, NULL, 115, 10, DATE '2025-05-05', 900220, 185.00, 214.6),
  (221, NULL, 116, 1, DATE '2025-06-06', 900221, 195.00, 226.2),
  (222, NULL, 116, 2, DATE '2025-07-07', 900222, 205.00, 237.8),
  (223, NULL, 117, 3, DATE '2025-08-08', 900223, 215.00, 249.4),
  (224, NULL, 117, 4, DATE '2025-09-09', 900224, 225.00, 261.0),
  (225, NULL, 118, 5, DATE '2025-10-10', 900225, 235.00, 272.6),
  (226, NULL, 118, 6, DATE '2025-11-11', 900226, 245.00, 284.2),
  (227, NULL, 119, 7, DATE '2025-12-12', 900227, 255.00, 295.8),
  (228, NULL, 119, 8, DATE '2025-01-13', 900228, 265.00, 307.4),
  (229, NULL, 120, 9, DATE '2025-02-14', 900229, 275.00, 319.0),
  (230, NULL, 120, 10, DATE '2025-03-15', 900230, 285.00, 330.6),
  (231, NULL, 121, 1, DATE '2025-04-16', 900231, 295.00, 342.2),
  (232, NULL, 121, 2, DATE '2025-05-17', 900232, 305.00, 353.8),
  (233, NULL, 122, 3, DATE '2025-06-18', 900233, 165.00, 191.4),
  (234, NULL, 122, 4, DATE '2025-07-19', 900234, 175.00, 203.0),
  (235, NULL, 123, 5, DATE '2025-08-20', 900235, 185.00, 214.6),
  (236, NULL, 123, 6, DATE '2025-09-21', 900236, 195.00, 226.2),
  (237, NULL, 124, 7, DATE '2025-10-22', 900237, 205.00, 237.8),
  (238, NULL, 124, 8, DATE '2025-11-23', 900238, 215.00, 249.4),
  (239, NULL, 125, 9, DATE '2025-12-24', 900239, 225.00, 261.0),
  (240, NULL, 125, 10, DATE '2025-01-25', 900240, 85.00, 98.6),
  (241, NULL, 126, 1, DATE '2025-02-26', 900241, 95.00, 110.2),
  (242, NULL, 126, 2, DATE '2025-03-27', 900242, 105.00, 121.8),
  (243, NULL, 127, 3, DATE '2025-04-01', 900243, 115.00, 133.4),
  (244, NULL, 127, 4, DATE '2025-05-02', 900244, 125.00, 145.0),
  (245, NULL, 128, 5, DATE '2025-06-03', 900245, 135.00, 156.6),
  (246, NULL, 128, 6, DATE '2025-07-04', 900246, 145.00, 168.2),
  (247, NULL, 129, 7, DATE '2025-08-05', 900247, 155.00, 179.8),
  (248, NULL, 129, 8, DATE '2025-09-06', 900248, 165.00, 191.4),
  (249, NULL, 130, 9, DATE '2025-10-07', 900249, 175.00, 203.0),
  (250, NULL, 130, 10, DATE '2025-11-08', 900250, 185.00, 214.6),
  (251, NULL, 131, 1, DATE '2025-12-09', 900251, 195.00, 226.2),
  (252, NULL, 131, 2, DATE '2025-01-10', 900252, 205.00, 237.8),
  (253, NULL, 132, 3, DATE '2025-02-11', 900253, 215.00, 249.4),
  (254, NULL, 132, 4, DATE '2025-03-12', 900254, 225.00, 261.0),
  (255, NULL, 133, 5, DATE '2025-04-13', 900255, 235.00, 272.6),
  (256, NULL, 133, 6, DATE '2025-05-14', 900256, 245.00, 284.2),
  (257, NULL, 134, 7, DATE '2025-06-15', 900257, 255.00, 295.8),
  (258, NULL, 134, 8, DATE '2025-07-16', 900258, 265.00, 307.4),
  (259, NULL, 135, 9, DATE '2025-08-17', 900259, 275.00, 319.0),
  (260, NULL, 135, 10, DATE '2025-09-18', 900260, 285.00, 330.6),
  (261, NULL, 136, 1, DATE '2025-10-19', 900261, 295.00, 342.2),
  (262, NULL, 136, 2, DATE '2025-11-20', 900262, 305.00, 353.8),
  (263, NULL, 137, 3, DATE '2025-12-21', 900263, 165.00, 191.4),
  (264, NULL, 137, 4, DATE '2025-01-22', 900264, 175.00, 203.0),
  (265, NULL, 138, 5, DATE '2025-02-23', 900265, 185.00, 214.6),
  (266, NULL, 138, 6, DATE '2025-03-24', 900266, 195.00, 226.2),
  (267, NULL, 139, 7, DATE '2025-04-25', 900267, 205.00, 237.8),
  (268, NULL, 139, 8, DATE '2025-05-26', 900268, 215.00, 249.4),
  (269, NULL, 140, 9, DATE '2025-06-27', 900269, 225.00, 261.0),
  (270, NULL, 140, 10, DATE '2025-07-01', 900270, 85.00, 98.6),
  (271, NULL, 141, 1, DATE '2025-08-02', 900271, 95.00, 110.2),
  (272, NULL, 141, 2, DATE '2025-09-03', 900272, 105.00, 121.8),
  (273, NULL, 142, 3, DATE '2025-10-04', 900273, 115.00, 133.4),
  (274, NULL, 142, 4, DATE '2025-11-05', 900274, 125.00, 145.0),
  (275, NULL, 143, 5, DATE '2025-12-06', 900275, 135.00, 156.6),
  (276, NULL, 143, 6, DATE '2025-01-07', 900276, 145.00, 168.2),
  (277, NULL, 144, 7, DATE '2025-02-08', 900277, 155.00, 179.8),
  (278, NULL, 144, 8, DATE '2025-03-09', 900278, 165.00, 191.4),
  (279, NULL, 145, 9, DATE '2025-04-10', 900279, 175.00, 203.0),
  (280, NULL, 145, 10, DATE '2025-05-11', 900280, 185.00, 214.6),
  (281, NULL, 146, 1, DATE '2025-06-12', 900281, 195.00, 226.2),
  (282, NULL, 146, 2, DATE '2025-07-13', 900282, 205.00, 237.8),
  (283, NULL, 147, 3, DATE '2025-08-14', 900283, 215.00, 249.4),
  (284, NULL, 147, 4, DATE '2025-09-15', 900284, 225.00, 261.0),
  (285, NULL, 148, 5, DATE '2025-10-16', 900285, 235.00, 272.6),
  (286, NULL, 148, 6, DATE '2025-11-17', 900286, 245.00, 284.2),
  (287, NULL, 149, 7, DATE '2025-12-18', 900287, 255.00, 295.8),
  (288, NULL, 149, 8, DATE '2025-01-19', 900288, 265.00, 307.4),
  (289, NULL, 150, 9, DATE '2025-02-20', 900289, 275.00, 319.0),
  (290, NULL, 150, 10, DATE '2025-03-21', 900290, 285.00, 330.6),
  (291, NULL, 151, 1, DATE '2025-04-22', 900291, 295.00, 342.2),
  (292, NULL, 151, 2, DATE '2025-05-23', 900292, 305.00, 353.8),
  (293, NULL, 152, 3, DATE '2025-06-24', 900293, 165.00, 191.4),
  (294, NULL, 152, 4, DATE '2025-07-25', 900294, 175.00, 203.0),
  (295, NULL, 153, 5, DATE '2025-08-26', 900295, 185.00, 214.6),
  (296, NULL, 153, 6, DATE '2025-09-27', 900296, 195.00, 226.2),
  (297, NULL, 154, 7, DATE '2025-10-01', 900297, 205.00, 237.8),
  (298, NULL, 154, 8, DATE '2025-11-02', 900298, 215.00, 249.4),
  (299, NULL, 155, 9, DATE '2025-12-03', 900299, 225.00, 261.0),
  (300, NULL, 155, 10, DATE '2025-01-04', 900300, 85.00, 98.6),
  (301, NULL, 156, 1, DATE '2025-02-05', 900301, 95.00, 110.2),
  (302, NULL, 156, 2, DATE '2025-03-06', 900302, 105.00, 121.8),
  (303, NULL, 157, 3, DATE '2025-04-07', 900303, 115.00, 133.4),
  (304, NULL, 157, 4, DATE '2025-05-08', 900304, 125.00, 145.0),
  (305, NULL, 158, 5, DATE '2025-06-09', 900305, 135.00, 156.6),
  (306, NULL, 158, 6, DATE '2025-07-10', 900306, 145.00, 168.2),
  (307, NULL, 159, 7, DATE '2025-08-11', 900307, 155.00, 179.8),
  (308, NULL, 159, 8, DATE '2025-09-12', 900308, 165.00, 191.4),
  (309, NULL, 160, 9, DATE '2025-10-13', 900309, 175.00, 203.0),
  (310, NULL, 160, 10, DATE '2025-11-14', 900310, 185.00, 214.6),
  (311, NULL, 161, 1, DATE '2025-12-15', 900311, 195.00, 226.2),
  (312, NULL, 161, 2, DATE '2025-01-16', 900312, 205.00, 237.8),
  (313, NULL, 162, 3, DATE '2025-02-17', 900313, 215.00, 249.4),
  (314, NULL, 162, 4, DATE '2025-03-18', 900314, 225.00, 261.0),
  (315, NULL, 163, 5, DATE '2025-04-19', 900315, 235.00, 272.6),
  (316, NULL, 163, 6, DATE '2025-05-20', 900316, 245.00, 284.2),
  (317, NULL, 164, 7, DATE '2025-06-21', 900317, 255.00, 295.8),
  (318, NULL, 164, 8, DATE '2025-07-22', 900318, 265.00, 307.4),
  (319, NULL, 165, 9, DATE '2025-08-23', 900319, 275.00, 319.0),
  (320, NULL, 165, 10, DATE '2025-09-24', 900320, 285.00, 330.6),
  (321, NULL, 166, 1, DATE '2025-10-25', 900321, 295.00, 342.2),
  (322, NULL, 166, 2, DATE '2025-11-26', 900322, 305.00, 353.8),
  (323, NULL, 167, 3, DATE '2025-12-27', 900323, 165.00, 191.4),
  (324, NULL, 167, 4, DATE '2025-01-01', 900324, 175.00, 203.0),
  (325, NULL, 168, 5, DATE '2025-02-02', 900325, 185.00, 214.6),
  (326, NULL, 168, 6, DATE '2025-03-03', 900326, 195.00, 226.2),
  (327, NULL, 169, 7, DATE '2025-04-04', 900327, 205.00, 237.8),
  (328, NULL, 169, 8, DATE '2025-05-05', 900328, 215.00, 249.4),
  (329, NULL, 170, 9, DATE '2025-06-06', 900329, 225.00, 261.0),
  (330, NULL, 170, 10, DATE '2025-07-07', 900330, 85.00, 98.6),
  (331, NULL, 171, 1, DATE '2025-08-08', 900331, 95.00, 110.2),
  (332, NULL, 171, 2, DATE '2025-09-09', 900332, 105.00, 121.8),
  (333, NULL, 172, 3, DATE '2025-10-10', 900333, 115.00, 133.4),
  (334, NULL, 172, 4, DATE '2025-11-11', 900334, 125.00, 145.0),
  (335, NULL, 173, 5, DATE '2025-12-12', 900335, 135.00, 156.6),
  (336, NULL, 173, 6, DATE '2025-01-13', 900336, 145.00, 168.2),
  (337, NULL, 174, 7, DATE '2025-02-14', 900337, 155.00, 179.8),
  (338, NULL, 174, 8, DATE '2025-03-15', 900338, 165.00, 191.4),
  (339, NULL, 175, 9, DATE '2025-04-16', 900339, 175.00, 203.0),
  (340, NULL, 175, 10, DATE '2025-05-17', 900340, 185.00, 214.6),
  (341, NULL, 176, 1, DATE '2025-06-18', 900341, 195.00, 226.2),
  (342, NULL, 176, 2, DATE '2025-07-19', 900342, 205.00, 237.8),
  (343, NULL, 177, 3, DATE '2025-08-20', 900343, 215.00, 249.4),
  (344, NULL, 177, 4, DATE '2025-09-21', 900344, 225.00, 261.0),
  (345, NULL, 178, 5, DATE '2025-10-22', 900345, 235.00, 272.6),
  (346, NULL, 178, 6, DATE '2025-11-23', 900346, 245.00, 284.2),
  (347, NULL, 179, 7, DATE '2025-12-24', 900347, 255.00, 295.8),
  (348, NULL, 179, 8, DATE '2025-01-25', 900348, 265.00, 307.4),
  (349, NULL, 180, 9, DATE '2025-02-26', 900349, 275.00, 319.0),
  (350, NULL, 180, 10, DATE '2025-03-27', 900350, 285.00, 330.6),
  (351, NULL, 181, 1, DATE '2025-04-01', 900351, 295.00, 342.2),
  (352, NULL, 181, 2, DATE '2025-05-02', 900352, 305.00, 353.8),
  (353, NULL, 182, 3, DATE '2025-06-03', 900353, 165.00, 191.4),
  (354, NULL, 182, 4, DATE '2025-07-04', 900354, 175.00, 203.0),
  (355, NULL, 183, 5, DATE '2025-08-05', 900355, 185.00, 214.6),
  (356, NULL, 183, 6, DATE '2025-09-06', 900356, 195.00, 226.2),
  (357, NULL, 184, 7, DATE '2025-10-07', 900357, 205.00, 237.8),
  (358, NULL, 184, 8, DATE '2025-11-08', 900358, 215.00, 249.4),
  (359, NULL, 185, 9, DATE '2025-12-09', 900359, 225.00, 261.0),
  (360, NULL, 185, 10, DATE '2025-01-10', 900360, 85.00, 98.6),
  (361, NULL, 186, 1, DATE '2025-02-11', 900361, 95.00, 110.2),
  (362, NULL, 186, 2, DATE '2025-03-12', 900362, 105.00, 121.8),
  (363, NULL, 187, 3, DATE '2025-04-13', 900363, 115.00, 133.4),
  (364, NULL, 187, 4, DATE '2025-05-14', 900364, 125.00, 145.0),
  (365, NULL, 188, 5, DATE '2025-06-15', 900365, 135.00, 156.6),
  (366, NULL, 188, 6, DATE '2025-07-16', 900366, 145.00, 168.2),
  (367, NULL, 189, 7, DATE '2025-08-17', 900367, 155.00, 179.8),
  (368, NULL, 189, 8, DATE '2025-09-18', 900368, 165.00, 191.4),
  (369, NULL, 190, 9, DATE '2025-10-19', 900369, 175.00, 203.0),
  (370, NULL, 190, 10, DATE '2025-11-20', 900370, 185.00, 214.6),
  (371, NULL, 191, 1, DATE '2025-12-21', 900371, 195.00, 226.2),
  (372, NULL, 191, 2, DATE '2025-01-22', 900372, 205.00, 237.8),
  (373, NULL, 192, 3, DATE '2025-02-23', 900373, 215.00, 249.4),
  (374, NULL, 192, 4, DATE '2025-03-24', 900374, 225.00, 261.0),
  (375, NULL, 193, 5, DATE '2025-04-25', 900375, 235.00, 272.6),
  (376, NULL, 193, 6, DATE '2025-05-26', 900376, 245.00, 284.2),
  (377, NULL, 194, 7, DATE '2025-06-27', 900377, 255.00, 295.8),
  (378, NULL, 194, 8, DATE '2025-07-01', 900378, 265.00, 307.4),
  (379, NULL, 195, 9, DATE '2025-08-02', 900379, 275.00, 319.0),
  (380, NULL, 195, 10, DATE '2025-09-03', 900380, 285.00, 330.6),
  (381, NULL, 196, 1, DATE '2025-10-04', 900381, 295.00, 342.2),
  (382, NULL, 196, 2, DATE '2025-11-05', 900382, 305.00, 353.8),
  (383, NULL, 197, 3, DATE '2025-12-06', 900383, 165.00, 191.4),
  (384, NULL, 197, 4, DATE '2025-01-07', 900384, 175.00, 203.0),
  (385, NULL, 198, 5, DATE '2025-02-08', 900385, 185.00, 214.6),
  (386, NULL, 198, 6, DATE '2025-03-09', 900386, 195.00, 226.2),
  (387, NULL, 199, 7, DATE '2025-04-10', 900387, 205.00, 237.8),
  (388, NULL, 199, 8, DATE '2025-05-11', 900388, 215.00, 249.4),
  (389, NULL, 200, 9, DATE '2025-06-12', 900389, 225.00, 261.0),
  (390, NULL, 200, 10, DATE '2025-07-13', 900390, 85.00, 98.6),
  (391, NULL, 201, 1, DATE '2025-08-14', 900391, 95.00, 110.2),
  (392, NULL, 201, 2, DATE '2025-09-15', 900392, 105.00, 121.8),
  (393, NULL, 202, 3, DATE '2025-10-16', 900393, 115.00, 133.4),
  (394, NULL, 202, 4, DATE '2025-11-17', 900394, 125.00, 145.0),
  (395, NULL, 203, 5, DATE '2025-12-18', 900395, 135.00, 156.6),
  (396, NULL, 203, 6, DATE '2025-01-19', 900396, 145.00, 168.2),
  (397, NULL, 204, 7, DATE '2025-02-20', 900397, 155.00, 179.8),
  (398, NULL, 204, 8, DATE '2025-03-21', 900398, 165.00, 191.4),
  (399, NULL, 205, 9, DATE '2025-04-22', 900399, 175.00, 203.0),
  (400, NULL, 205, 10, DATE '2025-05-23', 900400, 185.00, 214.6);

-- ============================================================================
-- CAPA C.2 — DETALLE_ORDEN_B2C (800) — 2 productos por orden, cantidad=1
-- ============================================================================
INSERT INTO DETALLE_ORDEN_B2C (ID_PIEZA, ID_MOLDE, ID_MATERIAPRIMA, BAS_ID_BASEDISENO, ID_BASEDISENO, ID_PRODUCTO, ID_ORDEN_COMPRA_B2C, CANTIDAD_ORDEN_B2C, PRECIO_UNITARIO_B2C) VALUES
  (2, 2, 2, 2, 2, 2, 1, 1, 30.00),
  (9, 9, 9, 9, 9, 9, 1, 1, 65.00),
  (3, 3, 3, 3, 3, 3, 2, 1, 35.00),
  (10, 10, 10, 10, 10, 10, 2, 1, 70.00),
  (4, 4, 4, 4, 4, 4, 3, 1, 40.00),
  (1, 1, 1, 1, 1, 11, 3, 1, 75.00),
  (5, 5, 5, 5, 5, 5, 4, 1, 45.00),
  (2, 2, 2, 2, 2, 12, 4, 1, 80.00),
  (6, 6, 6, 6, 6, 6, 5, 1, 50.00),
  (3, 3, 3, 3, 3, 13, 5, 1, 85.00),
  (7, 7, 7, 7, 7, 7, 6, 1, 55.00),
  (4, 4, 4, 4, 4, 14, 6, 1, 90.00),
  (8, 8, 8, 8, 8, 8, 7, 1, 60.00),
  (5, 5, 5, 5, 5, 15, 7, 1, 95.00),
  (9, 9, 9, 9, 9, 9, 8, 1, 65.00),
  (6, 6, 6, 6, 6, 16, 8, 1, 100.00),
  (10, 10, 10, 10, 10, 10, 9, 1, 70.00),
  (7, 7, 7, 7, 7, 17, 9, 1, 105.00),
  (1, 1, 1, 1, 1, 11, 10, 1, 75.00),
  (8, 8, 8, 8, 8, 18, 10, 1, 110.00),
  (2, 2, 2, 2, 2, 12, 11, 1, 80.00),
  (9, 9, 9, 9, 9, 19, 11, 1, 115.00),
  (3, 3, 3, 3, 3, 13, 12, 1, 85.00),
  (10, 10, 10, 10, 10, 20, 12, 1, 120.00),
  (4, 4, 4, 4, 4, 14, 13, 1, 90.00),
  (1, 1, 1, 1, 1, 21, 13, 1, 125.00),
  (5, 5, 5, 5, 5, 15, 14, 1, 95.00),
  (2, 2, 2, 2, 2, 22, 14, 1, 130.00),
  (6, 6, 6, 6, 6, 16, 15, 1, 100.00),
  (3, 3, 3, 3, 3, 23, 15, 1, 135.00),
  (7, 7, 7, 7, 7, 17, 16, 1, 105.00),
  (4, 4, 4, 4, 4, 24, 16, 1, 140.00),
  (8, 8, 8, 8, 8, 18, 17, 1, 110.00),
  (5, 5, 5, 5, 5, 25, 17, 1, 145.00),
  (9, 9, 9, 9, 9, 19, 18, 1, 115.00),
  (6, 6, 6, 6, 6, 26, 18, 1, 150.00),
  (10, 10, 10, 10, 10, 20, 19, 1, 120.00),
  (7, 7, 7, 7, 7, 27, 19, 1, 155.00),
  (1, 1, 1, 1, 1, 21, 20, 1, 125.00),
  (8, 8, 8, 8, 8, 28, 20, 1, 160.00),
  (2, 2, 2, 2, 2, 22, 21, 1, 130.00),
  (9, 9, 9, 9, 9, 29, 21, 1, 165.00),
  (3, 3, 3, 3, 3, 23, 22, 1, 135.00),
  (10, 10, 10, 10, 10, 30, 22, 1, 170.00),
  (4, 4, 4, 4, 4, 24, 23, 1, 140.00),
  (1, 1, 1, 1, 1, 1, 23, 1, 25.00),
  (5, 5, 5, 5, 5, 25, 24, 1, 145.00),
  (2, 2, 2, 2, 2, 2, 24, 1, 30.00),
  (6, 6, 6, 6, 6, 26, 25, 1, 150.00),
  (3, 3, 3, 3, 3, 3, 25, 1, 35.00),
  (7, 7, 7, 7, 7, 27, 26, 1, 155.00),
  (4, 4, 4, 4, 4, 4, 26, 1, 40.00),
  (8, 8, 8, 8, 8, 28, 27, 1, 160.00),
  (5, 5, 5, 5, 5, 5, 27, 1, 45.00),
  (9, 9, 9, 9, 9, 29, 28, 1, 165.00),
  (6, 6, 6, 6, 6, 6, 28, 1, 50.00),
  (10, 10, 10, 10, 10, 30, 29, 1, 170.00),
  (7, 7, 7, 7, 7, 7, 29, 1, 55.00),
  (1, 1, 1, 1, 1, 1, 30, 1, 25.00),
  (8, 8, 8, 8, 8, 8, 30, 1, 60.00),
  (2, 2, 2, 2, 2, 2, 31, 1, 30.00),
  (9, 9, 9, 9, 9, 9, 31, 1, 65.00),
  (3, 3, 3, 3, 3, 3, 32, 1, 35.00),
  (10, 10, 10, 10, 10, 10, 32, 1, 70.00),
  (4, 4, 4, 4, 4, 4, 33, 1, 40.00),
  (1, 1, 1, 1, 1, 11, 33, 1, 75.00),
  (5, 5, 5, 5, 5, 5, 34, 1, 45.00),
  (2, 2, 2, 2, 2, 12, 34, 1, 80.00),
  (6, 6, 6, 6, 6, 6, 35, 1, 50.00),
  (3, 3, 3, 3, 3, 13, 35, 1, 85.00),
  (7, 7, 7, 7, 7, 7, 36, 1, 55.00),
  (4, 4, 4, 4, 4, 14, 36, 1, 90.00),
  (8, 8, 8, 8, 8, 8, 37, 1, 60.00),
  (5, 5, 5, 5, 5, 15, 37, 1, 95.00),
  (9, 9, 9, 9, 9, 9, 38, 1, 65.00),
  (6, 6, 6, 6, 6, 16, 38, 1, 100.00),
  (10, 10, 10, 10, 10, 10, 39, 1, 70.00),
  (7, 7, 7, 7, 7, 17, 39, 1, 105.00),
  (1, 1, 1, 1, 1, 11, 40, 1, 75.00),
  (8, 8, 8, 8, 8, 18, 40, 1, 110.00),
  (2, 2, 2, 2, 2, 12, 41, 1, 80.00),
  (9, 9, 9, 9, 9, 19, 41, 1, 115.00),
  (3, 3, 3, 3, 3, 13, 42, 1, 85.00),
  (10, 10, 10, 10, 10, 20, 42, 1, 120.00),
  (4, 4, 4, 4, 4, 14, 43, 1, 90.00),
  (1, 1, 1, 1, 1, 21, 43, 1, 125.00),
  (5, 5, 5, 5, 5, 15, 44, 1, 95.00),
  (2, 2, 2, 2, 2, 22, 44, 1, 130.00),
  (6, 6, 6, 6, 6, 16, 45, 1, 100.00),
  (3, 3, 3, 3, 3, 23, 45, 1, 135.00),
  (7, 7, 7, 7, 7, 17, 46, 1, 105.00),
  (4, 4, 4, 4, 4, 24, 46, 1, 140.00),
  (8, 8, 8, 8, 8, 18, 47, 1, 110.00),
  (5, 5, 5, 5, 5, 25, 47, 1, 145.00),
  (9, 9, 9, 9, 9, 19, 48, 1, 115.00),
  (6, 6, 6, 6, 6, 26, 48, 1, 150.00),
  (10, 10, 10, 10, 10, 20, 49, 1, 120.00),
  (7, 7, 7, 7, 7, 27, 49, 1, 155.00),
  (1, 1, 1, 1, 1, 21, 50, 1, 125.00),
  (8, 8, 8, 8, 8, 28, 50, 1, 160.00),
  (2, 2, 2, 2, 2, 22, 51, 1, 130.00),
  (9, 9, 9, 9, 9, 29, 51, 1, 165.00),
  (3, 3, 3, 3, 3, 23, 52, 1, 135.00),
  (10, 10, 10, 10, 10, 30, 52, 1, 170.00),
  (4, 4, 4, 4, 4, 24, 53, 1, 140.00),
  (1, 1, 1, 1, 1, 1, 53, 1, 25.00),
  (5, 5, 5, 5, 5, 25, 54, 1, 145.00),
  (2, 2, 2, 2, 2, 2, 54, 1, 30.00),
  (6, 6, 6, 6, 6, 26, 55, 1, 150.00),
  (3, 3, 3, 3, 3, 3, 55, 1, 35.00),
  (7, 7, 7, 7, 7, 27, 56, 1, 155.00),
  (4, 4, 4, 4, 4, 4, 56, 1, 40.00),
  (8, 8, 8, 8, 8, 28, 57, 1, 160.00),
  (5, 5, 5, 5, 5, 5, 57, 1, 45.00),
  (9, 9, 9, 9, 9, 29, 58, 1, 165.00),
  (6, 6, 6, 6, 6, 6, 58, 1, 50.00),
  (10, 10, 10, 10, 10, 30, 59, 1, 170.00),
  (7, 7, 7, 7, 7, 7, 59, 1, 55.00),
  (1, 1, 1, 1, 1, 1, 60, 1, 25.00),
  (8, 8, 8, 8, 8, 8, 60, 1, 60.00),
  (2, 2, 2, 2, 2, 2, 61, 1, 30.00),
  (9, 9, 9, 9, 9, 9, 61, 1, 65.00),
  (3, 3, 3, 3, 3, 3, 62, 1, 35.00),
  (10, 10, 10, 10, 10, 10, 62, 1, 70.00),
  (4, 4, 4, 4, 4, 4, 63, 1, 40.00),
  (1, 1, 1, 1, 1, 11, 63, 1, 75.00),
  (5, 5, 5, 5, 5, 5, 64, 1, 45.00),
  (2, 2, 2, 2, 2, 12, 64, 1, 80.00),
  (6, 6, 6, 6, 6, 6, 65, 1, 50.00),
  (3, 3, 3, 3, 3, 13, 65, 1, 85.00),
  (7, 7, 7, 7, 7, 7, 66, 1, 55.00),
  (4, 4, 4, 4, 4, 14, 66, 1, 90.00),
  (8, 8, 8, 8, 8, 8, 67, 1, 60.00),
  (5, 5, 5, 5, 5, 15, 67, 1, 95.00),
  (9, 9, 9, 9, 9, 9, 68, 1, 65.00),
  (6, 6, 6, 6, 6, 16, 68, 1, 100.00),
  (10, 10, 10, 10, 10, 10, 69, 1, 70.00),
  (7, 7, 7, 7, 7, 17, 69, 1, 105.00),
  (1, 1, 1, 1, 1, 11, 70, 1, 75.00),
  (8, 8, 8, 8, 8, 18, 70, 1, 110.00),
  (2, 2, 2, 2, 2, 12, 71, 1, 80.00),
  (9, 9, 9, 9, 9, 19, 71, 1, 115.00),
  (3, 3, 3, 3, 3, 13, 72, 1, 85.00),
  (10, 10, 10, 10, 10, 20, 72, 1, 120.00),
  (4, 4, 4, 4, 4, 14, 73, 1, 90.00),
  (1, 1, 1, 1, 1, 21, 73, 1, 125.00),
  (5, 5, 5, 5, 5, 15, 74, 1, 95.00),
  (2, 2, 2, 2, 2, 22, 74, 1, 130.00),
  (6, 6, 6, 6, 6, 16, 75, 1, 100.00),
  (3, 3, 3, 3, 3, 23, 75, 1, 135.00),
  (7, 7, 7, 7, 7, 17, 76, 1, 105.00),
  (4, 4, 4, 4, 4, 24, 76, 1, 140.00),
  (8, 8, 8, 8, 8, 18, 77, 1, 110.00),
  (5, 5, 5, 5, 5, 25, 77, 1, 145.00),
  (9, 9, 9, 9, 9, 19, 78, 1, 115.00),
  (6, 6, 6, 6, 6, 26, 78, 1, 150.00),
  (10, 10, 10, 10, 10, 20, 79, 1, 120.00),
  (7, 7, 7, 7, 7, 27, 79, 1, 155.00),
  (1, 1, 1, 1, 1, 21, 80, 1, 125.00),
  (8, 8, 8, 8, 8, 28, 80, 1, 160.00),
  (2, 2, 2, 2, 2, 22, 81, 1, 130.00),
  (9, 9, 9, 9, 9, 29, 81, 1, 165.00),
  (3, 3, 3, 3, 3, 23, 82, 1, 135.00),
  (10, 10, 10, 10, 10, 30, 82, 1, 170.00),
  (4, 4, 4, 4, 4, 24, 83, 1, 140.00),
  (1, 1, 1, 1, 1, 1, 83, 1, 25.00),
  (5, 5, 5, 5, 5, 25, 84, 1, 145.00),
  (2, 2, 2, 2, 2, 2, 84, 1, 30.00),
  (6, 6, 6, 6, 6, 26, 85, 1, 150.00),
  (3, 3, 3, 3, 3, 3, 85, 1, 35.00),
  (7, 7, 7, 7, 7, 27, 86, 1, 155.00),
  (4, 4, 4, 4, 4, 4, 86, 1, 40.00),
  (8, 8, 8, 8, 8, 28, 87, 1, 160.00),
  (5, 5, 5, 5, 5, 5, 87, 1, 45.00),
  (9, 9, 9, 9, 9, 29, 88, 1, 165.00),
  (6, 6, 6, 6, 6, 6, 88, 1, 50.00),
  (10, 10, 10, 10, 10, 30, 89, 1, 170.00),
  (7, 7, 7, 7, 7, 7, 89, 1, 55.00),
  (1, 1, 1, 1, 1, 1, 90, 1, 25.00),
  (8, 8, 8, 8, 8, 8, 90, 1, 60.00),
  (2, 2, 2, 2, 2, 2, 91, 1, 30.00),
  (9, 9, 9, 9, 9, 9, 91, 1, 65.00),
  (3, 3, 3, 3, 3, 3, 92, 1, 35.00),
  (10, 10, 10, 10, 10, 10, 92, 1, 70.00),
  (4, 4, 4, 4, 4, 4, 93, 1, 40.00),
  (1, 1, 1, 1, 1, 11, 93, 1, 75.00),
  (5, 5, 5, 5, 5, 5, 94, 1, 45.00),
  (2, 2, 2, 2, 2, 12, 94, 1, 80.00),
  (6, 6, 6, 6, 6, 6, 95, 1, 50.00),
  (3, 3, 3, 3, 3, 13, 95, 1, 85.00),
  (7, 7, 7, 7, 7, 7, 96, 1, 55.00),
  (4, 4, 4, 4, 4, 14, 96, 1, 90.00),
  (8, 8, 8, 8, 8, 8, 97, 1, 60.00),
  (5, 5, 5, 5, 5, 15, 97, 1, 95.00),
  (9, 9, 9, 9, 9, 9, 98, 1, 65.00),
  (6, 6, 6, 6, 6, 16, 98, 1, 100.00),
  (10, 10, 10, 10, 10, 10, 99, 1, 70.00),
  (7, 7, 7, 7, 7, 17, 99, 1, 105.00),
  (1, 1, 1, 1, 1, 11, 100, 1, 75.00),
  (8, 8, 8, 8, 8, 18, 100, 1, 110.00),
  (2, 2, 2, 2, 2, 12, 101, 1, 80.00),
  (9, 9, 9, 9, 9, 19, 101, 1, 115.00),
  (3, 3, 3, 3, 3, 13, 102, 1, 85.00),
  (10, 10, 10, 10, 10, 20, 102, 1, 120.00),
  (4, 4, 4, 4, 4, 14, 103, 1, 90.00),
  (1, 1, 1, 1, 1, 21, 103, 1, 125.00),
  (5, 5, 5, 5, 5, 15, 104, 1, 95.00),
  (2, 2, 2, 2, 2, 22, 104, 1, 130.00),
  (6, 6, 6, 6, 6, 16, 105, 1, 100.00),
  (3, 3, 3, 3, 3, 23, 105, 1, 135.00),
  (7, 7, 7, 7, 7, 17, 106, 1, 105.00),
  (4, 4, 4, 4, 4, 24, 106, 1, 140.00),
  (8, 8, 8, 8, 8, 18, 107, 1, 110.00),
  (5, 5, 5, 5, 5, 25, 107, 1, 145.00),
  (9, 9, 9, 9, 9, 19, 108, 1, 115.00),
  (6, 6, 6, 6, 6, 26, 108, 1, 150.00),
  (10, 10, 10, 10, 10, 20, 109, 1, 120.00),
  (7, 7, 7, 7, 7, 27, 109, 1, 155.00),
  (1, 1, 1, 1, 1, 21, 110, 1, 125.00),
  (8, 8, 8, 8, 8, 28, 110, 1, 160.00),
  (2, 2, 2, 2, 2, 22, 111, 1, 130.00),
  (9, 9, 9, 9, 9, 29, 111, 1, 165.00),
  (3, 3, 3, 3, 3, 23, 112, 1, 135.00),
  (10, 10, 10, 10, 10, 30, 112, 1, 170.00),
  (4, 4, 4, 4, 4, 24, 113, 1, 140.00),
  (1, 1, 1, 1, 1, 1, 113, 1, 25.00),
  (5, 5, 5, 5, 5, 25, 114, 1, 145.00),
  (2, 2, 2, 2, 2, 2, 114, 1, 30.00),
  (6, 6, 6, 6, 6, 26, 115, 1, 150.00),
  (3, 3, 3, 3, 3, 3, 115, 1, 35.00),
  (7, 7, 7, 7, 7, 27, 116, 1, 155.00),
  (4, 4, 4, 4, 4, 4, 116, 1, 40.00),
  (8, 8, 8, 8, 8, 28, 117, 1, 160.00),
  (5, 5, 5, 5, 5, 5, 117, 1, 45.00),
  (9, 9, 9, 9, 9, 29, 118, 1, 165.00),
  (6, 6, 6, 6, 6, 6, 118, 1, 50.00),
  (10, 10, 10, 10, 10, 30, 119, 1, 170.00),
  (7, 7, 7, 7, 7, 7, 119, 1, 55.00),
  (1, 1, 1, 1, 1, 1, 120, 1, 25.00),
  (8, 8, 8, 8, 8, 8, 120, 1, 60.00),
  (2, 2, 2, 2, 2, 2, 121, 1, 30.00),
  (9, 9, 9, 9, 9, 9, 121, 1, 65.00),
  (3, 3, 3, 3, 3, 3, 122, 1, 35.00),
  (10, 10, 10, 10, 10, 10, 122, 1, 70.00),
  (4, 4, 4, 4, 4, 4, 123, 1, 40.00),
  (1, 1, 1, 1, 1, 11, 123, 1, 75.00),
  (5, 5, 5, 5, 5, 5, 124, 1, 45.00),
  (2, 2, 2, 2, 2, 12, 124, 1, 80.00),
  (6, 6, 6, 6, 6, 6, 125, 1, 50.00),
  (3, 3, 3, 3, 3, 13, 125, 1, 85.00),
  (7, 7, 7, 7, 7, 7, 126, 1, 55.00),
  (4, 4, 4, 4, 4, 14, 126, 1, 90.00),
  (8, 8, 8, 8, 8, 8, 127, 1, 60.00),
  (5, 5, 5, 5, 5, 15, 127, 1, 95.00),
  (9, 9, 9, 9, 9, 9, 128, 1, 65.00),
  (6, 6, 6, 6, 6, 16, 128, 1, 100.00),
  (10, 10, 10, 10, 10, 10, 129, 1, 70.00),
  (7, 7, 7, 7, 7, 17, 129, 1, 105.00),
  (1, 1, 1, 1, 1, 11, 130, 1, 75.00),
  (8, 8, 8, 8, 8, 18, 130, 1, 110.00),
  (2, 2, 2, 2, 2, 12, 131, 1, 80.00),
  (9, 9, 9, 9, 9, 19, 131, 1, 115.00),
  (3, 3, 3, 3, 3, 13, 132, 1, 85.00),
  (10, 10, 10, 10, 10, 20, 132, 1, 120.00),
  (4, 4, 4, 4, 4, 14, 133, 1, 90.00),
  (1, 1, 1, 1, 1, 21, 133, 1, 125.00),
  (5, 5, 5, 5, 5, 15, 134, 1, 95.00),
  (2, 2, 2, 2, 2, 22, 134, 1, 130.00),
  (6, 6, 6, 6, 6, 16, 135, 1, 100.00),
  (3, 3, 3, 3, 3, 23, 135, 1, 135.00),
  (7, 7, 7, 7, 7, 17, 136, 1, 105.00),
  (4, 4, 4, 4, 4, 24, 136, 1, 140.00),
  (8, 8, 8, 8, 8, 18, 137, 1, 110.00),
  (5, 5, 5, 5, 5, 25, 137, 1, 145.00),
  (9, 9, 9, 9, 9, 19, 138, 1, 115.00),
  (6, 6, 6, 6, 6, 26, 138, 1, 150.00),
  (10, 10, 10, 10, 10, 20, 139, 1, 120.00),
  (7, 7, 7, 7, 7, 27, 139, 1, 155.00),
  (1, 1, 1, 1, 1, 21, 140, 1, 125.00),
  (8, 8, 8, 8, 8, 28, 140, 1, 160.00),
  (2, 2, 2, 2, 2, 22, 141, 1, 130.00),
  (9, 9, 9, 9, 9, 29, 141, 1, 165.00),
  (3, 3, 3, 3, 3, 23, 142, 1, 135.00),
  (10, 10, 10, 10, 10, 30, 142, 1, 170.00),
  (4, 4, 4, 4, 4, 24, 143, 1, 140.00),
  (1, 1, 1, 1, 1, 1, 143, 1, 25.00),
  (5, 5, 5, 5, 5, 25, 144, 1, 145.00),
  (2, 2, 2, 2, 2, 2, 144, 1, 30.00),
  (6, 6, 6, 6, 6, 26, 145, 1, 150.00),
  (3, 3, 3, 3, 3, 3, 145, 1, 35.00),
  (7, 7, 7, 7, 7, 27, 146, 1, 155.00),
  (4, 4, 4, 4, 4, 4, 146, 1, 40.00),
  (8, 8, 8, 8, 8, 28, 147, 1, 160.00),
  (5, 5, 5, 5, 5, 5, 147, 1, 45.00),
  (9, 9, 9, 9, 9, 29, 148, 1, 165.00),
  (6, 6, 6, 6, 6, 6, 148, 1, 50.00),
  (10, 10, 10, 10, 10, 30, 149, 1, 170.00),
  (7, 7, 7, 7, 7, 7, 149, 1, 55.00),
  (1, 1, 1, 1, 1, 1, 150, 1, 25.00),
  (8, 8, 8, 8, 8, 8, 150, 1, 60.00),
  (2, 2, 2, 2, 2, 2, 151, 1, 30.00),
  (9, 9, 9, 9, 9, 9, 151, 1, 65.00),
  (3, 3, 3, 3, 3, 3, 152, 1, 35.00),
  (10, 10, 10, 10, 10, 10, 152, 1, 70.00),
  (4, 4, 4, 4, 4, 4, 153, 1, 40.00),
  (1, 1, 1, 1, 1, 11, 153, 1, 75.00),
  (5, 5, 5, 5, 5, 5, 154, 1, 45.00),
  (2, 2, 2, 2, 2, 12, 154, 1, 80.00),
  (6, 6, 6, 6, 6, 6, 155, 1, 50.00),
  (3, 3, 3, 3, 3, 13, 155, 1, 85.00),
  (7, 7, 7, 7, 7, 7, 156, 1, 55.00),
  (4, 4, 4, 4, 4, 14, 156, 1, 90.00),
  (8, 8, 8, 8, 8, 8, 157, 1, 60.00),
  (5, 5, 5, 5, 5, 15, 157, 1, 95.00),
  (9, 9, 9, 9, 9, 9, 158, 1, 65.00),
  (6, 6, 6, 6, 6, 16, 158, 1, 100.00),
  (10, 10, 10, 10, 10, 10, 159, 1, 70.00),
  (7, 7, 7, 7, 7, 17, 159, 1, 105.00),
  (1, 1, 1, 1, 1, 11, 160, 1, 75.00),
  (8, 8, 8, 8, 8, 18, 160, 1, 110.00),
  (2, 2, 2, 2, 2, 12, 161, 1, 80.00),
  (9, 9, 9, 9, 9, 19, 161, 1, 115.00),
  (3, 3, 3, 3, 3, 13, 162, 1, 85.00),
  (10, 10, 10, 10, 10, 20, 162, 1, 120.00),
  (4, 4, 4, 4, 4, 14, 163, 1, 90.00),
  (1, 1, 1, 1, 1, 21, 163, 1, 125.00),
  (5, 5, 5, 5, 5, 15, 164, 1, 95.00),
  (2, 2, 2, 2, 2, 22, 164, 1, 130.00),
  (6, 6, 6, 6, 6, 16, 165, 1, 100.00),
  (3, 3, 3, 3, 3, 23, 165, 1, 135.00),
  (7, 7, 7, 7, 7, 17, 166, 1, 105.00),
  (4, 4, 4, 4, 4, 24, 166, 1, 140.00),
  (8, 8, 8, 8, 8, 18, 167, 1, 110.00),
  (5, 5, 5, 5, 5, 25, 167, 1, 145.00),
  (9, 9, 9, 9, 9, 19, 168, 1, 115.00),
  (6, 6, 6, 6, 6, 26, 168, 1, 150.00),
  (10, 10, 10, 10, 10, 20, 169, 1, 120.00),
  (7, 7, 7, 7, 7, 27, 169, 1, 155.00),
  (1, 1, 1, 1, 1, 21, 170, 1, 125.00),
  (8, 8, 8, 8, 8, 28, 170, 1, 160.00),
  (2, 2, 2, 2, 2, 22, 171, 1, 130.00),
  (9, 9, 9, 9, 9, 29, 171, 1, 165.00),
  (3, 3, 3, 3, 3, 23, 172, 1, 135.00),
  (10, 10, 10, 10, 10, 30, 172, 1, 170.00),
  (4, 4, 4, 4, 4, 24, 173, 1, 140.00),
  (1, 1, 1, 1, 1, 1, 173, 1, 25.00),
  (5, 5, 5, 5, 5, 25, 174, 1, 145.00),
  (2, 2, 2, 2, 2, 2, 174, 1, 30.00),
  (6, 6, 6, 6, 6, 26, 175, 1, 150.00),
  (3, 3, 3, 3, 3, 3, 175, 1, 35.00),
  (7, 7, 7, 7, 7, 27, 176, 1, 155.00),
  (4, 4, 4, 4, 4, 4, 176, 1, 40.00),
  (8, 8, 8, 8, 8, 28, 177, 1, 160.00),
  (5, 5, 5, 5, 5, 5, 177, 1, 45.00),
  (9, 9, 9, 9, 9, 29, 178, 1, 165.00),
  (6, 6, 6, 6, 6, 6, 178, 1, 50.00),
  (10, 10, 10, 10, 10, 30, 179, 1, 170.00),
  (7, 7, 7, 7, 7, 7, 179, 1, 55.00),
  (1, 1, 1, 1, 1, 1, 180, 1, 25.00),
  (8, 8, 8, 8, 8, 8, 180, 1, 60.00),
  (2, 2, 2, 2, 2, 2, 181, 1, 30.00),
  (9, 9, 9, 9, 9, 9, 181, 1, 65.00),
  (3, 3, 3, 3, 3, 3, 182, 1, 35.00),
  (10, 10, 10, 10, 10, 10, 182, 1, 70.00),
  (4, 4, 4, 4, 4, 4, 183, 1, 40.00),
  (1, 1, 1, 1, 1, 11, 183, 1, 75.00),
  (5, 5, 5, 5, 5, 5, 184, 1, 45.00),
  (2, 2, 2, 2, 2, 12, 184, 1, 80.00),
  (6, 6, 6, 6, 6, 6, 185, 1, 50.00),
  (3, 3, 3, 3, 3, 13, 185, 1, 85.00),
  (7, 7, 7, 7, 7, 7, 186, 1, 55.00),
  (4, 4, 4, 4, 4, 14, 186, 1, 90.00),
  (8, 8, 8, 8, 8, 8, 187, 1, 60.00),
  (5, 5, 5, 5, 5, 15, 187, 1, 95.00),
  (9, 9, 9, 9, 9, 9, 188, 1, 65.00),
  (6, 6, 6, 6, 6, 16, 188, 1, 100.00),
  (10, 10, 10, 10, 10, 10, 189, 1, 70.00),
  (7, 7, 7, 7, 7, 17, 189, 1, 105.00),
  (1, 1, 1, 1, 1, 11, 190, 1, 75.00),
  (8, 8, 8, 8, 8, 18, 190, 1, 110.00),
  (2, 2, 2, 2, 2, 12, 191, 1, 80.00),
  (9, 9, 9, 9, 9, 19, 191, 1, 115.00),
  (3, 3, 3, 3, 3, 13, 192, 1, 85.00),
  (10, 10, 10, 10, 10, 20, 192, 1, 120.00),
  (4, 4, 4, 4, 4, 14, 193, 1, 90.00),
  (1, 1, 1, 1, 1, 21, 193, 1, 125.00),
  (5, 5, 5, 5, 5, 15, 194, 1, 95.00),
  (2, 2, 2, 2, 2, 22, 194, 1, 130.00),
  (6, 6, 6, 6, 6, 16, 195, 1, 100.00),
  (3, 3, 3, 3, 3, 23, 195, 1, 135.00),
  (7, 7, 7, 7, 7, 17, 196, 1, 105.00),
  (4, 4, 4, 4, 4, 24, 196, 1, 140.00),
  (8, 8, 8, 8, 8, 18, 197, 1, 110.00),
  (5, 5, 5, 5, 5, 25, 197, 1, 145.00),
  (9, 9, 9, 9, 9, 19, 198, 1, 115.00),
  (6, 6, 6, 6, 6, 26, 198, 1, 150.00),
  (10, 10, 10, 10, 10, 20, 199, 1, 120.00),
  (7, 7, 7, 7, 7, 27, 199, 1, 155.00),
  (1, 1, 1, 1, 1, 21, 200, 1, 125.00),
  (8, 8, 8, 8, 8, 28, 200, 1, 160.00),
  (2, 2, 2, 2, 2, 22, 201, 1, 130.00),
  (9, 9, 9, 9, 9, 29, 201, 1, 165.00),
  (3, 3, 3, 3, 3, 23, 202, 1, 135.00),
  (10, 10, 10, 10, 10, 30, 202, 1, 170.00),
  (4, 4, 4, 4, 4, 24, 203, 1, 140.00),
  (1, 1, 1, 1, 1, 1, 203, 1, 25.00),
  (5, 5, 5, 5, 5, 25, 204, 1, 145.00),
  (2, 2, 2, 2, 2, 2, 204, 1, 30.00),
  (6, 6, 6, 6, 6, 26, 205, 1, 150.00),
  (3, 3, 3, 3, 3, 3, 205, 1, 35.00),
  (7, 7, 7, 7, 7, 27, 206, 1, 155.00),
  (4, 4, 4, 4, 4, 4, 206, 1, 40.00),
  (8, 8, 8, 8, 8, 28, 207, 1, 160.00),
  (5, 5, 5, 5, 5, 5, 207, 1, 45.00),
  (9, 9, 9, 9, 9, 29, 208, 1, 165.00),
  (6, 6, 6, 6, 6, 6, 208, 1, 50.00),
  (10, 10, 10, 10, 10, 30, 209, 1, 170.00),
  (7, 7, 7, 7, 7, 7, 209, 1, 55.00),
  (1, 1, 1, 1, 1, 1, 210, 1, 25.00),
  (8, 8, 8, 8, 8, 8, 210, 1, 60.00),
  (2, 2, 2, 2, 2, 2, 211, 1, 30.00),
  (9, 9, 9, 9, 9, 9, 211, 1, 65.00),
  (3, 3, 3, 3, 3, 3, 212, 1, 35.00),
  (10, 10, 10, 10, 10, 10, 212, 1, 70.00),
  (4, 4, 4, 4, 4, 4, 213, 1, 40.00),
  (1, 1, 1, 1, 1, 11, 213, 1, 75.00),
  (5, 5, 5, 5, 5, 5, 214, 1, 45.00),
  (2, 2, 2, 2, 2, 12, 214, 1, 80.00),
  (6, 6, 6, 6, 6, 6, 215, 1, 50.00),
  (3, 3, 3, 3, 3, 13, 215, 1, 85.00),
  (7, 7, 7, 7, 7, 7, 216, 1, 55.00),
  (4, 4, 4, 4, 4, 14, 216, 1, 90.00),
  (8, 8, 8, 8, 8, 8, 217, 1, 60.00),
  (5, 5, 5, 5, 5, 15, 217, 1, 95.00),
  (9, 9, 9, 9, 9, 9, 218, 1, 65.00),
  (6, 6, 6, 6, 6, 16, 218, 1, 100.00),
  (10, 10, 10, 10, 10, 10, 219, 1, 70.00),
  (7, 7, 7, 7, 7, 17, 219, 1, 105.00),
  (1, 1, 1, 1, 1, 11, 220, 1, 75.00),
  (8, 8, 8, 8, 8, 18, 220, 1, 110.00),
  (2, 2, 2, 2, 2, 12, 221, 1, 80.00),
  (9, 9, 9, 9, 9, 19, 221, 1, 115.00),
  (3, 3, 3, 3, 3, 13, 222, 1, 85.00),
  (10, 10, 10, 10, 10, 20, 222, 1, 120.00),
  (4, 4, 4, 4, 4, 14, 223, 1, 90.00),
  (1, 1, 1, 1, 1, 21, 223, 1, 125.00),
  (5, 5, 5, 5, 5, 15, 224, 1, 95.00),
  (2, 2, 2, 2, 2, 22, 224, 1, 130.00),
  (6, 6, 6, 6, 6, 16, 225, 1, 100.00),
  (3, 3, 3, 3, 3, 23, 225, 1, 135.00),
  (7, 7, 7, 7, 7, 17, 226, 1, 105.00),
  (4, 4, 4, 4, 4, 24, 226, 1, 140.00),
  (8, 8, 8, 8, 8, 18, 227, 1, 110.00),
  (5, 5, 5, 5, 5, 25, 227, 1, 145.00),
  (9, 9, 9, 9, 9, 19, 228, 1, 115.00),
  (6, 6, 6, 6, 6, 26, 228, 1, 150.00),
  (10, 10, 10, 10, 10, 20, 229, 1, 120.00),
  (7, 7, 7, 7, 7, 27, 229, 1, 155.00),
  (1, 1, 1, 1, 1, 21, 230, 1, 125.00),
  (8, 8, 8, 8, 8, 28, 230, 1, 160.00),
  (2, 2, 2, 2, 2, 22, 231, 1, 130.00),
  (9, 9, 9, 9, 9, 29, 231, 1, 165.00),
  (3, 3, 3, 3, 3, 23, 232, 1, 135.00),
  (10, 10, 10, 10, 10, 30, 232, 1, 170.00),
  (4, 4, 4, 4, 4, 24, 233, 1, 140.00),
  (1, 1, 1, 1, 1, 1, 233, 1, 25.00),
  (5, 5, 5, 5, 5, 25, 234, 1, 145.00),
  (2, 2, 2, 2, 2, 2, 234, 1, 30.00),
  (6, 6, 6, 6, 6, 26, 235, 1, 150.00),
  (3, 3, 3, 3, 3, 3, 235, 1, 35.00),
  (7, 7, 7, 7, 7, 27, 236, 1, 155.00),
  (4, 4, 4, 4, 4, 4, 236, 1, 40.00),
  (8, 8, 8, 8, 8, 28, 237, 1, 160.00),
  (5, 5, 5, 5, 5, 5, 237, 1, 45.00),
  (9, 9, 9, 9, 9, 29, 238, 1, 165.00),
  (6, 6, 6, 6, 6, 6, 238, 1, 50.00),
  (10, 10, 10, 10, 10, 30, 239, 1, 170.00),
  (7, 7, 7, 7, 7, 7, 239, 1, 55.00),
  (1, 1, 1, 1, 1, 1, 240, 1, 25.00),
  (8, 8, 8, 8, 8, 8, 240, 1, 60.00),
  (2, 2, 2, 2, 2, 2, 241, 1, 30.00),
  (9, 9, 9, 9, 9, 9, 241, 1, 65.00),
  (3, 3, 3, 3, 3, 3, 242, 1, 35.00),
  (10, 10, 10, 10, 10, 10, 242, 1, 70.00),
  (4, 4, 4, 4, 4, 4, 243, 1, 40.00),
  (1, 1, 1, 1, 1, 11, 243, 1, 75.00),
  (5, 5, 5, 5, 5, 5, 244, 1, 45.00),
  (2, 2, 2, 2, 2, 12, 244, 1, 80.00),
  (6, 6, 6, 6, 6, 6, 245, 1, 50.00),
  (3, 3, 3, 3, 3, 13, 245, 1, 85.00),
  (7, 7, 7, 7, 7, 7, 246, 1, 55.00),
  (4, 4, 4, 4, 4, 14, 246, 1, 90.00),
  (8, 8, 8, 8, 8, 8, 247, 1, 60.00),
  (5, 5, 5, 5, 5, 15, 247, 1, 95.00),
  (9, 9, 9, 9, 9, 9, 248, 1, 65.00),
  (6, 6, 6, 6, 6, 16, 248, 1, 100.00),
  (10, 10, 10, 10, 10, 10, 249, 1, 70.00),
  (7, 7, 7, 7, 7, 17, 249, 1, 105.00),
  (1, 1, 1, 1, 1, 11, 250, 1, 75.00),
  (8, 8, 8, 8, 8, 18, 250, 1, 110.00),
  (2, 2, 2, 2, 2, 12, 251, 1, 80.00),
  (9, 9, 9, 9, 9, 19, 251, 1, 115.00),
  (3, 3, 3, 3, 3, 13, 252, 1, 85.00),
  (10, 10, 10, 10, 10, 20, 252, 1, 120.00),
  (4, 4, 4, 4, 4, 14, 253, 1, 90.00),
  (1, 1, 1, 1, 1, 21, 253, 1, 125.00),
  (5, 5, 5, 5, 5, 15, 254, 1, 95.00),
  (2, 2, 2, 2, 2, 22, 254, 1, 130.00),
  (6, 6, 6, 6, 6, 16, 255, 1, 100.00),
  (3, 3, 3, 3, 3, 23, 255, 1, 135.00),
  (7, 7, 7, 7, 7, 17, 256, 1, 105.00),
  (4, 4, 4, 4, 4, 24, 256, 1, 140.00),
  (8, 8, 8, 8, 8, 18, 257, 1, 110.00),
  (5, 5, 5, 5, 5, 25, 257, 1, 145.00),
  (9, 9, 9, 9, 9, 19, 258, 1, 115.00),
  (6, 6, 6, 6, 6, 26, 258, 1, 150.00),
  (10, 10, 10, 10, 10, 20, 259, 1, 120.00),
  (7, 7, 7, 7, 7, 27, 259, 1, 155.00),
  (1, 1, 1, 1, 1, 21, 260, 1, 125.00),
  (8, 8, 8, 8, 8, 28, 260, 1, 160.00),
  (2, 2, 2, 2, 2, 22, 261, 1, 130.00),
  (9, 9, 9, 9, 9, 29, 261, 1, 165.00),
  (3, 3, 3, 3, 3, 23, 262, 1, 135.00),
  (10, 10, 10, 10, 10, 30, 262, 1, 170.00),
  (4, 4, 4, 4, 4, 24, 263, 1, 140.00),
  (1, 1, 1, 1, 1, 1, 263, 1, 25.00),
  (5, 5, 5, 5, 5, 25, 264, 1, 145.00),
  (2, 2, 2, 2, 2, 2, 264, 1, 30.00),
  (6, 6, 6, 6, 6, 26, 265, 1, 150.00),
  (3, 3, 3, 3, 3, 3, 265, 1, 35.00),
  (7, 7, 7, 7, 7, 27, 266, 1, 155.00),
  (4, 4, 4, 4, 4, 4, 266, 1, 40.00),
  (8, 8, 8, 8, 8, 28, 267, 1, 160.00),
  (5, 5, 5, 5, 5, 5, 267, 1, 45.00),
  (9, 9, 9, 9, 9, 29, 268, 1, 165.00),
  (6, 6, 6, 6, 6, 6, 268, 1, 50.00),
  (10, 10, 10, 10, 10, 30, 269, 1, 170.00),
  (7, 7, 7, 7, 7, 7, 269, 1, 55.00),
  (1, 1, 1, 1, 1, 1, 270, 1, 25.00),
  (8, 8, 8, 8, 8, 8, 270, 1, 60.00),
  (2, 2, 2, 2, 2, 2, 271, 1, 30.00),
  (9, 9, 9, 9, 9, 9, 271, 1, 65.00),
  (3, 3, 3, 3, 3, 3, 272, 1, 35.00),
  (10, 10, 10, 10, 10, 10, 272, 1, 70.00),
  (4, 4, 4, 4, 4, 4, 273, 1, 40.00),
  (1, 1, 1, 1, 1, 11, 273, 1, 75.00),
  (5, 5, 5, 5, 5, 5, 274, 1, 45.00),
  (2, 2, 2, 2, 2, 12, 274, 1, 80.00),
  (6, 6, 6, 6, 6, 6, 275, 1, 50.00),
  (3, 3, 3, 3, 3, 13, 275, 1, 85.00),
  (7, 7, 7, 7, 7, 7, 276, 1, 55.00),
  (4, 4, 4, 4, 4, 14, 276, 1, 90.00),
  (8, 8, 8, 8, 8, 8, 277, 1, 60.00),
  (5, 5, 5, 5, 5, 15, 277, 1, 95.00),
  (9, 9, 9, 9, 9, 9, 278, 1, 65.00),
  (6, 6, 6, 6, 6, 16, 278, 1, 100.00),
  (10, 10, 10, 10, 10, 10, 279, 1, 70.00),
  (7, 7, 7, 7, 7, 17, 279, 1, 105.00),
  (1, 1, 1, 1, 1, 11, 280, 1, 75.00),
  (8, 8, 8, 8, 8, 18, 280, 1, 110.00),
  (2, 2, 2, 2, 2, 12, 281, 1, 80.00),
  (9, 9, 9, 9, 9, 19, 281, 1, 115.00),
  (3, 3, 3, 3, 3, 13, 282, 1, 85.00),
  (10, 10, 10, 10, 10, 20, 282, 1, 120.00),
  (4, 4, 4, 4, 4, 14, 283, 1, 90.00),
  (1, 1, 1, 1, 1, 21, 283, 1, 125.00),
  (5, 5, 5, 5, 5, 15, 284, 1, 95.00),
  (2, 2, 2, 2, 2, 22, 284, 1, 130.00),
  (6, 6, 6, 6, 6, 16, 285, 1, 100.00),
  (3, 3, 3, 3, 3, 23, 285, 1, 135.00),
  (7, 7, 7, 7, 7, 17, 286, 1, 105.00),
  (4, 4, 4, 4, 4, 24, 286, 1, 140.00),
  (8, 8, 8, 8, 8, 18, 287, 1, 110.00),
  (5, 5, 5, 5, 5, 25, 287, 1, 145.00),
  (9, 9, 9, 9, 9, 19, 288, 1, 115.00),
  (6, 6, 6, 6, 6, 26, 288, 1, 150.00),
  (10, 10, 10, 10, 10, 20, 289, 1, 120.00),
  (7, 7, 7, 7, 7, 27, 289, 1, 155.00),
  (1, 1, 1, 1, 1, 21, 290, 1, 125.00),
  (8, 8, 8, 8, 8, 28, 290, 1, 160.00),
  (2, 2, 2, 2, 2, 22, 291, 1, 130.00),
  (9, 9, 9, 9, 9, 29, 291, 1, 165.00),
  (3, 3, 3, 3, 3, 23, 292, 1, 135.00),
  (10, 10, 10, 10, 10, 30, 292, 1, 170.00),
  (4, 4, 4, 4, 4, 24, 293, 1, 140.00),
  (1, 1, 1, 1, 1, 1, 293, 1, 25.00),
  (5, 5, 5, 5, 5, 25, 294, 1, 145.00),
  (2, 2, 2, 2, 2, 2, 294, 1, 30.00),
  (6, 6, 6, 6, 6, 26, 295, 1, 150.00),
  (3, 3, 3, 3, 3, 3, 295, 1, 35.00),
  (7, 7, 7, 7, 7, 27, 296, 1, 155.00),
  (4, 4, 4, 4, 4, 4, 296, 1, 40.00),
  (8, 8, 8, 8, 8, 28, 297, 1, 160.00),
  (5, 5, 5, 5, 5, 5, 297, 1, 45.00),
  (9, 9, 9, 9, 9, 29, 298, 1, 165.00),
  (6, 6, 6, 6, 6, 6, 298, 1, 50.00),
  (10, 10, 10, 10, 10, 30, 299, 1, 170.00),
  (7, 7, 7, 7, 7, 7, 299, 1, 55.00),
  (1, 1, 1, 1, 1, 1, 300, 1, 25.00),
  (8, 8, 8, 8, 8, 8, 300, 1, 60.00),
  (2, 2, 2, 2, 2, 2, 301, 1, 30.00),
  (9, 9, 9, 9, 9, 9, 301, 1, 65.00),
  (3, 3, 3, 3, 3, 3, 302, 1, 35.00),
  (10, 10, 10, 10, 10, 10, 302, 1, 70.00),
  (4, 4, 4, 4, 4, 4, 303, 1, 40.00),
  (1, 1, 1, 1, 1, 11, 303, 1, 75.00),
  (5, 5, 5, 5, 5, 5, 304, 1, 45.00),
  (2, 2, 2, 2, 2, 12, 304, 1, 80.00),
  (6, 6, 6, 6, 6, 6, 305, 1, 50.00),
  (3, 3, 3, 3, 3, 13, 305, 1, 85.00),
  (7, 7, 7, 7, 7, 7, 306, 1, 55.00),
  (4, 4, 4, 4, 4, 14, 306, 1, 90.00),
  (8, 8, 8, 8, 8, 8, 307, 1, 60.00),
  (5, 5, 5, 5, 5, 15, 307, 1, 95.00),
  (9, 9, 9, 9, 9, 9, 308, 1, 65.00),
  (6, 6, 6, 6, 6, 16, 308, 1, 100.00),
  (10, 10, 10, 10, 10, 10, 309, 1, 70.00),
  (7, 7, 7, 7, 7, 17, 309, 1, 105.00),
  (1, 1, 1, 1, 1, 11, 310, 1, 75.00),
  (8, 8, 8, 8, 8, 18, 310, 1, 110.00),
  (2, 2, 2, 2, 2, 12, 311, 1, 80.00),
  (9, 9, 9, 9, 9, 19, 311, 1, 115.00),
  (3, 3, 3, 3, 3, 13, 312, 1, 85.00),
  (10, 10, 10, 10, 10, 20, 312, 1, 120.00),
  (4, 4, 4, 4, 4, 14, 313, 1, 90.00),
  (1, 1, 1, 1, 1, 21, 313, 1, 125.00),
  (5, 5, 5, 5, 5, 15, 314, 1, 95.00),
  (2, 2, 2, 2, 2, 22, 314, 1, 130.00),
  (6, 6, 6, 6, 6, 16, 315, 1, 100.00),
  (3, 3, 3, 3, 3, 23, 315, 1, 135.00),
  (7, 7, 7, 7, 7, 17, 316, 1, 105.00),
  (4, 4, 4, 4, 4, 24, 316, 1, 140.00),
  (8, 8, 8, 8, 8, 18, 317, 1, 110.00),
  (5, 5, 5, 5, 5, 25, 317, 1, 145.00),
  (9, 9, 9, 9, 9, 19, 318, 1, 115.00),
  (6, 6, 6, 6, 6, 26, 318, 1, 150.00),
  (10, 10, 10, 10, 10, 20, 319, 1, 120.00),
  (7, 7, 7, 7, 7, 27, 319, 1, 155.00),
  (1, 1, 1, 1, 1, 21, 320, 1, 125.00),
  (8, 8, 8, 8, 8, 28, 320, 1, 160.00),
  (2, 2, 2, 2, 2, 22, 321, 1, 130.00),
  (9, 9, 9, 9, 9, 29, 321, 1, 165.00),
  (3, 3, 3, 3, 3, 23, 322, 1, 135.00),
  (10, 10, 10, 10, 10, 30, 322, 1, 170.00),
  (4, 4, 4, 4, 4, 24, 323, 1, 140.00),
  (1, 1, 1, 1, 1, 1, 323, 1, 25.00),
  (5, 5, 5, 5, 5, 25, 324, 1, 145.00),
  (2, 2, 2, 2, 2, 2, 324, 1, 30.00),
  (6, 6, 6, 6, 6, 26, 325, 1, 150.00),
  (3, 3, 3, 3, 3, 3, 325, 1, 35.00),
  (7, 7, 7, 7, 7, 27, 326, 1, 155.00),
  (4, 4, 4, 4, 4, 4, 326, 1, 40.00),
  (8, 8, 8, 8, 8, 28, 327, 1, 160.00),
  (5, 5, 5, 5, 5, 5, 327, 1, 45.00),
  (9, 9, 9, 9, 9, 29, 328, 1, 165.00),
  (6, 6, 6, 6, 6, 6, 328, 1, 50.00),
  (10, 10, 10, 10, 10, 30, 329, 1, 170.00),
  (7, 7, 7, 7, 7, 7, 329, 1, 55.00),
  (1, 1, 1, 1, 1, 1, 330, 1, 25.00),
  (8, 8, 8, 8, 8, 8, 330, 1, 60.00),
  (2, 2, 2, 2, 2, 2, 331, 1, 30.00),
  (9, 9, 9, 9, 9, 9, 331, 1, 65.00),
  (3, 3, 3, 3, 3, 3, 332, 1, 35.00),
  (10, 10, 10, 10, 10, 10, 332, 1, 70.00),
  (4, 4, 4, 4, 4, 4, 333, 1, 40.00),
  (1, 1, 1, 1, 1, 11, 333, 1, 75.00),
  (5, 5, 5, 5, 5, 5, 334, 1, 45.00),
  (2, 2, 2, 2, 2, 12, 334, 1, 80.00),
  (6, 6, 6, 6, 6, 6, 335, 1, 50.00),
  (3, 3, 3, 3, 3, 13, 335, 1, 85.00),
  (7, 7, 7, 7, 7, 7, 336, 1, 55.00),
  (4, 4, 4, 4, 4, 14, 336, 1, 90.00),
  (8, 8, 8, 8, 8, 8, 337, 1, 60.00),
  (5, 5, 5, 5, 5, 15, 337, 1, 95.00),
  (9, 9, 9, 9, 9, 9, 338, 1, 65.00),
  (6, 6, 6, 6, 6, 16, 338, 1, 100.00),
  (10, 10, 10, 10, 10, 10, 339, 1, 70.00),
  (7, 7, 7, 7, 7, 17, 339, 1, 105.00),
  (1, 1, 1, 1, 1, 11, 340, 1, 75.00),
  (8, 8, 8, 8, 8, 18, 340, 1, 110.00),
  (2, 2, 2, 2, 2, 12, 341, 1, 80.00),
  (9, 9, 9, 9, 9, 19, 341, 1, 115.00),
  (3, 3, 3, 3, 3, 13, 342, 1, 85.00),
  (10, 10, 10, 10, 10, 20, 342, 1, 120.00),
  (4, 4, 4, 4, 4, 14, 343, 1, 90.00),
  (1, 1, 1, 1, 1, 21, 343, 1, 125.00),
  (5, 5, 5, 5, 5, 15, 344, 1, 95.00),
  (2, 2, 2, 2, 2, 22, 344, 1, 130.00),
  (6, 6, 6, 6, 6, 16, 345, 1, 100.00),
  (3, 3, 3, 3, 3, 23, 345, 1, 135.00),
  (7, 7, 7, 7, 7, 17, 346, 1, 105.00),
  (4, 4, 4, 4, 4, 24, 346, 1, 140.00),
  (8, 8, 8, 8, 8, 18, 347, 1, 110.00),
  (5, 5, 5, 5, 5, 25, 347, 1, 145.00),
  (9, 9, 9, 9, 9, 19, 348, 1, 115.00),
  (6, 6, 6, 6, 6, 26, 348, 1, 150.00),
  (10, 10, 10, 10, 10, 20, 349, 1, 120.00),
  (7, 7, 7, 7, 7, 27, 349, 1, 155.00),
  (1, 1, 1, 1, 1, 21, 350, 1, 125.00),
  (8, 8, 8, 8, 8, 28, 350, 1, 160.00),
  (2, 2, 2, 2, 2, 22, 351, 1, 130.00),
  (9, 9, 9, 9, 9, 29, 351, 1, 165.00),
  (3, 3, 3, 3, 3, 23, 352, 1, 135.00),
  (10, 10, 10, 10, 10, 30, 352, 1, 170.00),
  (4, 4, 4, 4, 4, 24, 353, 1, 140.00),
  (1, 1, 1, 1, 1, 1, 353, 1, 25.00),
  (5, 5, 5, 5, 5, 25, 354, 1, 145.00),
  (2, 2, 2, 2, 2, 2, 354, 1, 30.00),
  (6, 6, 6, 6, 6, 26, 355, 1, 150.00),
  (3, 3, 3, 3, 3, 3, 355, 1, 35.00),
  (7, 7, 7, 7, 7, 27, 356, 1, 155.00),
  (4, 4, 4, 4, 4, 4, 356, 1, 40.00),
  (8, 8, 8, 8, 8, 28, 357, 1, 160.00),
  (5, 5, 5, 5, 5, 5, 357, 1, 45.00),
  (9, 9, 9, 9, 9, 29, 358, 1, 165.00),
  (6, 6, 6, 6, 6, 6, 358, 1, 50.00),
  (10, 10, 10, 10, 10, 30, 359, 1, 170.00),
  (7, 7, 7, 7, 7, 7, 359, 1, 55.00),
  (1, 1, 1, 1, 1, 1, 360, 1, 25.00),
  (8, 8, 8, 8, 8, 8, 360, 1, 60.00),
  (2, 2, 2, 2, 2, 2, 361, 1, 30.00),
  (9, 9, 9, 9, 9, 9, 361, 1, 65.00),
  (3, 3, 3, 3, 3, 3, 362, 1, 35.00),
  (10, 10, 10, 10, 10, 10, 362, 1, 70.00),
  (4, 4, 4, 4, 4, 4, 363, 1, 40.00),
  (1, 1, 1, 1, 1, 11, 363, 1, 75.00),
  (5, 5, 5, 5, 5, 5, 364, 1, 45.00),
  (2, 2, 2, 2, 2, 12, 364, 1, 80.00),
  (6, 6, 6, 6, 6, 6, 365, 1, 50.00),
  (3, 3, 3, 3, 3, 13, 365, 1, 85.00),
  (7, 7, 7, 7, 7, 7, 366, 1, 55.00),
  (4, 4, 4, 4, 4, 14, 366, 1, 90.00),
  (8, 8, 8, 8, 8, 8, 367, 1, 60.00),
  (5, 5, 5, 5, 5, 15, 367, 1, 95.00),
  (9, 9, 9, 9, 9, 9, 368, 1, 65.00),
  (6, 6, 6, 6, 6, 16, 368, 1, 100.00),
  (10, 10, 10, 10, 10, 10, 369, 1, 70.00),
  (7, 7, 7, 7, 7, 17, 369, 1, 105.00),
  (1, 1, 1, 1, 1, 11, 370, 1, 75.00),
  (8, 8, 8, 8, 8, 18, 370, 1, 110.00),
  (2, 2, 2, 2, 2, 12, 371, 1, 80.00),
  (9, 9, 9, 9, 9, 19, 371, 1, 115.00),
  (3, 3, 3, 3, 3, 13, 372, 1, 85.00),
  (10, 10, 10, 10, 10, 20, 372, 1, 120.00),
  (4, 4, 4, 4, 4, 14, 373, 1, 90.00),
  (1, 1, 1, 1, 1, 21, 373, 1, 125.00),
  (5, 5, 5, 5, 5, 15, 374, 1, 95.00),
  (2, 2, 2, 2, 2, 22, 374, 1, 130.00),
  (6, 6, 6, 6, 6, 16, 375, 1, 100.00),
  (3, 3, 3, 3, 3, 23, 375, 1, 135.00),
  (7, 7, 7, 7, 7, 17, 376, 1, 105.00),
  (4, 4, 4, 4, 4, 24, 376, 1, 140.00),
  (8, 8, 8, 8, 8, 18, 377, 1, 110.00),
  (5, 5, 5, 5, 5, 25, 377, 1, 145.00),
  (9, 9, 9, 9, 9, 19, 378, 1, 115.00),
  (6, 6, 6, 6, 6, 26, 378, 1, 150.00),
  (10, 10, 10, 10, 10, 20, 379, 1, 120.00),
  (7, 7, 7, 7, 7, 27, 379, 1, 155.00),
  (1, 1, 1, 1, 1, 21, 380, 1, 125.00),
  (8, 8, 8, 8, 8, 28, 380, 1, 160.00),
  (2, 2, 2, 2, 2, 22, 381, 1, 130.00),
  (9, 9, 9, 9, 9, 29, 381, 1, 165.00),
  (3, 3, 3, 3, 3, 23, 382, 1, 135.00),
  (10, 10, 10, 10, 10, 30, 382, 1, 170.00),
  (4, 4, 4, 4, 4, 24, 383, 1, 140.00),
  (1, 1, 1, 1, 1, 1, 383, 1, 25.00),
  (5, 5, 5, 5, 5, 25, 384, 1, 145.00),
  (2, 2, 2, 2, 2, 2, 384, 1, 30.00),
  (6, 6, 6, 6, 6, 26, 385, 1, 150.00),
  (3, 3, 3, 3, 3, 3, 385, 1, 35.00),
  (7, 7, 7, 7, 7, 27, 386, 1, 155.00),
  (4, 4, 4, 4, 4, 4, 386, 1, 40.00),
  (8, 8, 8, 8, 8, 28, 387, 1, 160.00),
  (5, 5, 5, 5, 5, 5, 387, 1, 45.00),
  (9, 9, 9, 9, 9, 29, 388, 1, 165.00),
  (6, 6, 6, 6, 6, 6, 388, 1, 50.00),
  (10, 10, 10, 10, 10, 30, 389, 1, 170.00),
  (7, 7, 7, 7, 7, 7, 389, 1, 55.00),
  (1, 1, 1, 1, 1, 1, 390, 1, 25.00),
  (8, 8, 8, 8, 8, 8, 390, 1, 60.00),
  (2, 2, 2, 2, 2, 2, 391, 1, 30.00),
  (9, 9, 9, 9, 9, 9, 391, 1, 65.00),
  (3, 3, 3, 3, 3, 3, 392, 1, 35.00),
  (10, 10, 10, 10, 10, 10, 392, 1, 70.00),
  (4, 4, 4, 4, 4, 4, 393, 1, 40.00),
  (1, 1, 1, 1, 1, 11, 393, 1, 75.00),
  (5, 5, 5, 5, 5, 5, 394, 1, 45.00),
  (2, 2, 2, 2, 2, 12, 394, 1, 80.00),
  (6, 6, 6, 6, 6, 6, 395, 1, 50.00),
  (3, 3, 3, 3, 3, 13, 395, 1, 85.00),
  (7, 7, 7, 7, 7, 7, 396, 1, 55.00),
  (4, 4, 4, 4, 4, 14, 396, 1, 90.00),
  (8, 8, 8, 8, 8, 8, 397, 1, 60.00),
  (5, 5, 5, 5, 5, 15, 397, 1, 95.00),
  (9, 9, 9, 9, 9, 9, 398, 1, 65.00),
  (6, 6, 6, 6, 6, 16, 398, 1, 100.00),
  (10, 10, 10, 10, 10, 10, 399, 1, 70.00),
  (7, 7, 7, 7, 7, 17, 399, 1, 105.00),
  (1, 1, 1, 1, 1, 11, 400, 1, 75.00),
  (8, 8, 8, 8, 8, 18, 400, 1, 110.00);

-- ============================================================================
-- CAPA C.3 — ORDEN_COMPRA_B2B (400) — 2 por cliente B2B, condicion_pago 30/60/90
-- ============================================================================
INSERT INTO ORDEN_COMPRA_B2B (ID_ORDEN_COMPRA_B2B, ID_USUARIO, ID_CONTRATO, FECHAHORA_ORDEN_COMPRA_B2B, CONDICION_PAGO, N_FACTURA_COMPRA_B2B, SUBTOTAL_ORDEN_COMPRA_B2B, TOTAL_ORDEN_COMPRA_B2B) VALUES
  (1, 6, 1, DATE '2025-02-02', 60, 800001, 9000.00, 10440.0),
  (2, 6, 2, DATE '2025-03-03', 90, 800002, 11340.00, 13154.4),
  (3, 7, 3, DATE '2025-04-04', 30, 800003, 13920.00, 16147.2),
  (4, 7, 4, DATE '2025-05-05', 60, 800004, 16740.00, 19418.4),
  (5, 8, 5, DATE '2025-06-06', 90, 800005, 19800.00, 22968.0),
  (6, 8, 6, DATE '2025-07-07', 30, 800006, 23100.00, 26796.0),
  (7, 9, 7, DATE '2025-08-08', 60, 800007, 26640.00, 30902.4),
  (8, 9, 8, DATE '2025-09-09', 90, 800008, 11700.00, 13572.0),
  (9, 10, 9, DATE '2025-10-10', 30, 800009, 14760.00, 17121.6),
  (10, 10, 10, DATE '2025-11-11', 60, 800010, 18060.00, 20949.6),
  (11, 206, 1, DATE '2025-12-12', 90, 800011, 21600.00, 25056.0),
  (12, 206, 2, DATE '2025-01-13', 30, 800012, 25380.00, 29440.8),
  (13, 207, 3, DATE '2025-02-14', 60, 800013, 29400.00, 34104.0),
  (14, 207, 4, DATE '2025-03-15', 90, 800014, 33660.00, 39045.6),
  (15, 208, 5, DATE '2025-04-16', 30, 800015, 38160.00, 44265.6),
  (16, 208, 6, DATE '2025-05-17', 60, 800016, 16500.00, 19140.0),
  (17, 209, 7, DATE '2025-06-18', 90, 800017, 20520.00, 23803.2),
  (18, 209, 8, DATE '2025-07-19', 30, 800018, 24780.00, 28744.8),
  (19, 210, 9, DATE '2025-08-20', 60, 800019, 29280.00, 33964.8),
  (20, 210, 10, DATE '2025-09-21', 90, 800020, 17820.00, 20671.2),
  (21, 211, 1, DATE '2025-10-22', 30, 800021, 21000.00, 24360.0),
  (22, 211, 2, DATE '2025-11-23', 60, 800022, 24420.00, 28327.2),
  (23, 212, 3, DATE '2025-12-24', 90, 800023, 28080.00, 32572.8),
  (24, 212, 4, DATE '2025-01-25', 30, 800024, 12300.00, 14268.0),
  (25, 213, 5, DATE '2025-02-26', 60, 800025, 15480.00, 17956.8),
  (26, 213, 6, DATE '2025-03-27', 90, 800026, 18900.00, 21924.0),
  (27, 214, 7, DATE '2025-04-01', 30, 800027, 8160.00, 9465.6),
  (28, 214, 8, DATE '2025-05-02', 60, 800028, 10260.00, 11901.6),
  (29, 215, 9, DATE '2025-06-03', 90, 800029, 12600.00, 14616.0),
  (30, 215, 10, DATE '2025-07-04', 30, 800030, 15180.00, 17608.8),
  (31, 216, 1, DATE '2025-08-05', 60, 800031, 18000.00, 20880.0),
  (32, 216, 2, DATE '2025-09-06', 90, 800032, 8100.00, 9396.0),
  (33, 217, 3, DATE '2025-10-07', 30, 800033, 10440.00, 12110.4),
  (34, 217, 4, DATE '2025-11-08', 60, 800034, 13020.00, 15103.2),
  (35, 218, 5, DATE '2025-12-09', 90, 800035, 15840.00, 18374.4),
  (36, 218, 6, DATE '2025-01-10', 30, 800036, 18900.00, 21924.0),
  (37, 219, 7, DATE '2025-02-11', 60, 800037, 22200.00, 25752.0),
  (38, 219, 8, DATE '2025-03-12', 90, 800038, 25740.00, 29858.4),
  (39, 220, 9, DATE '2025-04-13', 30, 800039, 29520.00, 34243.2),
  (40, 220, 10, DATE '2025-05-14', 60, 800040, 12900.00, 14964.0),
  (41, 221, 1, DATE '2025-06-15', 90, 800041, 16200.00, 18792.0),
  (42, 221, 2, DATE '2025-07-16', 30, 800042, 19740.00, 22898.4),
  (43, 222, 3, DATE '2025-08-17', 60, 800043, 23520.00, 27283.2),
  (44, 222, 4, DATE '2025-09-18', 90, 800044, 27540.00, 31946.4),
  (45, 223, 5, DATE '2025-10-19', 30, 800045, 31800.00, 36888.0),
  (46, 223, 6, DATE '2025-11-20', 60, 800046, 36300.00, 42108.0),
  (47, 224, 7, DATE '2025-12-21', 90, 800047, 41040.00, 47606.4),
  (48, 224, 8, DATE '2025-01-22', 30, 800048, 17700.00, 20532.0),
  (49, 225, 9, DATE '2025-02-23', 60, 800049, 21960.00, 25473.6),
  (50, 225, 10, DATE '2025-03-24', 90, 800050, 13860.00, 16077.6),
  (51, 226, 1, DATE '2025-04-25', 30, 800051, 16800.00, 19488.0),
  (52, 226, 2, DATE '2025-05-26', 60, 800052, 19980.00, 23176.8),
  (53, 227, 3, DATE '2025-06-27', 90, 800053, 23400.00, 27144.0),
  (54, 227, 4, DATE '2025-07-01', 30, 800054, 27060.00, 31389.6),
  (55, 228, 5, DATE '2025-08-02', 60, 800055, 30960.00, 35913.6),
  (56, 228, 6, DATE '2025-09-03', 90, 800056, 13500.00, 15660.0),
  (57, 229, 7, DATE '2025-10-04', 30, 800057, 6120.00, 7099.2),
  (58, 229, 8, DATE '2025-11-05', 60, 800058, 7980.00, 9256.8),
  (59, 230, 9, DATE '2025-12-06', 90, 800059, 10080.00, 11692.8),
  (60, 230, 10, DATE '2025-01-07', 30, 800060, 12420.00, 14407.2),
  (61, 231, 1, DATE '2025-02-08', 60, 800061, 15000.00, 17400.0),
  (62, 231, 2, DATE '2025-03-09', 90, 800062, 17820.00, 20671.2),
  (63, 232, 3, DATE '2025-04-10', 30, 800063, 20880.00, 24220.8),
  (64, 232, 4, DATE '2025-05-11', 60, 800064, 9300.00, 10788.0),
  (65, 233, 5, DATE '2025-06-12', 90, 800065, 11880.00, 13780.8),
  (66, 233, 6, DATE '2025-07-13', 30, 800066, 14700.00, 17052.0),
  (67, 234, 7, DATE '2025-08-14', 60, 800067, 17760.00, 20601.6),
  (68, 234, 8, DATE '2025-09-15', 90, 800068, 21060.00, 24429.6),
  (69, 235, 9, DATE '2025-10-16', 30, 800069, 24600.00, 28536.0),
  (70, 235, 10, DATE '2025-11-17', 60, 800070, 28380.00, 32920.8),
  (71, 236, 1, DATE '2025-12-18', 90, 800071, 32400.00, 37584.0),
  (72, 236, 2, DATE '2025-01-19', 30, 800072, 14100.00, 16356.0),
  (73, 237, 3, DATE '2025-02-20', 60, 800073, 17640.00, 20462.4),
  (74, 237, 4, DATE '2025-03-21', 90, 800074, 21420.00, 24847.2),
  (75, 238, 5, DATE '2025-04-22', 30, 800075, 25440.00, 29510.4),
  (76, 238, 6, DATE '2025-05-23', 60, 800076, 29700.00, 34452.0),
  (77, 239, 7, DATE '2025-06-24', 90, 800077, 34200.00, 39672.0),
  (78, 239, 8, DATE '2025-07-25', 30, 800078, 38940.00, 45170.4),
  (79, 240, 9, DATE '2025-08-26', 60, 800079, 43920.00, 50947.2),
  (80, 240, 10, DATE '2025-09-27', 90, 800080, 9900.00, 11484.0),
  (81, 241, 1, DATE '2025-10-01', 30, 800081, 12600.00, 14616.0),
  (82, 241, 2, DATE '2025-11-02', 60, 800082, 15540.00, 18026.4),
  (83, 242, 3, DATE '2025-12-03', 90, 800083, 18720.00, 21715.2),
  (84, 242, 4, DATE '2025-01-04', 30, 800084, 22140.00, 25682.4),
  (85, 243, 5, DATE '2025-02-05', 60, 800085, 25800.00, 29928.0),
  (86, 243, 6, DATE '2025-03-06', 90, 800086, 29700.00, 34452.0),
  (87, 244, 7, DATE '2025-04-07', 30, 800087, 12240.00, 14198.4),
  (88, 244, 8, DATE '2025-05-08', 60, 800088, 5700.00, 6612.0),
  (89, 245, 9, DATE '2025-06-09', 90, 800089, 7560.00, 8769.6),
  (90, 245, 10, DATE '2025-07-10', 30, 800090, 9660.00, 11205.6),
  (91, 246, 1, DATE '2025-08-11', 60, 800091, 12000.00, 13920.0),
  (92, 246, 2, DATE '2025-09-12', 90, 800092, 14580.00, 16912.8),
  (93, 247, 3, DATE '2025-10-13', 30, 800093, 17400.00, 20184.0),
  (94, 247, 4, DATE '2025-11-14', 60, 800094, 20460.00, 23733.6),
  (95, 248, 5, DATE '2025-12-15', 90, 800095, 23760.00, 27561.6),
  (96, 248, 6, DATE '2025-01-16', 30, 800096, 10500.00, 12180.0),
  (97, 249, 7, DATE '2025-02-17', 60, 800097, 13320.00, 15451.2),
  (98, 249, 8, DATE '2025-03-18', 90, 800098, 16380.00, 19000.8),
  (99, 250, 9, DATE '2025-04-19', 30, 800099, 19680.00, 22828.8),
  (100, 250, 10, DATE '2025-05-20', 60, 800100, 23220.00, 26935.2),
  (101, 251, 1, DATE '2025-06-21', 90, 800101, 27000.00, 31320.0),
  (102, 251, 2, DATE '2025-07-22', 30, 800102, 31020.00, 35983.2),
  (103, 252, 3, DATE '2025-08-23', 60, 800103, 35280.00, 40924.8),
  (104, 252, 4, DATE '2025-09-24', 90, 800104, 15300.00, 17748.0),
  (105, 253, 5, DATE '2025-10-25', 30, 800105, 19080.00, 22132.8),
  (106, 253, 6, DATE '2025-11-26', 60, 800106, 23100.00, 26796.0),
  (107, 254, 7, DATE '2025-12-27', 90, 800107, 27360.00, 31737.6),
  (108, 254, 8, DATE '2025-01-01', 30, 800108, 31860.00, 36957.6),
  (109, 255, 9, DATE '2025-02-02', 60, 800109, 36600.00, 42456.0),
  (110, 255, 10, DATE '2025-03-03', 90, 800110, 21780.00, 25264.8),
  (111, 256, 1, DATE '2025-04-04', 30, 800111, 25200.00, 29232.0),
  (112, 256, 2, DATE '2025-05-05', 60, 800112, 11100.00, 12876.0),
  (113, 257, 3, DATE '2025-06-06', 90, 800113, 14040.00, 16286.4),
  (114, 257, 4, DATE '2025-07-07', 30, 800114, 17220.00, 19975.2),
  (115, 258, 5, DATE '2025-08-08', 60, 800115, 20640.00, 23942.4),
  (116, 258, 6, DATE '2025-09-09', 90, 800116, 24300.00, 28188.0),
  (117, 259, 7, DATE '2025-10-10', 30, 800117, 10200.00, 11832.0),
  (118, 259, 8, DATE '2025-11-11', 60, 800118, 12540.00, 14546.4),
  (119, 260, 9, DATE '2025-12-12', 90, 800119, 15120.00, 17539.2),
  (120, 260, 10, DATE '2025-01-13', 30, 800120, 6900.00, 8004.0),
  (121, 261, 1, DATE '2025-02-14', 60, 800121, 9000.00, 10440.0),
  (122, 261, 2, DATE '2025-03-15', 90, 800122, 11340.00, 13154.4),
  (123, 262, 3, DATE '2025-04-16', 30, 800123, 13920.00, 16147.2),
  (124, 262, 4, DATE '2025-05-17', 60, 800124, 16740.00, 19418.4),
  (125, 263, 5, DATE '2025-06-18', 90, 800125, 19800.00, 22968.0),
  (126, 263, 6, DATE '2025-07-19', 30, 800126, 23100.00, 26796.0),
  (127, 264, 7, DATE '2025-08-20', 60, 800127, 26640.00, 30902.4),
  (128, 264, 8, DATE '2025-09-21', 90, 800128, 11700.00, 13572.0),
  (129, 265, 9, DATE '2025-10-22', 30, 800129, 14760.00, 17121.6),
  (130, 265, 10, DATE '2025-11-23', 60, 800130, 18060.00, 20949.6),
  (131, 266, 1, DATE '2025-12-24', 90, 800131, 21600.00, 25056.0),
  (132, 266, 2, DATE '2025-01-25', 30, 800132, 25380.00, 29440.8),
  (133, 267, 3, DATE '2025-02-26', 60, 800133, 29400.00, 34104.0),
  (134, 267, 4, DATE '2025-03-27', 90, 800134, 33660.00, 39045.6),
  (135, 268, 5, DATE '2025-04-01', 30, 800135, 38160.00, 44265.6),
  (136, 268, 6, DATE '2025-05-02', 60, 800136, 16500.00, 19140.0),
  (137, 269, 7, DATE '2025-06-03', 90, 800137, 20520.00, 23803.2),
  (138, 269, 8, DATE '2025-07-04', 30, 800138, 24780.00, 28744.8),
  (139, 270, 9, DATE '2025-08-05', 60, 800139, 29280.00, 33964.8),
  (140, 270, 10, DATE '2025-09-06', 90, 800140, 17820.00, 20671.2),
  (141, 271, 1, DATE '2025-10-07', 30, 800141, 21000.00, 24360.0),
  (142, 271, 2, DATE '2025-11-08', 60, 800142, 24420.00, 28327.2),
  (143, 272, 3, DATE '2025-12-09', 90, 800143, 28080.00, 32572.8),
  (144, 272, 4, DATE '2025-01-10', 30, 800144, 12300.00, 14268.0),
  (145, 273, 5, DATE '2025-02-11', 60, 800145, 15480.00, 17956.8),
  (146, 273, 6, DATE '2025-03-12', 90, 800146, 18900.00, 21924.0),
  (147, 274, 7, DATE '2025-04-13', 30, 800147, 8160.00, 9465.6),
  (148, 274, 8, DATE '2025-05-14', 60, 800148, 10260.00, 11901.6),
  (149, 275, 9, DATE '2025-06-15', 90, 800149, 12600.00, 14616.0),
  (150, 275, 10, DATE '2025-07-16', 30, 800150, 15180.00, 17608.8),
  (151, 276, 1, DATE '2025-08-17', 60, 800151, 18000.00, 20880.0),
  (152, 276, 2, DATE '2025-09-18', 90, 800152, 8100.00, 9396.0),
  (153, 277, 3, DATE '2025-10-19', 30, 800153, 10440.00, 12110.4),
  (154, 277, 4, DATE '2025-11-20', 60, 800154, 13020.00, 15103.2),
  (155, 278, 5, DATE '2025-12-21', 90, 800155, 15840.00, 18374.4),
  (156, 278, 6, DATE '2025-01-22', 30, 800156, 18900.00, 21924.0),
  (157, 279, 7, DATE '2025-02-23', 60, 800157, 22200.00, 25752.0),
  (158, 279, 8, DATE '2025-03-24', 90, 800158, 25740.00, 29858.4),
  (159, 280, 9, DATE '2025-04-25', 30, 800159, 29520.00, 34243.2),
  (160, 280, 10, DATE '2025-05-26', 60, 800160, 12900.00, 14964.0),
  (161, 281, 1, DATE '2025-06-27', 90, 800161, 16200.00, 18792.0),
  (162, 281, 2, DATE '2025-07-01', 30, 800162, 19740.00, 22898.4),
  (163, 282, 3, DATE '2025-08-02', 60, 800163, 23520.00, 27283.2),
  (164, 282, 4, DATE '2025-09-03', 90, 800164, 27540.00, 31946.4),
  (165, 283, 5, DATE '2025-10-04', 30, 800165, 31800.00, 36888.0),
  (166, 283, 6, DATE '2025-11-05', 60, 800166, 36300.00, 42108.0),
  (167, 284, 7, DATE '2025-12-06', 90, 800167, 41040.00, 47606.4),
  (168, 284, 8, DATE '2025-01-07', 30, 800168, 17700.00, 20532.0),
  (169, 285, 9, DATE '2025-02-08', 60, 800169, 21960.00, 25473.6),
  (170, 285, 10, DATE '2025-03-09', 90, 800170, 13860.00, 16077.6),
  (171, 286, 1, DATE '2025-04-10', 30, 800171, 16800.00, 19488.0),
  (172, 286, 2, DATE '2025-05-11', 60, 800172, 19980.00, 23176.8),
  (173, 287, 3, DATE '2025-06-12', 90, 800173, 23400.00, 27144.0),
  (174, 287, 4, DATE '2025-07-13', 30, 800174, 27060.00, 31389.6),
  (175, 288, 5, DATE '2025-08-14', 60, 800175, 30960.00, 35913.6),
  (176, 288, 6, DATE '2025-09-15', 90, 800176, 13500.00, 15660.0),
  (177, 289, 7, DATE '2025-10-16', 30, 800177, 6120.00, 7099.2),
  (178, 289, 8, DATE '2025-11-17', 60, 800178, 7980.00, 9256.8),
  (179, 290, 9, DATE '2025-12-18', 90, 800179, 10080.00, 11692.8),
  (180, 290, 10, DATE '2025-01-19', 30, 800180, 12420.00, 14407.2),
  (181, 291, 1, DATE '2025-02-20', 60, 800181, 15000.00, 17400.0),
  (182, 291, 2, DATE '2025-03-21', 90, 800182, 17820.00, 20671.2),
  (183, 292, 3, DATE '2025-04-22', 30, 800183, 20880.00, 24220.8),
  (184, 292, 4, DATE '2025-05-23', 60, 800184, 9300.00, 10788.0),
  (185, 293, 5, DATE '2025-06-24', 90, 800185, 11880.00, 13780.8),
  (186, 293, 6, DATE '2025-07-25', 30, 800186, 14700.00, 17052.0),
  (187, 294, 7, DATE '2025-08-26', 60, 800187, 17760.00, 20601.6),
  (188, 294, 8, DATE '2025-09-27', 90, 800188, 21060.00, 24429.6),
  (189, 295, 9, DATE '2025-10-01', 30, 800189, 24600.00, 28536.0),
  (190, 295, 10, DATE '2025-11-02', 60, 800190, 28380.00, 32920.8),
  (191, 296, 1, DATE '2025-12-03', 90, 800191, 32400.00, 37584.0),
  (192, 296, 2, DATE '2025-01-04', 30, 800192, 14100.00, 16356.0),
  (193, 297, 3, DATE '2025-02-05', 60, 800193, 17640.00, 20462.4),
  (194, 297, 4, DATE '2025-03-06', 90, 800194, 21420.00, 24847.2),
  (195, 298, 5, DATE '2025-04-07', 30, 800195, 25440.00, 29510.4),
  (196, 298, 6, DATE '2025-05-08', 60, 800196, 29700.00, 34452.0),
  (197, 299, 7, DATE '2025-06-09', 90, 800197, 34200.00, 39672.0),
  (198, 299, 8, DATE '2025-07-10', 30, 800198, 38940.00, 45170.4),
  (199, 300, 9, DATE '2025-08-11', 60, 800199, 43920.00, 50947.2),
  (200, 300, 10, DATE '2025-09-12', 90, 800200, 9900.00, 11484.0),
  (201, 301, 1, DATE '2025-10-13', 30, 800201, 12600.00, 14616.0),
  (202, 301, 2, DATE '2025-11-14', 60, 800202, 15540.00, 18026.4),
  (203, 302, 3, DATE '2025-12-15', 90, 800203, 18720.00, 21715.2),
  (204, 302, 4, DATE '2025-01-16', 30, 800204, 22140.00, 25682.4),
  (205, 303, 5, DATE '2025-02-17', 60, 800205, 25800.00, 29928.0),
  (206, 303, 6, DATE '2025-03-18', 90, 800206, 29700.00, 34452.0),
  (207, 304, 7, DATE '2025-04-19', 30, 800207, 12240.00, 14198.4),
  (208, 304, 8, DATE '2025-05-20', 60, 800208, 5700.00, 6612.0),
  (209, 305, 9, DATE '2025-06-21', 90, 800209, 7560.00, 8769.6),
  (210, 305, 10, DATE '2025-07-22', 30, 800210, 9660.00, 11205.6),
  (211, 306, 1, DATE '2025-08-23', 60, 800211, 12000.00, 13920.0),
  (212, 306, 2, DATE '2025-09-24', 90, 800212, 14580.00, 16912.8),
  (213, 307, 3, DATE '2025-10-25', 30, 800213, 17400.00, 20184.0),
  (214, 307, 4, DATE '2025-11-26', 60, 800214, 20460.00, 23733.6),
  (215, 308, 5, DATE '2025-12-27', 90, 800215, 23760.00, 27561.6),
  (216, 308, 6, DATE '2025-01-01', 30, 800216, 10500.00, 12180.0),
  (217, 309, 7, DATE '2025-02-02', 60, 800217, 13320.00, 15451.2),
  (218, 309, 8, DATE '2025-03-03', 90, 800218, 16380.00, 19000.8),
  (219, 310, 9, DATE '2025-04-04', 30, 800219, 19680.00, 22828.8),
  (220, 310, 10, DATE '2025-05-05', 60, 800220, 23220.00, 26935.2),
  (221, 311, 1, DATE '2025-06-06', 90, 800221, 27000.00, 31320.0),
  (222, 311, 2, DATE '2025-07-07', 30, 800222, 31020.00, 35983.2),
  (223, 312, 3, DATE '2025-08-08', 60, 800223, 35280.00, 40924.8),
  (224, 312, 4, DATE '2025-09-09', 90, 800224, 15300.00, 17748.0),
  (225, 313, 5, DATE '2025-10-10', 30, 800225, 19080.00, 22132.8),
  (226, 313, 6, DATE '2025-11-11', 60, 800226, 23100.00, 26796.0),
  (227, 314, 7, DATE '2025-12-12', 90, 800227, 27360.00, 31737.6),
  (228, 314, 8, DATE '2025-01-13', 30, 800228, 31860.00, 36957.6),
  (229, 315, 9, DATE '2025-02-14', 60, 800229, 36600.00, 42456.0),
  (230, 315, 10, DATE '2025-03-15', 90, 800230, 21780.00, 25264.8),
  (231, 316, 1, DATE '2025-04-16', 30, 800231, 25200.00, 29232.0),
  (232, 316, 2, DATE '2025-05-17', 60, 800232, 11100.00, 12876.0),
  (233, 317, 3, DATE '2025-06-18', 90, 800233, 14040.00, 16286.4),
  (234, 317, 4, DATE '2025-07-19', 30, 800234, 17220.00, 19975.2),
  (235, 318, 5, DATE '2025-08-20', 60, 800235, 20640.00, 23942.4),
  (236, 318, 6, DATE '2025-09-21', 90, 800236, 24300.00, 28188.0),
  (237, 319, 7, DATE '2025-10-22', 30, 800237, 10200.00, 11832.0),
  (238, 319, 8, DATE '2025-11-23', 60, 800238, 12540.00, 14546.4),
  (239, 320, 9, DATE '2025-12-24', 90, 800239, 15120.00, 17539.2),
  (240, 320, 10, DATE '2025-01-25', 30, 800240, 6900.00, 8004.0),
  (241, 321, 1, DATE '2025-02-26', 60, 800241, 9000.00, 10440.0),
  (242, 321, 2, DATE '2025-03-27', 90, 800242, 11340.00, 13154.4),
  (243, 322, 3, DATE '2025-04-01', 30, 800243, 13920.00, 16147.2),
  (244, 322, 4, DATE '2025-05-02', 60, 800244, 16740.00, 19418.4),
  (245, 323, 5, DATE '2025-06-03', 90, 800245, 19800.00, 22968.0),
  (246, 323, 6, DATE '2025-07-04', 30, 800246, 23100.00, 26796.0),
  (247, 324, 7, DATE '2025-08-05', 60, 800247, 26640.00, 30902.4),
  (248, 324, 8, DATE '2025-09-06', 90, 800248, 11700.00, 13572.0),
  (249, 325, 9, DATE '2025-10-07', 30, 800249, 14760.00, 17121.6),
  (250, 325, 10, DATE '2025-11-08', 60, 800250, 18060.00, 20949.6),
  (251, 326, 1, DATE '2025-12-09', 90, 800251, 21600.00, 25056.0),
  (252, 326, 2, DATE '2025-01-10', 30, 800252, 25380.00, 29440.8),
  (253, 327, 3, DATE '2025-02-11', 60, 800253, 29400.00, 34104.0),
  (254, 327, 4, DATE '2025-03-12', 90, 800254, 33660.00, 39045.6),
  (255, 328, 5, DATE '2025-04-13', 30, 800255, 38160.00, 44265.6),
  (256, 328, 6, DATE '2025-05-14', 60, 800256, 16500.00, 19140.0),
  (257, 329, 7, DATE '2025-06-15', 90, 800257, 20520.00, 23803.2),
  (258, 329, 8, DATE '2025-07-16', 30, 800258, 24780.00, 28744.8),
  (259, 330, 9, DATE '2025-08-17', 60, 800259, 29280.00, 33964.8),
  (260, 330, 10, DATE '2025-09-18', 90, 800260, 17820.00, 20671.2),
  (261, 331, 1, DATE '2025-10-19', 30, 800261, 21000.00, 24360.0),
  (262, 331, 2, DATE '2025-11-20', 60, 800262, 24420.00, 28327.2),
  (263, 332, 3, DATE '2025-12-21', 90, 800263, 28080.00, 32572.8),
  (264, 332, 4, DATE '2025-01-22', 30, 800264, 12300.00, 14268.0),
  (265, 333, 5, DATE '2025-02-23', 60, 800265, 15480.00, 17956.8),
  (266, 333, 6, DATE '2025-03-24', 90, 800266, 18900.00, 21924.0),
  (267, 334, 7, DATE '2025-04-25', 30, 800267, 8160.00, 9465.6),
  (268, 334, 8, DATE '2025-05-26', 60, 800268, 10260.00, 11901.6),
  (269, 335, 9, DATE '2025-06-27', 90, 800269, 12600.00, 14616.0),
  (270, 335, 10, DATE '2025-07-01', 30, 800270, 15180.00, 17608.8),
  (271, 336, 1, DATE '2025-08-02', 60, 800271, 18000.00, 20880.0),
  (272, 336, 2, DATE '2025-09-03', 90, 800272, 8100.00, 9396.0),
  (273, 337, 3, DATE '2025-10-04', 30, 800273, 10440.00, 12110.4),
  (274, 337, 4, DATE '2025-11-05', 60, 800274, 13020.00, 15103.2),
  (275, 338, 5, DATE '2025-12-06', 90, 800275, 15840.00, 18374.4),
  (276, 338, 6, DATE '2025-01-07', 30, 800276, 18900.00, 21924.0),
  (277, 339, 7, DATE '2025-02-08', 60, 800277, 22200.00, 25752.0),
  (278, 339, 8, DATE '2025-03-09', 90, 800278, 25740.00, 29858.4),
  (279, 340, 9, DATE '2025-04-10', 30, 800279, 29520.00, 34243.2),
  (280, 340, 10, DATE '2025-05-11', 60, 800280, 12900.00, 14964.0),
  (281, 341, 1, DATE '2025-06-12', 90, 800281, 16200.00, 18792.0),
  (282, 341, 2, DATE '2025-07-13', 30, 800282, 19740.00, 22898.4),
  (283, 342, 3, DATE '2025-08-14', 60, 800283, 23520.00, 27283.2),
  (284, 342, 4, DATE '2025-09-15', 90, 800284, 27540.00, 31946.4),
  (285, 343, 5, DATE '2025-10-16', 30, 800285, 31800.00, 36888.0),
  (286, 343, 6, DATE '2025-11-17', 60, 800286, 36300.00, 42108.0),
  (287, 344, 7, DATE '2025-12-18', 90, 800287, 41040.00, 47606.4),
  (288, 344, 8, DATE '2025-01-19', 30, 800288, 17700.00, 20532.0),
  (289, 345, 9, DATE '2025-02-20', 60, 800289, 21960.00, 25473.6),
  (290, 345, 10, DATE '2025-03-21', 90, 800290, 13860.00, 16077.6),
  (291, 346, 1, DATE '2025-04-22', 30, 800291, 16800.00, 19488.0),
  (292, 346, 2, DATE '2025-05-23', 60, 800292, 19980.00, 23176.8),
  (293, 347, 3, DATE '2025-06-24', 90, 800293, 23400.00, 27144.0),
  (294, 347, 4, DATE '2025-07-25', 30, 800294, 27060.00, 31389.6),
  (295, 348, 5, DATE '2025-08-26', 60, 800295, 30960.00, 35913.6),
  (296, 348, 6, DATE '2025-09-27', 90, 800296, 13500.00, 15660.0),
  (297, 349, 7, DATE '2025-10-01', 30, 800297, 6120.00, 7099.2),
  (298, 349, 8, DATE '2025-11-02', 60, 800298, 7980.00, 9256.8),
  (299, 350, 9, DATE '2025-12-03', 90, 800299, 10080.00, 11692.8),
  (300, 350, 10, DATE '2025-01-04', 30, 800300, 12420.00, 14407.2),
  (301, 351, 1, DATE '2025-02-05', 60, 800301, 15000.00, 17400.0),
  (302, 351, 2, DATE '2025-03-06', 90, 800302, 17820.00, 20671.2),
  (303, 352, 3, DATE '2025-04-07', 30, 800303, 20880.00, 24220.8),
  (304, 352, 4, DATE '2025-05-08', 60, 800304, 9300.00, 10788.0),
  (305, 353, 5, DATE '2025-06-09', 90, 800305, 11880.00, 13780.8),
  (306, 353, 6, DATE '2025-07-10', 30, 800306, 14700.00, 17052.0),
  (307, 354, 7, DATE '2025-08-11', 60, 800307, 17760.00, 20601.6),
  (308, 354, 8, DATE '2025-09-12', 90, 800308, 21060.00, 24429.6),
  (309, 355, 9, DATE '2025-10-13', 30, 800309, 24600.00, 28536.0),
  (310, 355, 10, DATE '2025-11-14', 60, 800310, 28380.00, 32920.8),
  (311, 356, 1, DATE '2025-12-15', 90, 800311, 32400.00, 37584.0),
  (312, 356, 2, DATE '2025-01-16', 30, 800312, 14100.00, 16356.0),
  (313, 357, 3, DATE '2025-02-17', 60, 800313, 17640.00, 20462.4),
  (314, 357, 4, DATE '2025-03-18', 90, 800314, 21420.00, 24847.2),
  (315, 358, 5, DATE '2025-04-19', 30, 800315, 25440.00, 29510.4),
  (316, 358, 6, DATE '2025-05-20', 60, 800316, 29700.00, 34452.0),
  (317, 359, 7, DATE '2025-06-21', 90, 800317, 34200.00, 39672.0),
  (318, 359, 8, DATE '2025-07-22', 30, 800318, 38940.00, 45170.4),
  (319, 360, 9, DATE '2025-08-23', 60, 800319, 43920.00, 50947.2),
  (320, 360, 10, DATE '2025-09-24', 90, 800320, 9900.00, 11484.0),
  (321, 361, 1, DATE '2025-10-25', 30, 800321, 12600.00, 14616.0),
  (322, 361, 2, DATE '2025-11-26', 60, 800322, 15540.00, 18026.4),
  (323, 362, 3, DATE '2025-12-27', 90, 800323, 18720.00, 21715.2),
  (324, 362, 4, DATE '2025-01-01', 30, 800324, 22140.00, 25682.4),
  (325, 363, 5, DATE '2025-02-02', 60, 800325, 25800.00, 29928.0),
  (326, 363, 6, DATE '2025-03-03', 90, 800326, 29700.00, 34452.0),
  (327, 364, 7, DATE '2025-04-04', 30, 800327, 12240.00, 14198.4),
  (328, 364, 8, DATE '2025-05-05', 60, 800328, 5700.00, 6612.0),
  (329, 365, 9, DATE '2025-06-06', 90, 800329, 7560.00, 8769.6),
  (330, 365, 10, DATE '2025-07-07', 30, 800330, 9660.00, 11205.6),
  (331, 366, 1, DATE '2025-08-08', 60, 800331, 12000.00, 13920.0),
  (332, 366, 2, DATE '2025-09-09', 90, 800332, 14580.00, 16912.8),
  (333, 367, 3, DATE '2025-10-10', 30, 800333, 17400.00, 20184.0),
  (334, 367, 4, DATE '2025-11-11', 60, 800334, 20460.00, 23733.6),
  (335, 368, 5, DATE '2025-12-12', 90, 800335, 23760.00, 27561.6),
  (336, 368, 6, DATE '2025-01-13', 30, 800336, 10500.00, 12180.0),
  (337, 369, 7, DATE '2025-02-14', 60, 800337, 13320.00, 15451.2),
  (338, 369, 8, DATE '2025-03-15', 90, 800338, 16380.00, 19000.8),
  (339, 370, 9, DATE '2025-04-16', 30, 800339, 19680.00, 22828.8),
  (340, 370, 10, DATE '2025-05-17', 60, 800340, 23220.00, 26935.2),
  (341, 371, 1, DATE '2025-06-18', 90, 800341, 27000.00, 31320.0),
  (342, 371, 2, DATE '2025-07-19', 30, 800342, 31020.00, 35983.2),
  (343, 372, 3, DATE '2025-08-20', 60, 800343, 35280.00, 40924.8),
  (344, 372, 4, DATE '2025-09-21', 90, 800344, 15300.00, 17748.0),
  (345, 373, 5, DATE '2025-10-22', 30, 800345, 19080.00, 22132.8),
  (346, 373, 6, DATE '2025-11-23', 60, 800346, 23100.00, 26796.0),
  (347, 374, 7, DATE '2025-12-24', 90, 800347, 27360.00, 31737.6),
  (348, 374, 8, DATE '2025-01-25', 30, 800348, 31860.00, 36957.6),
  (349, 375, 9, DATE '2025-02-26', 60, 800349, 36600.00, 42456.0),
  (350, 375, 10, DATE '2025-03-27', 90, 800350, 21780.00, 25264.8),
  (351, 376, 1, DATE '2025-04-01', 30, 800351, 25200.00, 29232.0),
  (352, 376, 2, DATE '2025-05-02', 60, 800352, 11100.00, 12876.0),
  (353, 377, 3, DATE '2025-06-03', 90, 800353, 14040.00, 16286.4),
  (354, 377, 4, DATE '2025-07-04', 30, 800354, 17220.00, 19975.2),
  (355, 378, 5, DATE '2025-08-05', 60, 800355, 20640.00, 23942.4),
  (356, 378, 6, DATE '2025-09-06', 90, 800356, 24300.00, 28188.0),
  (357, 379, 7, DATE '2025-10-07', 30, 800357, 10200.00, 11832.0),
  (358, 379, 8, DATE '2025-11-08', 60, 800358, 12540.00, 14546.4),
  (359, 380, 9, DATE '2025-12-09', 90, 800359, 15120.00, 17539.2),
  (360, 380, 10, DATE '2025-01-10', 30, 800360, 6900.00, 8004.0),
  (361, 381, 1, DATE '2025-02-11', 60, 800361, 9000.00, 10440.0),
  (362, 381, 2, DATE '2025-03-12', 90, 800362, 11340.00, 13154.4),
  (363, 382, 3, DATE '2025-04-13', 30, 800363, 13920.00, 16147.2),
  (364, 382, 4, DATE '2025-05-14', 60, 800364, 16740.00, 19418.4),
  (365, 383, 5, DATE '2025-06-15', 90, 800365, 19800.00, 22968.0),
  (366, 383, 6, DATE '2025-07-16', 30, 800366, 23100.00, 26796.0),
  (367, 384, 7, DATE '2025-08-17', 60, 800367, 26640.00, 30902.4),
  (368, 384, 8, DATE '2025-09-18', 90, 800368, 11700.00, 13572.0),
  (369, 385, 9, DATE '2025-10-19', 30, 800369, 14760.00, 17121.6),
  (370, 385, 10, DATE '2025-11-20', 60, 800370, 18060.00, 20949.6),
  (371, 386, 1, DATE '2025-12-21', 90, 800371, 21600.00, 25056.0),
  (372, 386, 2, DATE '2025-01-22', 30, 800372, 25380.00, 29440.8),
  (373, 387, 3, DATE '2025-02-23', 60, 800373, 29400.00, 34104.0),
  (374, 387, 4, DATE '2025-03-24', 90, 800374, 33660.00, 39045.6),
  (375, 388, 5, DATE '2025-04-25', 30, 800375, 38160.00, 44265.6),
  (376, 388, 6, DATE '2025-05-26', 60, 800376, 16500.00, 19140.0),
  (377, 389, 7, DATE '2025-06-27', 90, 800377, 20520.00, 23803.2),
  (378, 389, 8, DATE '2025-07-01', 30, 800378, 24780.00, 28744.8),
  (379, 390, 9, DATE '2025-08-02', 60, 800379, 29280.00, 33964.8),
  (380, 390, 10, DATE '2025-09-03', 90, 800380, 17820.00, 20671.2),
  (381, 391, 1, DATE '2025-10-04', 30, 800381, 21000.00, 24360.0),
  (382, 391, 2, DATE '2025-11-05', 60, 800382, 24420.00, 28327.2),
  (383, 392, 3, DATE '2025-12-06', 90, 800383, 28080.00, 32572.8),
  (384, 392, 4, DATE '2025-01-07', 30, 800384, 12300.00, 14268.0),
  (385, 393, 5, DATE '2025-02-08', 60, 800385, 15480.00, 17956.8),
  (386, 393, 6, DATE '2025-03-09', 90, 800386, 18900.00, 21924.0),
  (387, 394, 7, DATE '2025-04-10', 30, 800387, 8160.00, 9465.6),
  (388, 394, 8, DATE '2025-05-11', 60, 800388, 10260.00, 11901.6),
  (389, 395, 9, DATE '2025-06-12', 90, 800389, 12600.00, 14616.0),
  (390, 395, 10, DATE '2025-07-13', 30, 800390, 15180.00, 17608.8),
  (391, 396, 1, DATE '2025-08-14', 60, 800391, 18000.00, 20880.0),
  (392, 396, 2, DATE '2025-09-15', 90, 800392, 8100.00, 9396.0),
  (393, 397, 3, DATE '2025-10-16', 30, 800393, 10440.00, 12110.4),
  (394, 397, 4, DATE '2025-11-17', 60, 800394, 13020.00, 15103.2),
  (395, 398, 5, DATE '2025-12-18', 90, 800395, 15840.00, 18374.4),
  (396, 398, 6, DATE '2025-01-19', 30, 800396, 18900.00, 21924.0),
  (397, 399, 7, DATE '2025-02-20', 60, 800397, 22200.00, 25752.0),
  (398, 399, 8, DATE '2025-03-21', 90, 800398, 25740.00, 29858.4),
  (399, 400, 9, DATE '2025-04-22', 30, 800399, 29520.00, 34243.2),
  (400, 400, 10, DATE '2025-05-23', 60, 800400, 12900.00, 14964.0);

-- ============================================================================
-- CAPA C.4 — DETALLE_ORDEN_B2B (800) — solicitada vs despachada (parcial)
-- ============================================================================
INSERT INTO DETALLE_ORDEN_B2B (ID_PIEZA, ID_MOLDE, ID_MATERIAPRIMA, BAS_ID_BASEDISENO, ID_BASEDISENO, ID_PRODUCTO, ID_ORDEN_COMPRA_B2B, CANTIDADSOLICITAD_ORDEN_B2B, CANTIDAD_DESPACHADA, PRECIO_UNITARIO_DETALLE_B2B) VALUES
  (5, 5, 5, 5, 5, 5, 1, 72, 72, 45.00),
  (2, 2, 2, 2, 2, 12, 1, 72, 72, 80.00),
  (6, 6, 6, 6, 6, 6, 2, 84, 84, 50.00),
  (3, 3, 3, 3, 3, 13, 2, 84, 84, 85.00),
  (7, 7, 7, 7, 7, 7, 3, 96, 96, 55.00),
  (4, 4, 4, 4, 4, 14, 3, 96, 96, 90.00),
  (8, 8, 8, 8, 8, 8, 4, 108, 108, 60.00),
  (5, 5, 5, 5, 5, 15, 4, 108, 108, 95.00),
  (9, 9, 9, 9, 9, 9, 5, 120, 96, 65.00),
  (6, 6, 6, 6, 6, 16, 5, 120, 120, 100.00),
  (10, 10, 10, 10, 10, 10, 6, 132, 132, 70.00),
  (7, 7, 7, 7, 7, 17, 6, 132, 132, 105.00),
  (1, 1, 1, 1, 1, 11, 7, 144, 144, 75.00),
  (8, 8, 8, 8, 8, 18, 7, 144, 144, 110.00),
  (2, 2, 2, 2, 2, 12, 8, 60, 60, 80.00),
  (9, 9, 9, 9, 9, 19, 8, 60, 60, 115.00),
  (3, 3, 3, 3, 3, 13, 9, 72, 72, 85.00),
  (10, 10, 10, 10, 10, 20, 9, 72, 72, 120.00),
  (4, 4, 4, 4, 4, 14, 10, 84, 60, 90.00),
  (1, 1, 1, 1, 1, 21, 10, 84, 84, 125.00),
  (5, 5, 5, 5, 5, 15, 11, 96, 96, 95.00),
  (2, 2, 2, 2, 2, 22, 11, 96, 96, 130.00),
  (6, 6, 6, 6, 6, 16, 12, 108, 108, 100.00),
  (3, 3, 3, 3, 3, 23, 12, 108, 108, 135.00),
  (7, 7, 7, 7, 7, 17, 13, 120, 120, 105.00),
  (4, 4, 4, 4, 4, 24, 13, 120, 120, 140.00),
  (8, 8, 8, 8, 8, 18, 14, 132, 132, 110.00),
  (5, 5, 5, 5, 5, 25, 14, 132, 132, 145.00),
  (9, 9, 9, 9, 9, 19, 15, 144, 120, 115.00),
  (6, 6, 6, 6, 6, 26, 15, 144, 144, 150.00),
  (10, 10, 10, 10, 10, 20, 16, 60, 60, 120.00),
  (7, 7, 7, 7, 7, 27, 16, 60, 60, 155.00),
  (1, 1, 1, 1, 1, 21, 17, 72, 72, 125.00),
  (8, 8, 8, 8, 8, 28, 17, 72, 72, 160.00),
  (2, 2, 2, 2, 2, 22, 18, 84, 84, 130.00),
  (9, 9, 9, 9, 9, 29, 18, 84, 84, 165.00),
  (3, 3, 3, 3, 3, 23, 19, 96, 96, 135.00),
  (10, 10, 10, 10, 10, 30, 19, 96, 96, 170.00),
  (4, 4, 4, 4, 4, 24, 20, 108, 84, 140.00),
  (1, 1, 1, 1, 1, 1, 20, 108, 108, 25.00),
  (5, 5, 5, 5, 5, 25, 21, 120, 120, 145.00),
  (2, 2, 2, 2, 2, 2, 21, 120, 120, 30.00),
  (6, 6, 6, 6, 6, 26, 22, 132, 132, 150.00),
  (3, 3, 3, 3, 3, 3, 22, 132, 132, 35.00),
  (7, 7, 7, 7, 7, 27, 23, 144, 144, 155.00),
  (4, 4, 4, 4, 4, 4, 23, 144, 144, 40.00),
  (8, 8, 8, 8, 8, 28, 24, 60, 60, 160.00),
  (5, 5, 5, 5, 5, 5, 24, 60, 60, 45.00),
  (9, 9, 9, 9, 9, 29, 25, 72, 48, 165.00),
  (6, 6, 6, 6, 6, 6, 25, 72, 72, 50.00),
  (10, 10, 10, 10, 10, 30, 26, 84, 84, 170.00),
  (7, 7, 7, 7, 7, 7, 26, 84, 84, 55.00),
  (1, 1, 1, 1, 1, 1, 27, 96, 96, 25.00),
  (8, 8, 8, 8, 8, 8, 27, 96, 96, 60.00),
  (2, 2, 2, 2, 2, 2, 28, 108, 108, 30.00),
  (9, 9, 9, 9, 9, 9, 28, 108, 108, 65.00),
  (3, 3, 3, 3, 3, 3, 29, 120, 120, 35.00),
  (10, 10, 10, 10, 10, 10, 29, 120, 120, 70.00),
  (4, 4, 4, 4, 4, 4, 30, 132, 108, 40.00),
  (1, 1, 1, 1, 1, 11, 30, 132, 132, 75.00),
  (5, 5, 5, 5, 5, 5, 31, 144, 144, 45.00),
  (2, 2, 2, 2, 2, 12, 31, 144, 144, 80.00),
  (6, 6, 6, 6, 6, 6, 32, 60, 60, 50.00),
  (3, 3, 3, 3, 3, 13, 32, 60, 60, 85.00),
  (7, 7, 7, 7, 7, 7, 33, 72, 72, 55.00),
  (4, 4, 4, 4, 4, 14, 33, 72, 72, 90.00),
  (8, 8, 8, 8, 8, 8, 34, 84, 84, 60.00),
  (5, 5, 5, 5, 5, 15, 34, 84, 84, 95.00),
  (9, 9, 9, 9, 9, 9, 35, 96, 72, 65.00),
  (6, 6, 6, 6, 6, 16, 35, 96, 96, 100.00),
  (10, 10, 10, 10, 10, 10, 36, 108, 108, 70.00),
  (7, 7, 7, 7, 7, 17, 36, 108, 108, 105.00),
  (1, 1, 1, 1, 1, 11, 37, 120, 120, 75.00),
  (8, 8, 8, 8, 8, 18, 37, 120, 120, 110.00),
  (2, 2, 2, 2, 2, 12, 38, 132, 132, 80.00),
  (9, 9, 9, 9, 9, 19, 38, 132, 132, 115.00),
  (3, 3, 3, 3, 3, 13, 39, 144, 144, 85.00),
  (10, 10, 10, 10, 10, 20, 39, 144, 144, 120.00),
  (4, 4, 4, 4, 4, 14, 40, 60, 36, 90.00),
  (1, 1, 1, 1, 1, 21, 40, 60, 60, 125.00),
  (5, 5, 5, 5, 5, 15, 41, 72, 72, 95.00),
  (2, 2, 2, 2, 2, 22, 41, 72, 72, 130.00),
  (6, 6, 6, 6, 6, 16, 42, 84, 84, 100.00),
  (3, 3, 3, 3, 3, 23, 42, 84, 84, 135.00),
  (7, 7, 7, 7, 7, 17, 43, 96, 96, 105.00),
  (4, 4, 4, 4, 4, 24, 43, 96, 96, 140.00),
  (8, 8, 8, 8, 8, 18, 44, 108, 108, 110.00),
  (5, 5, 5, 5, 5, 25, 44, 108, 108, 145.00),
  (9, 9, 9, 9, 9, 19, 45, 120, 96, 115.00),
  (6, 6, 6, 6, 6, 26, 45, 120, 120, 150.00),
  (10, 10, 10, 10, 10, 20, 46, 132, 132, 120.00),
  (7, 7, 7, 7, 7, 27, 46, 132, 132, 155.00),
  (1, 1, 1, 1, 1, 21, 47, 144, 144, 125.00),
  (8, 8, 8, 8, 8, 28, 47, 144, 144, 160.00),
  (2, 2, 2, 2, 2, 22, 48, 60, 60, 130.00),
  (9, 9, 9, 9, 9, 29, 48, 60, 60, 165.00),
  (3, 3, 3, 3, 3, 23, 49, 72, 72, 135.00),
  (10, 10, 10, 10, 10, 30, 49, 72, 72, 170.00),
  (4, 4, 4, 4, 4, 24, 50, 84, 60, 140.00),
  (1, 1, 1, 1, 1, 1, 50, 84, 84, 25.00),
  (5, 5, 5, 5, 5, 25, 51, 96, 96, 145.00),
  (2, 2, 2, 2, 2, 2, 51, 96, 96, 30.00),
  (6, 6, 6, 6, 6, 26, 52, 108, 108, 150.00),
  (3, 3, 3, 3, 3, 3, 52, 108, 108, 35.00),
  (7, 7, 7, 7, 7, 27, 53, 120, 120, 155.00),
  (4, 4, 4, 4, 4, 4, 53, 120, 120, 40.00),
  (8, 8, 8, 8, 8, 28, 54, 132, 132, 160.00),
  (5, 5, 5, 5, 5, 5, 54, 132, 132, 45.00),
  (9, 9, 9, 9, 9, 29, 55, 144, 120, 165.00),
  (6, 6, 6, 6, 6, 6, 55, 144, 144, 50.00),
  (10, 10, 10, 10, 10, 30, 56, 60, 60, 170.00),
  (7, 7, 7, 7, 7, 7, 56, 60, 60, 55.00),
  (1, 1, 1, 1, 1, 1, 57, 72, 72, 25.00),
  (8, 8, 8, 8, 8, 8, 57, 72, 72, 60.00),
  (2, 2, 2, 2, 2, 2, 58, 84, 84, 30.00),
  (9, 9, 9, 9, 9, 9, 58, 84, 84, 65.00),
  (3, 3, 3, 3, 3, 3, 59, 96, 96, 35.00),
  (10, 10, 10, 10, 10, 10, 59, 96, 96, 70.00),
  (4, 4, 4, 4, 4, 4, 60, 108, 84, 40.00),
  (1, 1, 1, 1, 1, 11, 60, 108, 108, 75.00),
  (5, 5, 5, 5, 5, 5, 61, 120, 120, 45.00),
  (2, 2, 2, 2, 2, 12, 61, 120, 120, 80.00),
  (6, 6, 6, 6, 6, 6, 62, 132, 132, 50.00),
  (3, 3, 3, 3, 3, 13, 62, 132, 132, 85.00),
  (7, 7, 7, 7, 7, 7, 63, 144, 144, 55.00),
  (4, 4, 4, 4, 4, 14, 63, 144, 144, 90.00),
  (8, 8, 8, 8, 8, 8, 64, 60, 60, 60.00),
  (5, 5, 5, 5, 5, 15, 64, 60, 60, 95.00),
  (9, 9, 9, 9, 9, 9, 65, 72, 48, 65.00),
  (6, 6, 6, 6, 6, 16, 65, 72, 72, 100.00),
  (10, 10, 10, 10, 10, 10, 66, 84, 84, 70.00),
  (7, 7, 7, 7, 7, 17, 66, 84, 84, 105.00),
  (1, 1, 1, 1, 1, 11, 67, 96, 96, 75.00),
  (8, 8, 8, 8, 8, 18, 67, 96, 96, 110.00),
  (2, 2, 2, 2, 2, 12, 68, 108, 108, 80.00),
  (9, 9, 9, 9, 9, 19, 68, 108, 108, 115.00),
  (3, 3, 3, 3, 3, 13, 69, 120, 120, 85.00),
  (10, 10, 10, 10, 10, 20, 69, 120, 120, 120.00),
  (4, 4, 4, 4, 4, 14, 70, 132, 108, 90.00),
  (1, 1, 1, 1, 1, 21, 70, 132, 132, 125.00),
  (5, 5, 5, 5, 5, 15, 71, 144, 144, 95.00),
  (2, 2, 2, 2, 2, 22, 71, 144, 144, 130.00),
  (6, 6, 6, 6, 6, 16, 72, 60, 60, 100.00),
  (3, 3, 3, 3, 3, 23, 72, 60, 60, 135.00),
  (7, 7, 7, 7, 7, 17, 73, 72, 72, 105.00),
  (4, 4, 4, 4, 4, 24, 73, 72, 72, 140.00),
  (8, 8, 8, 8, 8, 18, 74, 84, 84, 110.00),
  (5, 5, 5, 5, 5, 25, 74, 84, 84, 145.00),
  (9, 9, 9, 9, 9, 19, 75, 96, 72, 115.00),
  (6, 6, 6, 6, 6, 26, 75, 96, 96, 150.00),
  (10, 10, 10, 10, 10, 20, 76, 108, 108, 120.00),
  (7, 7, 7, 7, 7, 27, 76, 108, 108, 155.00),
  (1, 1, 1, 1, 1, 21, 77, 120, 120, 125.00),
  (8, 8, 8, 8, 8, 28, 77, 120, 120, 160.00),
  (2, 2, 2, 2, 2, 22, 78, 132, 132, 130.00),
  (9, 9, 9, 9, 9, 29, 78, 132, 132, 165.00),
  (3, 3, 3, 3, 3, 23, 79, 144, 144, 135.00),
  (10, 10, 10, 10, 10, 30, 79, 144, 144, 170.00),
  (4, 4, 4, 4, 4, 24, 80, 60, 36, 140.00),
  (1, 1, 1, 1, 1, 1, 80, 60, 60, 25.00),
  (5, 5, 5, 5, 5, 25, 81, 72, 72, 145.00),
  (2, 2, 2, 2, 2, 2, 81, 72, 72, 30.00),
  (6, 6, 6, 6, 6, 26, 82, 84, 84, 150.00),
  (3, 3, 3, 3, 3, 3, 82, 84, 84, 35.00),
  (7, 7, 7, 7, 7, 27, 83, 96, 96, 155.00),
  (4, 4, 4, 4, 4, 4, 83, 96, 96, 40.00),
  (8, 8, 8, 8, 8, 28, 84, 108, 108, 160.00),
  (5, 5, 5, 5, 5, 5, 84, 108, 108, 45.00),
  (9, 9, 9, 9, 9, 29, 85, 120, 96, 165.00),
  (6, 6, 6, 6, 6, 6, 85, 120, 120, 50.00),
  (10, 10, 10, 10, 10, 30, 86, 132, 132, 170.00),
  (7, 7, 7, 7, 7, 7, 86, 132, 132, 55.00),
  (1, 1, 1, 1, 1, 1, 87, 144, 144, 25.00),
  (8, 8, 8, 8, 8, 8, 87, 144, 144, 60.00),
  (2, 2, 2, 2, 2, 2, 88, 60, 60, 30.00),
  (9, 9, 9, 9, 9, 9, 88, 60, 60, 65.00),
  (3, 3, 3, 3, 3, 3, 89, 72, 72, 35.00),
  (10, 10, 10, 10, 10, 10, 89, 72, 72, 70.00),
  (4, 4, 4, 4, 4, 4, 90, 84, 60, 40.00),
  (1, 1, 1, 1, 1, 11, 90, 84, 84, 75.00),
  (5, 5, 5, 5, 5, 5, 91, 96, 96, 45.00),
  (2, 2, 2, 2, 2, 12, 91, 96, 96, 80.00),
  (6, 6, 6, 6, 6, 6, 92, 108, 108, 50.00),
  (3, 3, 3, 3, 3, 13, 92, 108, 108, 85.00),
  (7, 7, 7, 7, 7, 7, 93, 120, 120, 55.00),
  (4, 4, 4, 4, 4, 14, 93, 120, 120, 90.00),
  (8, 8, 8, 8, 8, 8, 94, 132, 132, 60.00),
  (5, 5, 5, 5, 5, 15, 94, 132, 132, 95.00),
  (9, 9, 9, 9, 9, 9, 95, 144, 120, 65.00),
  (6, 6, 6, 6, 6, 16, 95, 144, 144, 100.00),
  (10, 10, 10, 10, 10, 10, 96, 60, 60, 70.00),
  (7, 7, 7, 7, 7, 17, 96, 60, 60, 105.00),
  (1, 1, 1, 1, 1, 11, 97, 72, 72, 75.00),
  (8, 8, 8, 8, 8, 18, 97, 72, 72, 110.00),
  (2, 2, 2, 2, 2, 12, 98, 84, 84, 80.00),
  (9, 9, 9, 9, 9, 19, 98, 84, 84, 115.00),
  (3, 3, 3, 3, 3, 13, 99, 96, 96, 85.00),
  (10, 10, 10, 10, 10, 20, 99, 96, 96, 120.00),
  (4, 4, 4, 4, 4, 14, 100, 108, 84, 90.00),
  (1, 1, 1, 1, 1, 21, 100, 108, 108, 125.00),
  (5, 5, 5, 5, 5, 15, 101, 120, 120, 95.00),
  (2, 2, 2, 2, 2, 22, 101, 120, 120, 130.00),
  (6, 6, 6, 6, 6, 16, 102, 132, 132, 100.00),
  (3, 3, 3, 3, 3, 23, 102, 132, 132, 135.00),
  (7, 7, 7, 7, 7, 17, 103, 144, 144, 105.00),
  (4, 4, 4, 4, 4, 24, 103, 144, 144, 140.00),
  (8, 8, 8, 8, 8, 18, 104, 60, 60, 110.00),
  (5, 5, 5, 5, 5, 25, 104, 60, 60, 145.00),
  (9, 9, 9, 9, 9, 19, 105, 72, 48, 115.00),
  (6, 6, 6, 6, 6, 26, 105, 72, 72, 150.00),
  (10, 10, 10, 10, 10, 20, 106, 84, 84, 120.00),
  (7, 7, 7, 7, 7, 27, 106, 84, 84, 155.00),
  (1, 1, 1, 1, 1, 21, 107, 96, 96, 125.00),
  (8, 8, 8, 8, 8, 28, 107, 96, 96, 160.00),
  (2, 2, 2, 2, 2, 22, 108, 108, 108, 130.00),
  (9, 9, 9, 9, 9, 29, 108, 108, 108, 165.00),
  (3, 3, 3, 3, 3, 23, 109, 120, 120, 135.00),
  (10, 10, 10, 10, 10, 30, 109, 120, 120, 170.00),
  (4, 4, 4, 4, 4, 24, 110, 132, 108, 140.00),
  (1, 1, 1, 1, 1, 1, 110, 132, 132, 25.00),
  (5, 5, 5, 5, 5, 25, 111, 144, 144, 145.00),
  (2, 2, 2, 2, 2, 2, 111, 144, 144, 30.00),
  (6, 6, 6, 6, 6, 26, 112, 60, 60, 150.00),
  (3, 3, 3, 3, 3, 3, 112, 60, 60, 35.00),
  (7, 7, 7, 7, 7, 27, 113, 72, 72, 155.00),
  (4, 4, 4, 4, 4, 4, 113, 72, 72, 40.00),
  (8, 8, 8, 8, 8, 28, 114, 84, 84, 160.00),
  (5, 5, 5, 5, 5, 5, 114, 84, 84, 45.00),
  (9, 9, 9, 9, 9, 29, 115, 96, 72, 165.00),
  (6, 6, 6, 6, 6, 6, 115, 96, 96, 50.00),
  (10, 10, 10, 10, 10, 30, 116, 108, 108, 170.00),
  (7, 7, 7, 7, 7, 7, 116, 108, 108, 55.00),
  (1, 1, 1, 1, 1, 1, 117, 120, 120, 25.00),
  (8, 8, 8, 8, 8, 8, 117, 120, 120, 60.00),
  (2, 2, 2, 2, 2, 2, 118, 132, 132, 30.00),
  (9, 9, 9, 9, 9, 9, 118, 132, 132, 65.00),
  (3, 3, 3, 3, 3, 3, 119, 144, 144, 35.00),
  (10, 10, 10, 10, 10, 10, 119, 144, 144, 70.00),
  (4, 4, 4, 4, 4, 4, 120, 60, 36, 40.00),
  (1, 1, 1, 1, 1, 11, 120, 60, 60, 75.00),
  (5, 5, 5, 5, 5, 5, 121, 72, 72, 45.00),
  (2, 2, 2, 2, 2, 12, 121, 72, 72, 80.00),
  (6, 6, 6, 6, 6, 6, 122, 84, 84, 50.00),
  (3, 3, 3, 3, 3, 13, 122, 84, 84, 85.00),
  (7, 7, 7, 7, 7, 7, 123, 96, 96, 55.00),
  (4, 4, 4, 4, 4, 14, 123, 96, 96, 90.00),
  (8, 8, 8, 8, 8, 8, 124, 108, 108, 60.00),
  (5, 5, 5, 5, 5, 15, 124, 108, 108, 95.00),
  (9, 9, 9, 9, 9, 9, 125, 120, 96, 65.00),
  (6, 6, 6, 6, 6, 16, 125, 120, 120, 100.00),
  (10, 10, 10, 10, 10, 10, 126, 132, 132, 70.00),
  (7, 7, 7, 7, 7, 17, 126, 132, 132, 105.00),
  (1, 1, 1, 1, 1, 11, 127, 144, 144, 75.00),
  (8, 8, 8, 8, 8, 18, 127, 144, 144, 110.00),
  (2, 2, 2, 2, 2, 12, 128, 60, 60, 80.00),
  (9, 9, 9, 9, 9, 19, 128, 60, 60, 115.00),
  (3, 3, 3, 3, 3, 13, 129, 72, 72, 85.00),
  (10, 10, 10, 10, 10, 20, 129, 72, 72, 120.00),
  (4, 4, 4, 4, 4, 14, 130, 84, 60, 90.00),
  (1, 1, 1, 1, 1, 21, 130, 84, 84, 125.00),
  (5, 5, 5, 5, 5, 15, 131, 96, 96, 95.00),
  (2, 2, 2, 2, 2, 22, 131, 96, 96, 130.00),
  (6, 6, 6, 6, 6, 16, 132, 108, 108, 100.00),
  (3, 3, 3, 3, 3, 23, 132, 108, 108, 135.00),
  (7, 7, 7, 7, 7, 17, 133, 120, 120, 105.00),
  (4, 4, 4, 4, 4, 24, 133, 120, 120, 140.00),
  (8, 8, 8, 8, 8, 18, 134, 132, 132, 110.00),
  (5, 5, 5, 5, 5, 25, 134, 132, 132, 145.00),
  (9, 9, 9, 9, 9, 19, 135, 144, 120, 115.00),
  (6, 6, 6, 6, 6, 26, 135, 144, 144, 150.00),
  (10, 10, 10, 10, 10, 20, 136, 60, 60, 120.00),
  (7, 7, 7, 7, 7, 27, 136, 60, 60, 155.00),
  (1, 1, 1, 1, 1, 21, 137, 72, 72, 125.00),
  (8, 8, 8, 8, 8, 28, 137, 72, 72, 160.00),
  (2, 2, 2, 2, 2, 22, 138, 84, 84, 130.00),
  (9, 9, 9, 9, 9, 29, 138, 84, 84, 165.00),
  (3, 3, 3, 3, 3, 23, 139, 96, 96, 135.00),
  (10, 10, 10, 10, 10, 30, 139, 96, 96, 170.00),
  (4, 4, 4, 4, 4, 24, 140, 108, 84, 140.00),
  (1, 1, 1, 1, 1, 1, 140, 108, 108, 25.00),
  (5, 5, 5, 5, 5, 25, 141, 120, 120, 145.00),
  (2, 2, 2, 2, 2, 2, 141, 120, 120, 30.00),
  (6, 6, 6, 6, 6, 26, 142, 132, 132, 150.00),
  (3, 3, 3, 3, 3, 3, 142, 132, 132, 35.00),
  (7, 7, 7, 7, 7, 27, 143, 144, 144, 155.00),
  (4, 4, 4, 4, 4, 4, 143, 144, 144, 40.00),
  (8, 8, 8, 8, 8, 28, 144, 60, 60, 160.00),
  (5, 5, 5, 5, 5, 5, 144, 60, 60, 45.00),
  (9, 9, 9, 9, 9, 29, 145, 72, 48, 165.00),
  (6, 6, 6, 6, 6, 6, 145, 72, 72, 50.00),
  (10, 10, 10, 10, 10, 30, 146, 84, 84, 170.00),
  (7, 7, 7, 7, 7, 7, 146, 84, 84, 55.00),
  (1, 1, 1, 1, 1, 1, 147, 96, 96, 25.00),
  (8, 8, 8, 8, 8, 8, 147, 96, 96, 60.00),
  (2, 2, 2, 2, 2, 2, 148, 108, 108, 30.00),
  (9, 9, 9, 9, 9, 9, 148, 108, 108, 65.00),
  (3, 3, 3, 3, 3, 3, 149, 120, 120, 35.00),
  (10, 10, 10, 10, 10, 10, 149, 120, 120, 70.00),
  (4, 4, 4, 4, 4, 4, 150, 132, 108, 40.00),
  (1, 1, 1, 1, 1, 11, 150, 132, 132, 75.00),
  (5, 5, 5, 5, 5, 5, 151, 144, 144, 45.00),
  (2, 2, 2, 2, 2, 12, 151, 144, 144, 80.00),
  (6, 6, 6, 6, 6, 6, 152, 60, 60, 50.00),
  (3, 3, 3, 3, 3, 13, 152, 60, 60, 85.00),
  (7, 7, 7, 7, 7, 7, 153, 72, 72, 55.00),
  (4, 4, 4, 4, 4, 14, 153, 72, 72, 90.00),
  (8, 8, 8, 8, 8, 8, 154, 84, 84, 60.00),
  (5, 5, 5, 5, 5, 15, 154, 84, 84, 95.00),
  (9, 9, 9, 9, 9, 9, 155, 96, 72, 65.00),
  (6, 6, 6, 6, 6, 16, 155, 96, 96, 100.00),
  (10, 10, 10, 10, 10, 10, 156, 108, 108, 70.00),
  (7, 7, 7, 7, 7, 17, 156, 108, 108, 105.00),
  (1, 1, 1, 1, 1, 11, 157, 120, 120, 75.00),
  (8, 8, 8, 8, 8, 18, 157, 120, 120, 110.00),
  (2, 2, 2, 2, 2, 12, 158, 132, 132, 80.00),
  (9, 9, 9, 9, 9, 19, 158, 132, 132, 115.00),
  (3, 3, 3, 3, 3, 13, 159, 144, 144, 85.00),
  (10, 10, 10, 10, 10, 20, 159, 144, 144, 120.00),
  (4, 4, 4, 4, 4, 14, 160, 60, 36, 90.00),
  (1, 1, 1, 1, 1, 21, 160, 60, 60, 125.00),
  (5, 5, 5, 5, 5, 15, 161, 72, 72, 95.00),
  (2, 2, 2, 2, 2, 22, 161, 72, 72, 130.00),
  (6, 6, 6, 6, 6, 16, 162, 84, 84, 100.00),
  (3, 3, 3, 3, 3, 23, 162, 84, 84, 135.00),
  (7, 7, 7, 7, 7, 17, 163, 96, 96, 105.00),
  (4, 4, 4, 4, 4, 24, 163, 96, 96, 140.00),
  (8, 8, 8, 8, 8, 18, 164, 108, 108, 110.00),
  (5, 5, 5, 5, 5, 25, 164, 108, 108, 145.00),
  (9, 9, 9, 9, 9, 19, 165, 120, 96, 115.00),
  (6, 6, 6, 6, 6, 26, 165, 120, 120, 150.00),
  (10, 10, 10, 10, 10, 20, 166, 132, 132, 120.00),
  (7, 7, 7, 7, 7, 27, 166, 132, 132, 155.00),
  (1, 1, 1, 1, 1, 21, 167, 144, 144, 125.00),
  (8, 8, 8, 8, 8, 28, 167, 144, 144, 160.00),
  (2, 2, 2, 2, 2, 22, 168, 60, 60, 130.00),
  (9, 9, 9, 9, 9, 29, 168, 60, 60, 165.00),
  (3, 3, 3, 3, 3, 23, 169, 72, 72, 135.00),
  (10, 10, 10, 10, 10, 30, 169, 72, 72, 170.00),
  (4, 4, 4, 4, 4, 24, 170, 84, 60, 140.00),
  (1, 1, 1, 1, 1, 1, 170, 84, 84, 25.00),
  (5, 5, 5, 5, 5, 25, 171, 96, 96, 145.00),
  (2, 2, 2, 2, 2, 2, 171, 96, 96, 30.00),
  (6, 6, 6, 6, 6, 26, 172, 108, 108, 150.00),
  (3, 3, 3, 3, 3, 3, 172, 108, 108, 35.00),
  (7, 7, 7, 7, 7, 27, 173, 120, 120, 155.00),
  (4, 4, 4, 4, 4, 4, 173, 120, 120, 40.00),
  (8, 8, 8, 8, 8, 28, 174, 132, 132, 160.00),
  (5, 5, 5, 5, 5, 5, 174, 132, 132, 45.00),
  (9, 9, 9, 9, 9, 29, 175, 144, 120, 165.00),
  (6, 6, 6, 6, 6, 6, 175, 144, 144, 50.00),
  (10, 10, 10, 10, 10, 30, 176, 60, 60, 170.00),
  (7, 7, 7, 7, 7, 7, 176, 60, 60, 55.00),
  (1, 1, 1, 1, 1, 1, 177, 72, 72, 25.00),
  (8, 8, 8, 8, 8, 8, 177, 72, 72, 60.00),
  (2, 2, 2, 2, 2, 2, 178, 84, 84, 30.00),
  (9, 9, 9, 9, 9, 9, 178, 84, 84, 65.00),
  (3, 3, 3, 3, 3, 3, 179, 96, 96, 35.00),
  (10, 10, 10, 10, 10, 10, 179, 96, 96, 70.00),
  (4, 4, 4, 4, 4, 4, 180, 108, 84, 40.00),
  (1, 1, 1, 1, 1, 11, 180, 108, 108, 75.00),
  (5, 5, 5, 5, 5, 5, 181, 120, 120, 45.00),
  (2, 2, 2, 2, 2, 12, 181, 120, 120, 80.00),
  (6, 6, 6, 6, 6, 6, 182, 132, 132, 50.00),
  (3, 3, 3, 3, 3, 13, 182, 132, 132, 85.00),
  (7, 7, 7, 7, 7, 7, 183, 144, 144, 55.00),
  (4, 4, 4, 4, 4, 14, 183, 144, 144, 90.00),
  (8, 8, 8, 8, 8, 8, 184, 60, 60, 60.00),
  (5, 5, 5, 5, 5, 15, 184, 60, 60, 95.00),
  (9, 9, 9, 9, 9, 9, 185, 72, 48, 65.00),
  (6, 6, 6, 6, 6, 16, 185, 72, 72, 100.00),
  (10, 10, 10, 10, 10, 10, 186, 84, 84, 70.00),
  (7, 7, 7, 7, 7, 17, 186, 84, 84, 105.00),
  (1, 1, 1, 1, 1, 11, 187, 96, 96, 75.00),
  (8, 8, 8, 8, 8, 18, 187, 96, 96, 110.00),
  (2, 2, 2, 2, 2, 12, 188, 108, 108, 80.00),
  (9, 9, 9, 9, 9, 19, 188, 108, 108, 115.00),
  (3, 3, 3, 3, 3, 13, 189, 120, 120, 85.00),
  (10, 10, 10, 10, 10, 20, 189, 120, 120, 120.00),
  (4, 4, 4, 4, 4, 14, 190, 132, 108, 90.00),
  (1, 1, 1, 1, 1, 21, 190, 132, 132, 125.00),
  (5, 5, 5, 5, 5, 15, 191, 144, 144, 95.00),
  (2, 2, 2, 2, 2, 22, 191, 144, 144, 130.00),
  (6, 6, 6, 6, 6, 16, 192, 60, 60, 100.00),
  (3, 3, 3, 3, 3, 23, 192, 60, 60, 135.00),
  (7, 7, 7, 7, 7, 17, 193, 72, 72, 105.00),
  (4, 4, 4, 4, 4, 24, 193, 72, 72, 140.00),
  (8, 8, 8, 8, 8, 18, 194, 84, 84, 110.00),
  (5, 5, 5, 5, 5, 25, 194, 84, 84, 145.00),
  (9, 9, 9, 9, 9, 19, 195, 96, 72, 115.00),
  (6, 6, 6, 6, 6, 26, 195, 96, 96, 150.00),
  (10, 10, 10, 10, 10, 20, 196, 108, 108, 120.00),
  (7, 7, 7, 7, 7, 27, 196, 108, 108, 155.00),
  (1, 1, 1, 1, 1, 21, 197, 120, 120, 125.00),
  (8, 8, 8, 8, 8, 28, 197, 120, 120, 160.00),
  (2, 2, 2, 2, 2, 22, 198, 132, 132, 130.00),
  (9, 9, 9, 9, 9, 29, 198, 132, 132, 165.00),
  (3, 3, 3, 3, 3, 23, 199, 144, 144, 135.00),
  (10, 10, 10, 10, 10, 30, 199, 144, 144, 170.00),
  (4, 4, 4, 4, 4, 24, 200, 60, 36, 140.00),
  (1, 1, 1, 1, 1, 1, 200, 60, 60, 25.00),
  (5, 5, 5, 5, 5, 25, 201, 72, 72, 145.00),
  (2, 2, 2, 2, 2, 2, 201, 72, 72, 30.00),
  (6, 6, 6, 6, 6, 26, 202, 84, 84, 150.00),
  (3, 3, 3, 3, 3, 3, 202, 84, 84, 35.00),
  (7, 7, 7, 7, 7, 27, 203, 96, 96, 155.00),
  (4, 4, 4, 4, 4, 4, 203, 96, 96, 40.00),
  (8, 8, 8, 8, 8, 28, 204, 108, 108, 160.00),
  (5, 5, 5, 5, 5, 5, 204, 108, 108, 45.00),
  (9, 9, 9, 9, 9, 29, 205, 120, 96, 165.00),
  (6, 6, 6, 6, 6, 6, 205, 120, 120, 50.00),
  (10, 10, 10, 10, 10, 30, 206, 132, 132, 170.00),
  (7, 7, 7, 7, 7, 7, 206, 132, 132, 55.00),
  (1, 1, 1, 1, 1, 1, 207, 144, 144, 25.00),
  (8, 8, 8, 8, 8, 8, 207, 144, 144, 60.00),
  (2, 2, 2, 2, 2, 2, 208, 60, 60, 30.00),
  (9, 9, 9, 9, 9, 9, 208, 60, 60, 65.00),
  (3, 3, 3, 3, 3, 3, 209, 72, 72, 35.00),
  (10, 10, 10, 10, 10, 10, 209, 72, 72, 70.00),
  (4, 4, 4, 4, 4, 4, 210, 84, 60, 40.00),
  (1, 1, 1, 1, 1, 11, 210, 84, 84, 75.00),
  (5, 5, 5, 5, 5, 5, 211, 96, 96, 45.00),
  (2, 2, 2, 2, 2, 12, 211, 96, 96, 80.00),
  (6, 6, 6, 6, 6, 6, 212, 108, 108, 50.00),
  (3, 3, 3, 3, 3, 13, 212, 108, 108, 85.00),
  (7, 7, 7, 7, 7, 7, 213, 120, 120, 55.00),
  (4, 4, 4, 4, 4, 14, 213, 120, 120, 90.00),
  (8, 8, 8, 8, 8, 8, 214, 132, 132, 60.00),
  (5, 5, 5, 5, 5, 15, 214, 132, 132, 95.00),
  (9, 9, 9, 9, 9, 9, 215, 144, 120, 65.00),
  (6, 6, 6, 6, 6, 16, 215, 144, 144, 100.00),
  (10, 10, 10, 10, 10, 10, 216, 60, 60, 70.00),
  (7, 7, 7, 7, 7, 17, 216, 60, 60, 105.00),
  (1, 1, 1, 1, 1, 11, 217, 72, 72, 75.00),
  (8, 8, 8, 8, 8, 18, 217, 72, 72, 110.00),
  (2, 2, 2, 2, 2, 12, 218, 84, 84, 80.00),
  (9, 9, 9, 9, 9, 19, 218, 84, 84, 115.00),
  (3, 3, 3, 3, 3, 13, 219, 96, 96, 85.00),
  (10, 10, 10, 10, 10, 20, 219, 96, 96, 120.00),
  (4, 4, 4, 4, 4, 14, 220, 108, 84, 90.00),
  (1, 1, 1, 1, 1, 21, 220, 108, 108, 125.00),
  (5, 5, 5, 5, 5, 15, 221, 120, 120, 95.00),
  (2, 2, 2, 2, 2, 22, 221, 120, 120, 130.00),
  (6, 6, 6, 6, 6, 16, 222, 132, 132, 100.00),
  (3, 3, 3, 3, 3, 23, 222, 132, 132, 135.00),
  (7, 7, 7, 7, 7, 17, 223, 144, 144, 105.00),
  (4, 4, 4, 4, 4, 24, 223, 144, 144, 140.00),
  (8, 8, 8, 8, 8, 18, 224, 60, 60, 110.00),
  (5, 5, 5, 5, 5, 25, 224, 60, 60, 145.00),
  (9, 9, 9, 9, 9, 19, 225, 72, 48, 115.00),
  (6, 6, 6, 6, 6, 26, 225, 72, 72, 150.00),
  (10, 10, 10, 10, 10, 20, 226, 84, 84, 120.00),
  (7, 7, 7, 7, 7, 27, 226, 84, 84, 155.00),
  (1, 1, 1, 1, 1, 21, 227, 96, 96, 125.00),
  (8, 8, 8, 8, 8, 28, 227, 96, 96, 160.00),
  (2, 2, 2, 2, 2, 22, 228, 108, 108, 130.00),
  (9, 9, 9, 9, 9, 29, 228, 108, 108, 165.00),
  (3, 3, 3, 3, 3, 23, 229, 120, 120, 135.00),
  (10, 10, 10, 10, 10, 30, 229, 120, 120, 170.00),
  (4, 4, 4, 4, 4, 24, 230, 132, 108, 140.00),
  (1, 1, 1, 1, 1, 1, 230, 132, 132, 25.00),
  (5, 5, 5, 5, 5, 25, 231, 144, 144, 145.00),
  (2, 2, 2, 2, 2, 2, 231, 144, 144, 30.00),
  (6, 6, 6, 6, 6, 26, 232, 60, 60, 150.00),
  (3, 3, 3, 3, 3, 3, 232, 60, 60, 35.00),
  (7, 7, 7, 7, 7, 27, 233, 72, 72, 155.00),
  (4, 4, 4, 4, 4, 4, 233, 72, 72, 40.00),
  (8, 8, 8, 8, 8, 28, 234, 84, 84, 160.00),
  (5, 5, 5, 5, 5, 5, 234, 84, 84, 45.00),
  (9, 9, 9, 9, 9, 29, 235, 96, 72, 165.00),
  (6, 6, 6, 6, 6, 6, 235, 96, 96, 50.00),
  (10, 10, 10, 10, 10, 30, 236, 108, 108, 170.00),
  (7, 7, 7, 7, 7, 7, 236, 108, 108, 55.00),
  (1, 1, 1, 1, 1, 1, 237, 120, 120, 25.00),
  (8, 8, 8, 8, 8, 8, 237, 120, 120, 60.00),
  (2, 2, 2, 2, 2, 2, 238, 132, 132, 30.00),
  (9, 9, 9, 9, 9, 9, 238, 132, 132, 65.00),
  (3, 3, 3, 3, 3, 3, 239, 144, 144, 35.00),
  (10, 10, 10, 10, 10, 10, 239, 144, 144, 70.00),
  (4, 4, 4, 4, 4, 4, 240, 60, 36, 40.00),
  (1, 1, 1, 1, 1, 11, 240, 60, 60, 75.00),
  (5, 5, 5, 5, 5, 5, 241, 72, 72, 45.00),
  (2, 2, 2, 2, 2, 12, 241, 72, 72, 80.00),
  (6, 6, 6, 6, 6, 6, 242, 84, 84, 50.00),
  (3, 3, 3, 3, 3, 13, 242, 84, 84, 85.00),
  (7, 7, 7, 7, 7, 7, 243, 96, 96, 55.00),
  (4, 4, 4, 4, 4, 14, 243, 96, 96, 90.00),
  (8, 8, 8, 8, 8, 8, 244, 108, 108, 60.00),
  (5, 5, 5, 5, 5, 15, 244, 108, 108, 95.00),
  (9, 9, 9, 9, 9, 9, 245, 120, 96, 65.00),
  (6, 6, 6, 6, 6, 16, 245, 120, 120, 100.00),
  (10, 10, 10, 10, 10, 10, 246, 132, 132, 70.00),
  (7, 7, 7, 7, 7, 17, 246, 132, 132, 105.00),
  (1, 1, 1, 1, 1, 11, 247, 144, 144, 75.00),
  (8, 8, 8, 8, 8, 18, 247, 144, 144, 110.00),
  (2, 2, 2, 2, 2, 12, 248, 60, 60, 80.00),
  (9, 9, 9, 9, 9, 19, 248, 60, 60, 115.00),
  (3, 3, 3, 3, 3, 13, 249, 72, 72, 85.00),
  (10, 10, 10, 10, 10, 20, 249, 72, 72, 120.00),
  (4, 4, 4, 4, 4, 14, 250, 84, 60, 90.00),
  (1, 1, 1, 1, 1, 21, 250, 84, 84, 125.00),
  (5, 5, 5, 5, 5, 15, 251, 96, 96, 95.00),
  (2, 2, 2, 2, 2, 22, 251, 96, 96, 130.00),
  (6, 6, 6, 6, 6, 16, 252, 108, 108, 100.00),
  (3, 3, 3, 3, 3, 23, 252, 108, 108, 135.00),
  (7, 7, 7, 7, 7, 17, 253, 120, 120, 105.00),
  (4, 4, 4, 4, 4, 24, 253, 120, 120, 140.00),
  (8, 8, 8, 8, 8, 18, 254, 132, 132, 110.00),
  (5, 5, 5, 5, 5, 25, 254, 132, 132, 145.00),
  (9, 9, 9, 9, 9, 19, 255, 144, 120, 115.00),
  (6, 6, 6, 6, 6, 26, 255, 144, 144, 150.00),
  (10, 10, 10, 10, 10, 20, 256, 60, 60, 120.00),
  (7, 7, 7, 7, 7, 27, 256, 60, 60, 155.00),
  (1, 1, 1, 1, 1, 21, 257, 72, 72, 125.00),
  (8, 8, 8, 8, 8, 28, 257, 72, 72, 160.00),
  (2, 2, 2, 2, 2, 22, 258, 84, 84, 130.00),
  (9, 9, 9, 9, 9, 29, 258, 84, 84, 165.00),
  (3, 3, 3, 3, 3, 23, 259, 96, 96, 135.00),
  (10, 10, 10, 10, 10, 30, 259, 96, 96, 170.00),
  (4, 4, 4, 4, 4, 24, 260, 108, 84, 140.00),
  (1, 1, 1, 1, 1, 1, 260, 108, 108, 25.00),
  (5, 5, 5, 5, 5, 25, 261, 120, 120, 145.00),
  (2, 2, 2, 2, 2, 2, 261, 120, 120, 30.00),
  (6, 6, 6, 6, 6, 26, 262, 132, 132, 150.00),
  (3, 3, 3, 3, 3, 3, 262, 132, 132, 35.00),
  (7, 7, 7, 7, 7, 27, 263, 144, 144, 155.00),
  (4, 4, 4, 4, 4, 4, 263, 144, 144, 40.00),
  (8, 8, 8, 8, 8, 28, 264, 60, 60, 160.00),
  (5, 5, 5, 5, 5, 5, 264, 60, 60, 45.00),
  (9, 9, 9, 9, 9, 29, 265, 72, 48, 165.00),
  (6, 6, 6, 6, 6, 6, 265, 72, 72, 50.00),
  (10, 10, 10, 10, 10, 30, 266, 84, 84, 170.00),
  (7, 7, 7, 7, 7, 7, 266, 84, 84, 55.00),
  (1, 1, 1, 1, 1, 1, 267, 96, 96, 25.00),
  (8, 8, 8, 8, 8, 8, 267, 96, 96, 60.00),
  (2, 2, 2, 2, 2, 2, 268, 108, 108, 30.00),
  (9, 9, 9, 9, 9, 9, 268, 108, 108, 65.00),
  (3, 3, 3, 3, 3, 3, 269, 120, 120, 35.00),
  (10, 10, 10, 10, 10, 10, 269, 120, 120, 70.00),
  (4, 4, 4, 4, 4, 4, 270, 132, 108, 40.00),
  (1, 1, 1, 1, 1, 11, 270, 132, 132, 75.00),
  (5, 5, 5, 5, 5, 5, 271, 144, 144, 45.00),
  (2, 2, 2, 2, 2, 12, 271, 144, 144, 80.00),
  (6, 6, 6, 6, 6, 6, 272, 60, 60, 50.00),
  (3, 3, 3, 3, 3, 13, 272, 60, 60, 85.00),
  (7, 7, 7, 7, 7, 7, 273, 72, 72, 55.00),
  (4, 4, 4, 4, 4, 14, 273, 72, 72, 90.00),
  (8, 8, 8, 8, 8, 8, 274, 84, 84, 60.00),
  (5, 5, 5, 5, 5, 15, 274, 84, 84, 95.00),
  (9, 9, 9, 9, 9, 9, 275, 96, 72, 65.00),
  (6, 6, 6, 6, 6, 16, 275, 96, 96, 100.00),
  (10, 10, 10, 10, 10, 10, 276, 108, 108, 70.00),
  (7, 7, 7, 7, 7, 17, 276, 108, 108, 105.00),
  (1, 1, 1, 1, 1, 11, 277, 120, 120, 75.00),
  (8, 8, 8, 8, 8, 18, 277, 120, 120, 110.00),
  (2, 2, 2, 2, 2, 12, 278, 132, 132, 80.00),
  (9, 9, 9, 9, 9, 19, 278, 132, 132, 115.00),
  (3, 3, 3, 3, 3, 13, 279, 144, 144, 85.00),
  (10, 10, 10, 10, 10, 20, 279, 144, 144, 120.00),
  (4, 4, 4, 4, 4, 14, 280, 60, 36, 90.00),
  (1, 1, 1, 1, 1, 21, 280, 60, 60, 125.00),
  (5, 5, 5, 5, 5, 15, 281, 72, 72, 95.00),
  (2, 2, 2, 2, 2, 22, 281, 72, 72, 130.00),
  (6, 6, 6, 6, 6, 16, 282, 84, 84, 100.00),
  (3, 3, 3, 3, 3, 23, 282, 84, 84, 135.00),
  (7, 7, 7, 7, 7, 17, 283, 96, 96, 105.00),
  (4, 4, 4, 4, 4, 24, 283, 96, 96, 140.00),
  (8, 8, 8, 8, 8, 18, 284, 108, 108, 110.00),
  (5, 5, 5, 5, 5, 25, 284, 108, 108, 145.00),
  (9, 9, 9, 9, 9, 19, 285, 120, 96, 115.00),
  (6, 6, 6, 6, 6, 26, 285, 120, 120, 150.00),
  (10, 10, 10, 10, 10, 20, 286, 132, 132, 120.00),
  (7, 7, 7, 7, 7, 27, 286, 132, 132, 155.00),
  (1, 1, 1, 1, 1, 21, 287, 144, 144, 125.00),
  (8, 8, 8, 8, 8, 28, 287, 144, 144, 160.00),
  (2, 2, 2, 2, 2, 22, 288, 60, 60, 130.00),
  (9, 9, 9, 9, 9, 29, 288, 60, 60, 165.00),
  (3, 3, 3, 3, 3, 23, 289, 72, 72, 135.00),
  (10, 10, 10, 10, 10, 30, 289, 72, 72, 170.00),
  (4, 4, 4, 4, 4, 24, 290, 84, 60, 140.00),
  (1, 1, 1, 1, 1, 1, 290, 84, 84, 25.00),
  (5, 5, 5, 5, 5, 25, 291, 96, 96, 145.00),
  (2, 2, 2, 2, 2, 2, 291, 96, 96, 30.00),
  (6, 6, 6, 6, 6, 26, 292, 108, 108, 150.00),
  (3, 3, 3, 3, 3, 3, 292, 108, 108, 35.00),
  (7, 7, 7, 7, 7, 27, 293, 120, 120, 155.00),
  (4, 4, 4, 4, 4, 4, 293, 120, 120, 40.00),
  (8, 8, 8, 8, 8, 28, 294, 132, 132, 160.00),
  (5, 5, 5, 5, 5, 5, 294, 132, 132, 45.00),
  (9, 9, 9, 9, 9, 29, 295, 144, 120, 165.00),
  (6, 6, 6, 6, 6, 6, 295, 144, 144, 50.00),
  (10, 10, 10, 10, 10, 30, 296, 60, 60, 170.00),
  (7, 7, 7, 7, 7, 7, 296, 60, 60, 55.00),
  (1, 1, 1, 1, 1, 1, 297, 72, 72, 25.00),
  (8, 8, 8, 8, 8, 8, 297, 72, 72, 60.00),
  (2, 2, 2, 2, 2, 2, 298, 84, 84, 30.00),
  (9, 9, 9, 9, 9, 9, 298, 84, 84, 65.00),
  (3, 3, 3, 3, 3, 3, 299, 96, 96, 35.00),
  (10, 10, 10, 10, 10, 10, 299, 96, 96, 70.00),
  (4, 4, 4, 4, 4, 4, 300, 108, 84, 40.00),
  (1, 1, 1, 1, 1, 11, 300, 108, 108, 75.00),
  (5, 5, 5, 5, 5, 5, 301, 120, 120, 45.00),
  (2, 2, 2, 2, 2, 12, 301, 120, 120, 80.00),
  (6, 6, 6, 6, 6, 6, 302, 132, 132, 50.00),
  (3, 3, 3, 3, 3, 13, 302, 132, 132, 85.00),
  (7, 7, 7, 7, 7, 7, 303, 144, 144, 55.00),
  (4, 4, 4, 4, 4, 14, 303, 144, 144, 90.00),
  (8, 8, 8, 8, 8, 8, 304, 60, 60, 60.00),
  (5, 5, 5, 5, 5, 15, 304, 60, 60, 95.00),
  (9, 9, 9, 9, 9, 9, 305, 72, 48, 65.00),
  (6, 6, 6, 6, 6, 16, 305, 72, 72, 100.00),
  (10, 10, 10, 10, 10, 10, 306, 84, 84, 70.00),
  (7, 7, 7, 7, 7, 17, 306, 84, 84, 105.00),
  (1, 1, 1, 1, 1, 11, 307, 96, 96, 75.00),
  (8, 8, 8, 8, 8, 18, 307, 96, 96, 110.00),
  (2, 2, 2, 2, 2, 12, 308, 108, 108, 80.00),
  (9, 9, 9, 9, 9, 19, 308, 108, 108, 115.00),
  (3, 3, 3, 3, 3, 13, 309, 120, 120, 85.00),
  (10, 10, 10, 10, 10, 20, 309, 120, 120, 120.00),
  (4, 4, 4, 4, 4, 14, 310, 132, 108, 90.00),
  (1, 1, 1, 1, 1, 21, 310, 132, 132, 125.00),
  (5, 5, 5, 5, 5, 15, 311, 144, 144, 95.00),
  (2, 2, 2, 2, 2, 22, 311, 144, 144, 130.00),
  (6, 6, 6, 6, 6, 16, 312, 60, 60, 100.00),
  (3, 3, 3, 3, 3, 23, 312, 60, 60, 135.00),
  (7, 7, 7, 7, 7, 17, 313, 72, 72, 105.00),
  (4, 4, 4, 4, 4, 24, 313, 72, 72, 140.00),
  (8, 8, 8, 8, 8, 18, 314, 84, 84, 110.00),
  (5, 5, 5, 5, 5, 25, 314, 84, 84, 145.00),
  (9, 9, 9, 9, 9, 19, 315, 96, 72, 115.00),
  (6, 6, 6, 6, 6, 26, 315, 96, 96, 150.00),
  (10, 10, 10, 10, 10, 20, 316, 108, 108, 120.00),
  (7, 7, 7, 7, 7, 27, 316, 108, 108, 155.00),
  (1, 1, 1, 1, 1, 21, 317, 120, 120, 125.00),
  (8, 8, 8, 8, 8, 28, 317, 120, 120, 160.00),
  (2, 2, 2, 2, 2, 22, 318, 132, 132, 130.00),
  (9, 9, 9, 9, 9, 29, 318, 132, 132, 165.00),
  (3, 3, 3, 3, 3, 23, 319, 144, 144, 135.00),
  (10, 10, 10, 10, 10, 30, 319, 144, 144, 170.00),
  (4, 4, 4, 4, 4, 24, 320, 60, 36, 140.00),
  (1, 1, 1, 1, 1, 1, 320, 60, 60, 25.00),
  (5, 5, 5, 5, 5, 25, 321, 72, 72, 145.00),
  (2, 2, 2, 2, 2, 2, 321, 72, 72, 30.00),
  (6, 6, 6, 6, 6, 26, 322, 84, 84, 150.00),
  (3, 3, 3, 3, 3, 3, 322, 84, 84, 35.00),
  (7, 7, 7, 7, 7, 27, 323, 96, 96, 155.00),
  (4, 4, 4, 4, 4, 4, 323, 96, 96, 40.00),
  (8, 8, 8, 8, 8, 28, 324, 108, 108, 160.00),
  (5, 5, 5, 5, 5, 5, 324, 108, 108, 45.00),
  (9, 9, 9, 9, 9, 29, 325, 120, 96, 165.00),
  (6, 6, 6, 6, 6, 6, 325, 120, 120, 50.00),
  (10, 10, 10, 10, 10, 30, 326, 132, 132, 170.00),
  (7, 7, 7, 7, 7, 7, 326, 132, 132, 55.00),
  (1, 1, 1, 1, 1, 1, 327, 144, 144, 25.00),
  (8, 8, 8, 8, 8, 8, 327, 144, 144, 60.00),
  (2, 2, 2, 2, 2, 2, 328, 60, 60, 30.00),
  (9, 9, 9, 9, 9, 9, 328, 60, 60, 65.00),
  (3, 3, 3, 3, 3, 3, 329, 72, 72, 35.00),
  (10, 10, 10, 10, 10, 10, 329, 72, 72, 70.00),
  (4, 4, 4, 4, 4, 4, 330, 84, 60, 40.00),
  (1, 1, 1, 1, 1, 11, 330, 84, 84, 75.00),
  (5, 5, 5, 5, 5, 5, 331, 96, 96, 45.00),
  (2, 2, 2, 2, 2, 12, 331, 96, 96, 80.00),
  (6, 6, 6, 6, 6, 6, 332, 108, 108, 50.00),
  (3, 3, 3, 3, 3, 13, 332, 108, 108, 85.00),
  (7, 7, 7, 7, 7, 7, 333, 120, 120, 55.00),
  (4, 4, 4, 4, 4, 14, 333, 120, 120, 90.00),
  (8, 8, 8, 8, 8, 8, 334, 132, 132, 60.00),
  (5, 5, 5, 5, 5, 15, 334, 132, 132, 95.00),
  (9, 9, 9, 9, 9, 9, 335, 144, 120, 65.00),
  (6, 6, 6, 6, 6, 16, 335, 144, 144, 100.00),
  (10, 10, 10, 10, 10, 10, 336, 60, 60, 70.00),
  (7, 7, 7, 7, 7, 17, 336, 60, 60, 105.00),
  (1, 1, 1, 1, 1, 11, 337, 72, 72, 75.00),
  (8, 8, 8, 8, 8, 18, 337, 72, 72, 110.00),
  (2, 2, 2, 2, 2, 12, 338, 84, 84, 80.00),
  (9, 9, 9, 9, 9, 19, 338, 84, 84, 115.00),
  (3, 3, 3, 3, 3, 13, 339, 96, 96, 85.00),
  (10, 10, 10, 10, 10, 20, 339, 96, 96, 120.00),
  (4, 4, 4, 4, 4, 14, 340, 108, 84, 90.00),
  (1, 1, 1, 1, 1, 21, 340, 108, 108, 125.00),
  (5, 5, 5, 5, 5, 15, 341, 120, 120, 95.00),
  (2, 2, 2, 2, 2, 22, 341, 120, 120, 130.00),
  (6, 6, 6, 6, 6, 16, 342, 132, 132, 100.00),
  (3, 3, 3, 3, 3, 23, 342, 132, 132, 135.00),
  (7, 7, 7, 7, 7, 17, 343, 144, 144, 105.00),
  (4, 4, 4, 4, 4, 24, 343, 144, 144, 140.00),
  (8, 8, 8, 8, 8, 18, 344, 60, 60, 110.00),
  (5, 5, 5, 5, 5, 25, 344, 60, 60, 145.00),
  (9, 9, 9, 9, 9, 19, 345, 72, 48, 115.00),
  (6, 6, 6, 6, 6, 26, 345, 72, 72, 150.00),
  (10, 10, 10, 10, 10, 20, 346, 84, 84, 120.00),
  (7, 7, 7, 7, 7, 27, 346, 84, 84, 155.00),
  (1, 1, 1, 1, 1, 21, 347, 96, 96, 125.00),
  (8, 8, 8, 8, 8, 28, 347, 96, 96, 160.00),
  (2, 2, 2, 2, 2, 22, 348, 108, 108, 130.00),
  (9, 9, 9, 9, 9, 29, 348, 108, 108, 165.00),
  (3, 3, 3, 3, 3, 23, 349, 120, 120, 135.00),
  (10, 10, 10, 10, 10, 30, 349, 120, 120, 170.00),
  (4, 4, 4, 4, 4, 24, 350, 132, 108, 140.00),
  (1, 1, 1, 1, 1, 1, 350, 132, 132, 25.00),
  (5, 5, 5, 5, 5, 25, 351, 144, 144, 145.00),
  (2, 2, 2, 2, 2, 2, 351, 144, 144, 30.00),
  (6, 6, 6, 6, 6, 26, 352, 60, 60, 150.00),
  (3, 3, 3, 3, 3, 3, 352, 60, 60, 35.00),
  (7, 7, 7, 7, 7, 27, 353, 72, 72, 155.00),
  (4, 4, 4, 4, 4, 4, 353, 72, 72, 40.00),
  (8, 8, 8, 8, 8, 28, 354, 84, 84, 160.00),
  (5, 5, 5, 5, 5, 5, 354, 84, 84, 45.00),
  (9, 9, 9, 9, 9, 29, 355, 96, 72, 165.00),
  (6, 6, 6, 6, 6, 6, 355, 96, 96, 50.00),
  (10, 10, 10, 10, 10, 30, 356, 108, 108, 170.00),
  (7, 7, 7, 7, 7, 7, 356, 108, 108, 55.00),
  (1, 1, 1, 1, 1, 1, 357, 120, 120, 25.00),
  (8, 8, 8, 8, 8, 8, 357, 120, 120, 60.00),
  (2, 2, 2, 2, 2, 2, 358, 132, 132, 30.00),
  (9, 9, 9, 9, 9, 9, 358, 132, 132, 65.00),
  (3, 3, 3, 3, 3, 3, 359, 144, 144, 35.00),
  (10, 10, 10, 10, 10, 10, 359, 144, 144, 70.00),
  (4, 4, 4, 4, 4, 4, 360, 60, 36, 40.00),
  (1, 1, 1, 1, 1, 11, 360, 60, 60, 75.00),
  (5, 5, 5, 5, 5, 5, 361, 72, 72, 45.00),
  (2, 2, 2, 2, 2, 12, 361, 72, 72, 80.00),
  (6, 6, 6, 6, 6, 6, 362, 84, 84, 50.00),
  (3, 3, 3, 3, 3, 13, 362, 84, 84, 85.00),
  (7, 7, 7, 7, 7, 7, 363, 96, 96, 55.00),
  (4, 4, 4, 4, 4, 14, 363, 96, 96, 90.00),
  (8, 8, 8, 8, 8, 8, 364, 108, 108, 60.00),
  (5, 5, 5, 5, 5, 15, 364, 108, 108, 95.00),
  (9, 9, 9, 9, 9, 9, 365, 120, 96, 65.00),
  (6, 6, 6, 6, 6, 16, 365, 120, 120, 100.00),
  (10, 10, 10, 10, 10, 10, 366, 132, 132, 70.00),
  (7, 7, 7, 7, 7, 17, 366, 132, 132, 105.00),
  (1, 1, 1, 1, 1, 11, 367, 144, 144, 75.00),
  (8, 8, 8, 8, 8, 18, 367, 144, 144, 110.00),
  (2, 2, 2, 2, 2, 12, 368, 60, 60, 80.00),
  (9, 9, 9, 9, 9, 19, 368, 60, 60, 115.00),
  (3, 3, 3, 3, 3, 13, 369, 72, 72, 85.00),
  (10, 10, 10, 10, 10, 20, 369, 72, 72, 120.00),
  (4, 4, 4, 4, 4, 14, 370, 84, 60, 90.00),
  (1, 1, 1, 1, 1, 21, 370, 84, 84, 125.00),
  (5, 5, 5, 5, 5, 15, 371, 96, 96, 95.00),
  (2, 2, 2, 2, 2, 22, 371, 96, 96, 130.00),
  (6, 6, 6, 6, 6, 16, 372, 108, 108, 100.00),
  (3, 3, 3, 3, 3, 23, 372, 108, 108, 135.00),
  (7, 7, 7, 7, 7, 17, 373, 120, 120, 105.00),
  (4, 4, 4, 4, 4, 24, 373, 120, 120, 140.00),
  (8, 8, 8, 8, 8, 18, 374, 132, 132, 110.00),
  (5, 5, 5, 5, 5, 25, 374, 132, 132, 145.00),
  (9, 9, 9, 9, 9, 19, 375, 144, 120, 115.00),
  (6, 6, 6, 6, 6, 26, 375, 144, 144, 150.00),
  (10, 10, 10, 10, 10, 20, 376, 60, 60, 120.00),
  (7, 7, 7, 7, 7, 27, 376, 60, 60, 155.00),
  (1, 1, 1, 1, 1, 21, 377, 72, 72, 125.00),
  (8, 8, 8, 8, 8, 28, 377, 72, 72, 160.00),
  (2, 2, 2, 2, 2, 22, 378, 84, 84, 130.00),
  (9, 9, 9, 9, 9, 29, 378, 84, 84, 165.00),
  (3, 3, 3, 3, 3, 23, 379, 96, 96, 135.00),
  (10, 10, 10, 10, 10, 30, 379, 96, 96, 170.00),
  (4, 4, 4, 4, 4, 24, 380, 108, 84, 140.00),
  (1, 1, 1, 1, 1, 1, 380, 108, 108, 25.00),
  (5, 5, 5, 5, 5, 25, 381, 120, 120, 145.00),
  (2, 2, 2, 2, 2, 2, 381, 120, 120, 30.00),
  (6, 6, 6, 6, 6, 26, 382, 132, 132, 150.00),
  (3, 3, 3, 3, 3, 3, 382, 132, 132, 35.00),
  (7, 7, 7, 7, 7, 27, 383, 144, 144, 155.00),
  (4, 4, 4, 4, 4, 4, 383, 144, 144, 40.00),
  (8, 8, 8, 8, 8, 28, 384, 60, 60, 160.00),
  (5, 5, 5, 5, 5, 5, 384, 60, 60, 45.00),
  (9, 9, 9, 9, 9, 29, 385, 72, 48, 165.00),
  (6, 6, 6, 6, 6, 6, 385, 72, 72, 50.00),
  (10, 10, 10, 10, 10, 30, 386, 84, 84, 170.00),
  (7, 7, 7, 7, 7, 7, 386, 84, 84, 55.00),
  (1, 1, 1, 1, 1, 1, 387, 96, 96, 25.00),
  (8, 8, 8, 8, 8, 8, 387, 96, 96, 60.00),
  (2, 2, 2, 2, 2, 2, 388, 108, 108, 30.00),
  (9, 9, 9, 9, 9, 9, 388, 108, 108, 65.00),
  (3, 3, 3, 3, 3, 3, 389, 120, 120, 35.00),
  (10, 10, 10, 10, 10, 10, 389, 120, 120, 70.00),
  (4, 4, 4, 4, 4, 4, 390, 132, 108, 40.00),
  (1, 1, 1, 1, 1, 11, 390, 132, 132, 75.00),
  (5, 5, 5, 5, 5, 5, 391, 144, 144, 45.00),
  (2, 2, 2, 2, 2, 12, 391, 144, 144, 80.00),
  (6, 6, 6, 6, 6, 6, 392, 60, 60, 50.00),
  (3, 3, 3, 3, 3, 13, 392, 60, 60, 85.00),
  (7, 7, 7, 7, 7, 7, 393, 72, 72, 55.00),
  (4, 4, 4, 4, 4, 14, 393, 72, 72, 90.00),
  (8, 8, 8, 8, 8, 8, 394, 84, 84, 60.00),
  (5, 5, 5, 5, 5, 15, 394, 84, 84, 95.00),
  (9, 9, 9, 9, 9, 9, 395, 96, 72, 65.00),
  (6, 6, 6, 6, 6, 16, 395, 96, 96, 100.00),
  (10, 10, 10, 10, 10, 10, 396, 108, 108, 70.00),
  (7, 7, 7, 7, 7, 17, 396, 108, 108, 105.00),
  (1, 1, 1, 1, 1, 11, 397, 120, 120, 75.00),
  (8, 8, 8, 8, 8, 18, 397, 120, 120, 110.00),
  (2, 2, 2, 2, 2, 12, 398, 132, 132, 80.00),
  (9, 9, 9, 9, 9, 19, 398, 132, 132, 115.00),
  (3, 3, 3, 3, 3, 13, 399, 144, 144, 85.00),
  (10, 10, 10, 10, 10, 20, 399, 144, 144, 120.00),
  (4, 4, 4, 4, 4, 14, 400, 60, 36, 90.00),
  (1, 1, 1, 1, 1, 21, 400, 60, 60, 125.00);

-- ============================================================================
-- CAPA D.1 — BACKORDER (pedidos pendientes de las ordenes B2B parciales)
-- ============================================================================
INSERT INTO BACKORDER (ID_BACKORDER, ID_PIEZA, ID_MOLDE, ID_MATERIAPRIMA, BAS_ID_BASEDISENO, ID_BASEDISENO, ID_PRODUCTO, ID_ORDEN_COMPRA_B2B, CANTIDAD_PENDIENTE_BACK, FECHAINICIO_BACKORDER) VALUES
  (1, 9, 9, 9, 9, 9, 9, 5, 24, DATE '2025-06-15'),
  (2, 4, 4, 4, 4, 4, 14, 10, 24, DATE '2025-11-15'),
  (3, 9, 9, 9, 9, 9, 19, 15, 24, DATE '2025-04-15'),
  (4, 4, 4, 4, 4, 4, 24, 20, 24, DATE '2025-09-15'),
  (5, 9, 9, 9, 9, 9, 29, 25, 24, DATE '2025-02-15'),
  (6, 4, 4, 4, 4, 4, 4, 30, 24, DATE '2025-07-15'),
  (7, 9, 9, 9, 9, 9, 9, 35, 24, DATE '2025-12-15'),
  (8, 4, 4, 4, 4, 4, 14, 40, 24, DATE '2025-05-15'),
  (9, 9, 9, 9, 9, 9, 19, 45, 24, DATE '2025-10-15'),
  (10, 4, 4, 4, 4, 4, 24, 50, 24, DATE '2025-03-15'),
  (11, 9, 9, 9, 9, 9, 29, 55, 24, DATE '2025-08-15'),
  (12, 4, 4, 4, 4, 4, 4, 60, 24, DATE '2025-01-15'),
  (13, 9, 9, 9, 9, 9, 9, 65, 24, DATE '2025-06-15'),
  (14, 4, 4, 4, 4, 4, 14, 70, 24, DATE '2025-11-15'),
  (15, 9, 9, 9, 9, 9, 19, 75, 24, DATE '2025-04-15'),
  (16, 4, 4, 4, 4, 4, 24, 80, 24, DATE '2025-09-15'),
  (17, 9, 9, 9, 9, 9, 29, 85, 24, DATE '2025-02-15'),
  (18, 4, 4, 4, 4, 4, 4, 90, 24, DATE '2025-07-15'),
  (19, 9, 9, 9, 9, 9, 9, 95, 24, DATE '2025-12-15'),
  (20, 4, 4, 4, 4, 4, 14, 100, 24, DATE '2025-05-15'),
  (21, 9, 9, 9, 9, 9, 19, 105, 24, DATE '2025-10-15'),
  (22, 4, 4, 4, 4, 4, 24, 110, 24, DATE '2025-03-15'),
  (23, 9, 9, 9, 9, 9, 29, 115, 24, DATE '2025-08-15'),
  (24, 4, 4, 4, 4, 4, 4, 120, 24, DATE '2025-01-15'),
  (25, 9, 9, 9, 9, 9, 9, 125, 24, DATE '2025-06-15'),
  (26, 4, 4, 4, 4, 4, 14, 130, 24, DATE '2025-11-15'),
  (27, 9, 9, 9, 9, 9, 19, 135, 24, DATE '2025-04-15'),
  (28, 4, 4, 4, 4, 4, 24, 140, 24, DATE '2025-09-15'),
  (29, 9, 9, 9, 9, 9, 29, 145, 24, DATE '2025-02-15'),
  (30, 4, 4, 4, 4, 4, 4, 150, 24, DATE '2025-07-15'),
  (31, 9, 9, 9, 9, 9, 9, 155, 24, DATE '2025-12-15'),
  (32, 4, 4, 4, 4, 4, 14, 160, 24, DATE '2025-05-15'),
  (33, 9, 9, 9, 9, 9, 19, 165, 24, DATE '2025-10-15'),
  (34, 4, 4, 4, 4, 4, 24, 170, 24, DATE '2025-03-15'),
  (35, 9, 9, 9, 9, 9, 29, 175, 24, DATE '2025-08-15'),
  (36, 4, 4, 4, 4, 4, 4, 180, 24, DATE '2025-01-15'),
  (37, 9, 9, 9, 9, 9, 9, 185, 24, DATE '2025-06-15'),
  (38, 4, 4, 4, 4, 4, 14, 190, 24, DATE '2025-11-15'),
  (39, 9, 9, 9, 9, 9, 19, 195, 24, DATE '2025-04-15'),
  (40, 4, 4, 4, 4, 4, 24, 200, 24, DATE '2025-09-15'),
  (41, 9, 9, 9, 9, 9, 29, 205, 24, DATE '2025-02-15'),
  (42, 4, 4, 4, 4, 4, 4, 210, 24, DATE '2025-07-15'),
  (43, 9, 9, 9, 9, 9, 9, 215, 24, DATE '2025-12-15'),
  (44, 4, 4, 4, 4, 4, 14, 220, 24, DATE '2025-05-15'),
  (45, 9, 9, 9, 9, 9, 19, 225, 24, DATE '2025-10-15'),
  (46, 4, 4, 4, 4, 4, 24, 230, 24, DATE '2025-03-15'),
  (47, 9, 9, 9, 9, 9, 29, 235, 24, DATE '2025-08-15'),
  (48, 4, 4, 4, 4, 4, 4, 240, 24, DATE '2025-01-15'),
  (49, 9, 9, 9, 9, 9, 9, 245, 24, DATE '2025-06-15'),
  (50, 4, 4, 4, 4, 4, 14, 250, 24, DATE '2025-11-15'),
  (51, 9, 9, 9, 9, 9, 19, 255, 24, DATE '2025-04-15'),
  (52, 4, 4, 4, 4, 4, 24, 260, 24, DATE '2025-09-15'),
  (53, 9, 9, 9, 9, 9, 29, 265, 24, DATE '2025-02-15'),
  (54, 4, 4, 4, 4, 4, 4, 270, 24, DATE '2025-07-15'),
  (55, 9, 9, 9, 9, 9, 9, 275, 24, DATE '2025-12-15'),
  (56, 4, 4, 4, 4, 4, 14, 280, 24, DATE '2025-05-15'),
  (57, 9, 9, 9, 9, 9, 19, 285, 24, DATE '2025-10-15'),
  (58, 4, 4, 4, 4, 4, 24, 290, 24, DATE '2025-03-15'),
  (59, 9, 9, 9, 9, 9, 29, 295, 24, DATE '2025-08-15'),
  (60, 4, 4, 4, 4, 4, 4, 300, 24, DATE '2025-01-15'),
  (61, 9, 9, 9, 9, 9, 9, 305, 24, DATE '2025-06-15'),
  (62, 4, 4, 4, 4, 4, 14, 310, 24, DATE '2025-11-15'),
  (63, 9, 9, 9, 9, 9, 19, 315, 24, DATE '2025-04-15'),
  (64, 4, 4, 4, 4, 4, 24, 320, 24, DATE '2025-09-15'),
  (65, 9, 9, 9, 9, 9, 29, 325, 24, DATE '2025-02-15'),
  (66, 4, 4, 4, 4, 4, 4, 330, 24, DATE '2025-07-15'),
  (67, 9, 9, 9, 9, 9, 9, 335, 24, DATE '2025-12-15'),
  (68, 4, 4, 4, 4, 4, 14, 340, 24, DATE '2025-05-15'),
  (69, 9, 9, 9, 9, 9, 19, 345, 24, DATE '2025-10-15'),
  (70, 4, 4, 4, 4, 4, 24, 350, 24, DATE '2025-03-15'),
  (71, 9, 9, 9, 9, 9, 29, 355, 24, DATE '2025-08-15'),
  (72, 4, 4, 4, 4, 4, 4, 360, 24, DATE '2025-01-15'),
  (73, 9, 9, 9, 9, 9, 9, 365, 24, DATE '2025-06-15'),
  (74, 4, 4, 4, 4, 4, 14, 370, 24, DATE '2025-11-15'),
  (75, 9, 9, 9, 9, 9, 19, 375, 24, DATE '2025-04-15'),
  (76, 4, 4, 4, 4, 4, 24, 380, 24, DATE '2025-09-15'),
  (77, 9, 9, 9, 9, 9, 29, 385, 24, DATE '2025-02-15'),
  (78, 4, 4, 4, 4, 4, 4, 390, 24, DATE '2025-07-15'),
  (79, 9, 9, 9, 9, 9, 9, 395, 24, DATE '2025-12-15'),
  (80, 4, 4, 4, 4, 4, 14, 400, 24, DATE '2025-05-15');

-- ============================================================================
-- CAPA D.2 — Catalogos COURIER (10) y MONEDA (10)
-- ============================================================================
INSERT INTO COURIER (ID_COURIER, NOMBRE_COURIER) VALUES
  (1, 'DHL'),
  (2, 'FedEx'),
  (3, 'Zoom'),
  (4, 'MRW'),
  (5, 'UPS'),
  (6, 'TealcaExpress'),
  (7, 'Domesa'),
  (8, 'Libertador'),
  (9, 'Aeropost'),
  (10, 'Menfis');

INSERT INTO MONEDA (ID_MONEDA, NOMBRE_MONEDA, SIMBOLO_MONEDA, TIPO_MONEDA) VALUES
  (1, 'Dolar', '$', 'Fiat'),
  (2, 'Bolivar', 'Bs', 'Fiat'),
  (3, 'Euro', 'EUR', 'Fiat'),
  (4, 'Bitcoin', 'BTC', 'Cripto'),
  (5, 'Tether', 'USDT', 'Cripto'),
  (6, 'Ethereum', 'ETH', 'Cripto'),
  (7, 'BarbieCoin', 'BBC', 'Token'),
  (8, 'Dogecoin', 'DOGE', 'Cripto'),
  (9, 'Peso COL', 'COP', 'Fiat'),
  (10, 'Real', 'BRL', 'Fiat');

-- ============================================================================
-- CAPA D.3 — ENVIO_B2C (1 por orden B2C, con tracking) — despacho por courier
-- ============================================================================
INSERT INTO ENVIO_B2C (ID_ENVIO_B2C, ID_COURIER, ID_ORDEN_COMPRA_B2C, ID_LUGAR, LUG_ID_LUGAR, NUMERO_TRACKING, FECHA_ENVIO_B2C, COSTO_ENVIO_B2C, DIRECCION_ENVIO_B2C, DIRECCION_ORIGEN_B2C) VALUES
  (1, 1, 1, 360, 360, 7000001, DATE '2025-02-02', 16.00, 'Direccion destino orden 1', 'Almacen Valencia, Carabobo'),
  (2, 2, 2, 360, 361, 7000002, DATE '2025-03-03', 17.00, 'Direccion destino orden 2', 'Almacen Valencia, Carabobo'),
  (3, 3, 3, 360, 362, 7000003, DATE '2025-04-04', 18.00, 'Direccion destino orden 3', 'Almacen Valencia, Carabobo'),
  (4, 4, 4, 360, 363, 7000004, DATE '2025-05-05', 19.00, 'Direccion destino orden 4', 'Almacen Valencia, Carabobo'),
  (5, 5, 5, 360, 364, 7000005, DATE '2025-06-06', 20.00, 'Direccion destino orden 5', 'Almacen Valencia, Carabobo'),
  (6, 6, 6, 360, 365, 7000006, DATE '2025-07-07', 21.00, 'Direccion destino orden 6', 'Almacen Valencia, Carabobo'),
  (7, 7, 7, 360, 366, 7000007, DATE '2025-08-08', 22.00, 'Direccion destino orden 7', 'Almacen Valencia, Carabobo'),
  (8, 8, 8, 360, 367, 7000008, DATE '2025-09-09', 23.00, 'Direccion destino orden 8', 'Almacen Valencia, Carabobo'),
  (9, 9, 9, 360, 368, 7000009, DATE '2025-10-10', 24.00, 'Direccion destino orden 9', 'Almacen Valencia, Carabobo'),
  (10, 10, 10, 360, 369, 7000010, DATE '2025-11-11', 25.00, 'Direccion destino orden 10', 'Almacen Valencia, Carabobo'),
  (11, 1, 11, 360, 370, 7000011, DATE '2025-12-12', 26.00, 'Direccion destino orden 11', 'Almacen Valencia, Carabobo'),
  (12, 2, 12, 360, 371, 7000012, DATE '2025-01-13', 27.00, 'Direccion destino orden 12', 'Almacen Valencia, Carabobo'),
  (13, 3, 13, 360, 372, 7000013, DATE '2025-02-14', 28.00, 'Direccion destino orden 13', 'Almacen Valencia, Carabobo'),
  (14, 4, 14, 360, 373, 7000014, DATE '2025-03-15', 29.00, 'Direccion destino orden 14', 'Almacen Valencia, Carabobo'),
  (15, 5, 15, 360, 374, 7000015, DATE '2025-04-16', 30.00, 'Direccion destino orden 15', 'Almacen Valencia, Carabobo'),
  (16, 6, 16, 360, 375, 7000016, DATE '2025-05-17', 31.00, 'Direccion destino orden 16', 'Almacen Valencia, Carabobo'),
  (17, 7, 17, 360, 376, 7000017, DATE '2025-06-18', 32.00, 'Direccion destino orden 17', 'Almacen Valencia, Carabobo'),
  (18, 8, 18, 360, 377, 7000018, DATE '2025-07-19', 33.00, 'Direccion destino orden 18', 'Almacen Valencia, Carabobo'),
  (19, 9, 19, 360, 378, 7000019, DATE '2025-08-20', 34.00, 'Direccion destino orden 19', 'Almacen Valencia, Carabobo'),
  (20, 10, 20, 360, 379, 7000020, DATE '2025-09-21', 15.00, 'Direccion destino orden 20', 'Almacen Valencia, Carabobo'),
  (21, 1, 21, 360, 380, 7000021, DATE '2025-10-22', 16.00, 'Direccion destino orden 21', 'Almacen Valencia, Carabobo'),
  (22, 2, 22, 360, 381, 7000022, DATE '2025-11-23', 17.00, 'Direccion destino orden 22', 'Almacen Valencia, Carabobo'),
  (23, 3, 23, 360, 382, 7000023, DATE '2025-12-24', 18.00, 'Direccion destino orden 23', 'Almacen Valencia, Carabobo'),
  (24, 4, 24, 360, 383, 7000024, DATE '2025-01-25', 19.00, 'Direccion destino orden 24', 'Almacen Valencia, Carabobo'),
  (25, 5, 25, 360, 384, 7000025, DATE '2025-02-26', 20.00, 'Direccion destino orden 25', 'Almacen Valencia, Carabobo'),
  (26, 6, 26, 360, 385, 7000026, DATE '2025-03-27', 21.00, 'Direccion destino orden 26', 'Almacen Valencia, Carabobo'),
  (27, 7, 27, 360, 386, 7000027, DATE '2025-04-01', 22.00, 'Direccion destino orden 27', 'Almacen Valencia, Carabobo'),
  (28, 8, 28, 360, 387, 7000028, DATE '2025-05-02', 23.00, 'Direccion destino orden 28', 'Almacen Valencia, Carabobo'),
  (29, 9, 29, 360, 388, 7000029, DATE '2025-06-03', 24.00, 'Direccion destino orden 29', 'Almacen Valencia, Carabobo'),
  (30, 10, 30, 360, 389, 7000030, DATE '2025-07-04', 25.00, 'Direccion destino orden 30', 'Almacen Valencia, Carabobo'),
  (31, 1, 31, 360, 390, 7000031, DATE '2025-08-05', 26.00, 'Direccion destino orden 31', 'Almacen Valencia, Carabobo'),
  (32, 2, 32, 360, 391, 7000032, DATE '2025-09-06', 27.00, 'Direccion destino orden 32', 'Almacen Valencia, Carabobo'),
  (33, 3, 33, 360, 392, 7000033, DATE '2025-10-07', 28.00, 'Direccion destino orden 33', 'Almacen Valencia, Carabobo'),
  (34, 4, 34, 360, 393, 7000034, DATE '2025-11-08', 29.00, 'Direccion destino orden 34', 'Almacen Valencia, Carabobo'),
  (35, 5, 35, 360, 394, 7000035, DATE '2025-12-09', 30.00, 'Direccion destino orden 35', 'Almacen Valencia, Carabobo'),
  (36, 6, 36, 360, 395, 7000036, DATE '2025-01-10', 31.00, 'Direccion destino orden 36', 'Almacen Valencia, Carabobo'),
  (37, 7, 37, 360, 396, 7000037, DATE '2025-02-11', 32.00, 'Direccion destino orden 37', 'Almacen Valencia, Carabobo'),
  (38, 8, 38, 360, 397, 7000038, DATE '2025-03-12', 33.00, 'Direccion destino orden 38', 'Almacen Valencia, Carabobo'),
  (39, 9, 39, 360, 398, 7000039, DATE '2025-04-13', 34.00, 'Direccion destino orden 39', 'Almacen Valencia, Carabobo'),
  (40, 10, 40, 360, 399, 7000040, DATE '2025-05-14', 15.00, 'Direccion destino orden 40', 'Almacen Valencia, Carabobo'),
  (41, 1, 41, 360, 400, 7000041, DATE '2025-06-15', 16.00, 'Direccion destino orden 41', 'Almacen Valencia, Carabobo'),
  (42, 2, 42, 360, 401, 7000042, DATE '2025-07-16', 17.00, 'Direccion destino orden 42', 'Almacen Valencia, Carabobo'),
  (43, 3, 43, 360, 402, 7000043, DATE '2025-08-17', 18.00, 'Direccion destino orden 43', 'Almacen Valencia, Carabobo'),
  (44, 4, 44, 360, 403, 7000044, DATE '2025-09-18', 19.00, 'Direccion destino orden 44', 'Almacen Valencia, Carabobo'),
  (45, 5, 45, 360, 404, 7000045, DATE '2025-10-19', 20.00, 'Direccion destino orden 45', 'Almacen Valencia, Carabobo'),
  (46, 6, 46, 360, 405, 7000046, DATE '2025-11-20', 21.00, 'Direccion destino orden 46', 'Almacen Valencia, Carabobo'),
  (47, 7, 47, 360, 406, 7000047, DATE '2025-12-21', 22.00, 'Direccion destino orden 47', 'Almacen Valencia, Carabobo'),
  (48, 8, 48, 360, 407, 7000048, DATE '2025-01-22', 23.00, 'Direccion destino orden 48', 'Almacen Valencia, Carabobo'),
  (49, 9, 49, 360, 408, 7000049, DATE '2025-02-23', 24.00, 'Direccion destino orden 49', 'Almacen Valencia, Carabobo'),
  (50, 10, 50, 360, 409, 7000050, DATE '2025-03-24', 25.00, 'Direccion destino orden 50', 'Almacen Valencia, Carabobo'),
  (51, 1, 51, 360, 410, 7000051, DATE '2025-04-25', 26.00, 'Direccion destino orden 51', 'Almacen Valencia, Carabobo'),
  (52, 2, 52, 360, 411, 7000052, DATE '2025-05-26', 27.00, 'Direccion destino orden 52', 'Almacen Valencia, Carabobo'),
  (53, 3, 53, 360, 412, 7000053, DATE '2025-06-27', 28.00, 'Direccion destino orden 53', 'Almacen Valencia, Carabobo'),
  (54, 4, 54, 360, 413, 7000054, DATE '2025-07-01', 29.00, 'Direccion destino orden 54', 'Almacen Valencia, Carabobo'),
  (55, 5, 55, 360, 414, 7000055, DATE '2025-08-02', 30.00, 'Direccion destino orden 55', 'Almacen Valencia, Carabobo'),
  (56, 6, 56, 360, 415, 7000056, DATE '2025-09-03', 31.00, 'Direccion destino orden 56', 'Almacen Valencia, Carabobo'),
  (57, 7, 57, 360, 416, 7000057, DATE '2025-10-04', 32.00, 'Direccion destino orden 57', 'Almacen Valencia, Carabobo'),
  (58, 8, 58, 360, 417, 7000058, DATE '2025-11-05', 33.00, 'Direccion destino orden 58', 'Almacen Valencia, Carabobo'),
  (59, 9, 59, 360, 418, 7000059, DATE '2025-12-06', 34.00, 'Direccion destino orden 59', 'Almacen Valencia, Carabobo'),
  (60, 10, 60, 360, 419, 7000060, DATE '2025-01-07', 15.00, 'Direccion destino orden 60', 'Almacen Valencia, Carabobo'),
  (61, 1, 61, 360, 420, 7000061, DATE '2025-02-08', 16.00, 'Direccion destino orden 61', 'Almacen Valencia, Carabobo'),
  (62, 2, 62, 360, 421, 7000062, DATE '2025-03-09', 17.00, 'Direccion destino orden 62', 'Almacen Valencia, Carabobo'),
  (63, 3, 63, 360, 422, 7000063, DATE '2025-04-10', 18.00, 'Direccion destino orden 63', 'Almacen Valencia, Carabobo'),
  (64, 4, 64, 360, 423, 7000064, DATE '2025-05-11', 19.00, 'Direccion destino orden 64', 'Almacen Valencia, Carabobo'),
  (65, 5, 65, 360, 424, 7000065, DATE '2025-06-12', 20.00, 'Direccion destino orden 65', 'Almacen Valencia, Carabobo'),
  (66, 6, 66, 360, 425, 7000066, DATE '2025-07-13', 21.00, 'Direccion destino orden 66', 'Almacen Valencia, Carabobo'),
  (67, 7, 67, 360, 426, 7000067, DATE '2025-08-14', 22.00, 'Direccion destino orden 67', 'Almacen Valencia, Carabobo'),
  (68, 8, 68, 360, 427, 7000068, DATE '2025-09-15', 23.00, 'Direccion destino orden 68', 'Almacen Valencia, Carabobo'),
  (69, 9, 69, 360, 428, 7000069, DATE '2025-10-16', 24.00, 'Direccion destino orden 69', 'Almacen Valencia, Carabobo'),
  (70, 10, 70, 360, 429, 7000070, DATE '2025-11-17', 25.00, 'Direccion destino orden 70', 'Almacen Valencia, Carabobo'),
  (71, 1, 71, 360, 430, 7000071, DATE '2025-12-18', 26.00, 'Direccion destino orden 71', 'Almacen Valencia, Carabobo'),
  (72, 2, 72, 360, 431, 7000072, DATE '2025-01-19', 27.00, 'Direccion destino orden 72', 'Almacen Valencia, Carabobo'),
  (73, 3, 73, 360, 432, 7000073, DATE '2025-02-20', 28.00, 'Direccion destino orden 73', 'Almacen Valencia, Carabobo'),
  (74, 4, 74, 360, 433, 7000074, DATE '2025-03-21', 29.00, 'Direccion destino orden 74', 'Almacen Valencia, Carabobo'),
  (75, 5, 75, 360, 434, 7000075, DATE '2025-04-22', 30.00, 'Direccion destino orden 75', 'Almacen Valencia, Carabobo'),
  (76, 6, 76, 360, 435, 7000076, DATE '2025-05-23', 31.00, 'Direccion destino orden 76', 'Almacen Valencia, Carabobo'),
  (77, 7, 77, 360, 436, 7000077, DATE '2025-06-24', 32.00, 'Direccion destino orden 77', 'Almacen Valencia, Carabobo'),
  (78, 8, 78, 360, 437, 7000078, DATE '2025-07-25', 33.00, 'Direccion destino orden 78', 'Almacen Valencia, Carabobo'),
  (79, 9, 79, 360, 438, 7000079, DATE '2025-08-26', 34.00, 'Direccion destino orden 79', 'Almacen Valencia, Carabobo'),
  (80, 10, 80, 360, 439, 7000080, DATE '2025-09-27', 15.00, 'Direccion destino orden 80', 'Almacen Valencia, Carabobo'),
  (81, 1, 81, 360, 440, 7000081, DATE '2025-10-01', 16.00, 'Direccion destino orden 81', 'Almacen Valencia, Carabobo'),
  (82, 2, 82, 360, 441, 7000082, DATE '2025-11-02', 17.00, 'Direccion destino orden 82', 'Almacen Valencia, Carabobo'),
  (83, 3, 83, 360, 442, 7000083, DATE '2025-12-03', 18.00, 'Direccion destino orden 83', 'Almacen Valencia, Carabobo'),
  (84, 4, 84, 360, 443, 7000084, DATE '2025-01-04', 19.00, 'Direccion destino orden 84', 'Almacen Valencia, Carabobo'),
  (85, 5, 85, 360, 444, 7000085, DATE '2025-02-05', 20.00, 'Direccion destino orden 85', 'Almacen Valencia, Carabobo'),
  (86, 6, 86, 360, 445, 7000086, DATE '2025-03-06', 21.00, 'Direccion destino orden 86', 'Almacen Valencia, Carabobo'),
  (87, 7, 87, 360, 446, 7000087, DATE '2025-04-07', 22.00, 'Direccion destino orden 87', 'Almacen Valencia, Carabobo'),
  (88, 8, 88, 360, 447, 7000088, DATE '2025-05-08', 23.00, 'Direccion destino orden 88', 'Almacen Valencia, Carabobo'),
  (89, 9, 89, 360, 448, 7000089, DATE '2025-06-09', 24.00, 'Direccion destino orden 89', 'Almacen Valencia, Carabobo'),
  (90, 10, 90, 360, 449, 7000090, DATE '2025-07-10', 25.00, 'Direccion destino orden 90', 'Almacen Valencia, Carabobo'),
  (91, 1, 91, 360, 450, 7000091, DATE '2025-08-11', 26.00, 'Direccion destino orden 91', 'Almacen Valencia, Carabobo'),
  (92, 2, 92, 360, 451, 7000092, DATE '2025-09-12', 27.00, 'Direccion destino orden 92', 'Almacen Valencia, Carabobo'),
  (93, 3, 93, 360, 452, 7000093, DATE '2025-10-13', 28.00, 'Direccion destino orden 93', 'Almacen Valencia, Carabobo'),
  (94, 4, 94, 360, 453, 7000094, DATE '2025-11-14', 29.00, 'Direccion destino orden 94', 'Almacen Valencia, Carabobo'),
  (95, 5, 95, 360, 454, 7000095, DATE '2025-12-15', 30.00, 'Direccion destino orden 95', 'Almacen Valencia, Carabobo'),
  (96, 6, 96, 360, 455, 7000096, DATE '2025-01-16', 31.00, 'Direccion destino orden 96', 'Almacen Valencia, Carabobo'),
  (97, 7, 97, 360, 456, 7000097, DATE '2025-02-17', 32.00, 'Direccion destino orden 97', 'Almacen Valencia, Carabobo'),
  (98, 8, 98, 360, 457, 7000098, DATE '2025-03-18', 33.00, 'Direccion destino orden 98', 'Almacen Valencia, Carabobo'),
  (99, 9, 99, 360, 458, 7000099, DATE '2025-04-19', 34.00, 'Direccion destino orden 99', 'Almacen Valencia, Carabobo'),
  (100, 10, 100, 360, 459, 7000100, DATE '2025-05-20', 15.00, 'Direccion destino orden 100', 'Almacen Valencia, Carabobo'),
  (101, 1, 101, 360, 460, 7000101, DATE '2025-06-21', 16.00, 'Direccion destino orden 101', 'Almacen Valencia, Carabobo'),
  (102, 2, 102, 360, 461, 7000102, DATE '2025-07-22', 17.00, 'Direccion destino orden 102', 'Almacen Valencia, Carabobo'),
  (103, 3, 103, 360, 462, 7000103, DATE '2025-08-23', 18.00, 'Direccion destino orden 103', 'Almacen Valencia, Carabobo'),
  (104, 4, 104, 360, 463, 7000104, DATE '2025-09-24', 19.00, 'Direccion destino orden 104', 'Almacen Valencia, Carabobo'),
  (105, 5, 105, 360, 464, 7000105, DATE '2025-10-25', 20.00, 'Direccion destino orden 105', 'Almacen Valencia, Carabobo'),
  (106, 6, 106, 360, 465, 7000106, DATE '2025-11-26', 21.00, 'Direccion destino orden 106', 'Almacen Valencia, Carabobo'),
  (107, 7, 107, 360, 466, 7000107, DATE '2025-12-27', 22.00, 'Direccion destino orden 107', 'Almacen Valencia, Carabobo'),
  (108, 8, 108, 360, 467, 7000108, DATE '2025-01-01', 23.00, 'Direccion destino orden 108', 'Almacen Valencia, Carabobo'),
  (109, 9, 109, 360, 468, 7000109, DATE '2025-02-02', 24.00, 'Direccion destino orden 109', 'Almacen Valencia, Carabobo'),
  (110, 10, 110, 360, 469, 7000110, DATE '2025-03-03', 25.00, 'Direccion destino orden 110', 'Almacen Valencia, Carabobo'),
  (111, 1, 111, 360, 470, 7000111, DATE '2025-04-04', 26.00, 'Direccion destino orden 111', 'Almacen Valencia, Carabobo'),
  (112, 2, 112, 360, 471, 7000112, DATE '2025-05-05', 27.00, 'Direccion destino orden 112', 'Almacen Valencia, Carabobo'),
  (113, 3, 113, 360, 472, 7000113, DATE '2025-06-06', 28.00, 'Direccion destino orden 113', 'Almacen Valencia, Carabobo'),
  (114, 4, 114, 360, 473, 7000114, DATE '2025-07-07', 29.00, 'Direccion destino orden 114', 'Almacen Valencia, Carabobo'),
  (115, 5, 115, 360, 474, 7000115, DATE '2025-08-08', 30.00, 'Direccion destino orden 115', 'Almacen Valencia, Carabobo'),
  (116, 6, 116, 360, 475, 7000116, DATE '2025-09-09', 31.00, 'Direccion destino orden 116', 'Almacen Valencia, Carabobo'),
  (117, 7, 117, 360, 476, 7000117, DATE '2025-10-10', 32.00, 'Direccion destino orden 117', 'Almacen Valencia, Carabobo'),
  (118, 8, 118, 360, 477, 7000118, DATE '2025-11-11', 33.00, 'Direccion destino orden 118', 'Almacen Valencia, Carabobo'),
  (119, 9, 119, 360, 478, 7000119, DATE '2025-12-12', 34.00, 'Direccion destino orden 119', 'Almacen Valencia, Carabobo'),
  (120, 10, 120, 360, 479, 7000120, DATE '2025-01-13', 15.00, 'Direccion destino orden 120', 'Almacen Valencia, Carabobo'),
  (121, 1, 121, 360, 480, 7000121, DATE '2025-02-14', 16.00, 'Direccion destino orden 121', 'Almacen Valencia, Carabobo'),
  (122, 2, 122, 360, 481, 7000122, DATE '2025-03-15', 17.00, 'Direccion destino orden 122', 'Almacen Valencia, Carabobo'),
  (123, 3, 123, 360, 482, 7000123, DATE '2025-04-16', 18.00, 'Direccion destino orden 123', 'Almacen Valencia, Carabobo'),
  (124, 4, 124, 360, 483, 7000124, DATE '2025-05-17', 19.00, 'Direccion destino orden 124', 'Almacen Valencia, Carabobo'),
  (125, 5, 125, 360, 484, 7000125, DATE '2025-06-18', 20.00, 'Direccion destino orden 125', 'Almacen Valencia, Carabobo'),
  (126, 6, 126, 360, 485, 7000126, DATE '2025-07-19', 21.00, 'Direccion destino orden 126', 'Almacen Valencia, Carabobo'),
  (127, 7, 127, 360, 486, 7000127, DATE '2025-08-20', 22.00, 'Direccion destino orden 127', 'Almacen Valencia, Carabobo'),
  (128, 8, 128, 360, 487, 7000128, DATE '2025-09-21', 23.00, 'Direccion destino orden 128', 'Almacen Valencia, Carabobo'),
  (129, 9, 129, 360, 488, 7000129, DATE '2025-10-22', 24.00, 'Direccion destino orden 129', 'Almacen Valencia, Carabobo'),
  (130, 10, 130, 360, 489, 7000130, DATE '2025-11-23', 25.00, 'Direccion destino orden 130', 'Almacen Valencia, Carabobo'),
  (131, 1, 131, 360, 490, 7000131, DATE '2025-12-24', 26.00, 'Direccion destino orden 131', 'Almacen Valencia, Carabobo'),
  (132, 2, 132, 360, 491, 7000132, DATE '2025-01-25', 27.00, 'Direccion destino orden 132', 'Almacen Valencia, Carabobo'),
  (133, 3, 133, 360, 492, 7000133, DATE '2025-02-26', 28.00, 'Direccion destino orden 133', 'Almacen Valencia, Carabobo'),
  (134, 4, 134, 360, 493, 7000134, DATE '2025-03-27', 29.00, 'Direccion destino orden 134', 'Almacen Valencia, Carabobo'),
  (135, 5, 135, 360, 494, 7000135, DATE '2025-04-01', 30.00, 'Direccion destino orden 135', 'Almacen Valencia, Carabobo'),
  (136, 6, 136, 360, 495, 7000136, DATE '2025-05-02', 31.00, 'Direccion destino orden 136', 'Almacen Valencia, Carabobo'),
  (137, 7, 137, 360, 496, 7000137, DATE '2025-06-03', 32.00, 'Direccion destino orden 137', 'Almacen Valencia, Carabobo'),
  (138, 8, 138, 360, 497, 7000138, DATE '2025-07-04', 33.00, 'Direccion destino orden 138', 'Almacen Valencia, Carabobo'),
  (139, 9, 139, 360, 498, 7000139, DATE '2025-08-05', 34.00, 'Direccion destino orden 139', 'Almacen Valencia, Carabobo'),
  (140, 10, 140, 360, 499, 7000140, DATE '2025-09-06', 15.00, 'Direccion destino orden 140', 'Almacen Valencia, Carabobo'),
  (141, 1, 141, 360, 500, 7000141, DATE '2025-10-07', 16.00, 'Direccion destino orden 141', 'Almacen Valencia, Carabobo'),
  (142, 2, 142, 360, 501, 7000142, DATE '2025-11-08', 17.00, 'Direccion destino orden 142', 'Almacen Valencia, Carabobo'),
  (143, 3, 143, 360, 502, 7000143, DATE '2025-12-09', 18.00, 'Direccion destino orden 143', 'Almacen Valencia, Carabobo'),
  (144, 4, 144, 360, 503, 7000144, DATE '2025-01-10', 19.00, 'Direccion destino orden 144', 'Almacen Valencia, Carabobo'),
  (145, 5, 145, 360, 504, 7000145, DATE '2025-02-11', 20.00, 'Direccion destino orden 145', 'Almacen Valencia, Carabobo'),
  (146, 6, 146, 360, 505, 7000146, DATE '2025-03-12', 21.00, 'Direccion destino orden 146', 'Almacen Valencia, Carabobo'),
  (147, 7, 147, 360, 506, 7000147, DATE '2025-04-13', 22.00, 'Direccion destino orden 147', 'Almacen Valencia, Carabobo'),
  (148, 8, 148, 360, 507, 7000148, DATE '2025-05-14', 23.00, 'Direccion destino orden 148', 'Almacen Valencia, Carabobo'),
  (149, 9, 149, 360, 508, 7000149, DATE '2025-06-15', 24.00, 'Direccion destino orden 149', 'Almacen Valencia, Carabobo'),
  (150, 10, 150, 360, 509, 7000150, DATE '2025-07-16', 25.00, 'Direccion destino orden 150', 'Almacen Valencia, Carabobo'),
  (151, 1, 151, 360, 510, 7000151, DATE '2025-08-17', 26.00, 'Direccion destino orden 151', 'Almacen Valencia, Carabobo'),
  (152, 2, 152, 360, 511, 7000152, DATE '2025-09-18', 27.00, 'Direccion destino orden 152', 'Almacen Valencia, Carabobo'),
  (153, 3, 153, 360, 512, 7000153, DATE '2025-10-19', 28.00, 'Direccion destino orden 153', 'Almacen Valencia, Carabobo'),
  (154, 4, 154, 360, 513, 7000154, DATE '2025-11-20', 29.00, 'Direccion destino orden 154', 'Almacen Valencia, Carabobo'),
  (155, 5, 155, 360, 514, 7000155, DATE '2025-12-21', 30.00, 'Direccion destino orden 155', 'Almacen Valencia, Carabobo'),
  (156, 6, 156, 360, 515, 7000156, DATE '2025-01-22', 31.00, 'Direccion destino orden 156', 'Almacen Valencia, Carabobo'),
  (157, 7, 157, 360, 516, 7000157, DATE '2025-02-23', 32.00, 'Direccion destino orden 157', 'Almacen Valencia, Carabobo'),
  (158, 8, 158, 360, 517, 7000158, DATE '2025-03-24', 33.00, 'Direccion destino orden 158', 'Almacen Valencia, Carabobo'),
  (159, 9, 159, 360, 518, 7000159, DATE '2025-04-25', 34.00, 'Direccion destino orden 159', 'Almacen Valencia, Carabobo'),
  (160, 10, 160, 360, 519, 7000160, DATE '2025-05-26', 15.00, 'Direccion destino orden 160', 'Almacen Valencia, Carabobo'),
  (161, 1, 161, 360, 520, 7000161, DATE '2025-06-27', 16.00, 'Direccion destino orden 161', 'Almacen Valencia, Carabobo'),
  (162, 2, 162, 360, 521, 7000162, DATE '2025-07-01', 17.00, 'Direccion destino orden 162', 'Almacen Valencia, Carabobo'),
  (163, 3, 163, 360, 522, 7000163, DATE '2025-08-02', 18.00, 'Direccion destino orden 163', 'Almacen Valencia, Carabobo'),
  (164, 4, 164, 360, 523, 7000164, DATE '2025-09-03', 19.00, 'Direccion destino orden 164', 'Almacen Valencia, Carabobo'),
  (165, 5, 165, 360, 524, 7000165, DATE '2025-10-04', 20.00, 'Direccion destino orden 165', 'Almacen Valencia, Carabobo'),
  (166, 6, 166, 360, 525, 7000166, DATE '2025-11-05', 21.00, 'Direccion destino orden 166', 'Almacen Valencia, Carabobo'),
  (167, 7, 167, 360, 526, 7000167, DATE '2025-12-06', 22.00, 'Direccion destino orden 167', 'Almacen Valencia, Carabobo'),
  (168, 8, 168, 360, 527, 7000168, DATE '2025-01-07', 23.00, 'Direccion destino orden 168', 'Almacen Valencia, Carabobo'),
  (169, 9, 169, 360, 528, 7000169, DATE '2025-02-08', 24.00, 'Direccion destino orden 169', 'Almacen Valencia, Carabobo'),
  (170, 10, 170, 360, 529, 7000170, DATE '2025-03-09', 25.00, 'Direccion destino orden 170', 'Almacen Valencia, Carabobo'),
  (171, 1, 171, 360, 530, 7000171, DATE '2025-04-10', 26.00, 'Direccion destino orden 171', 'Almacen Valencia, Carabobo'),
  (172, 2, 172, 360, 531, 7000172, DATE '2025-05-11', 27.00, 'Direccion destino orden 172', 'Almacen Valencia, Carabobo'),
  (173, 3, 173, 360, 532, 7000173, DATE '2025-06-12', 28.00, 'Direccion destino orden 173', 'Almacen Valencia, Carabobo'),
  (174, 4, 174, 360, 533, 7000174, DATE '2025-07-13', 29.00, 'Direccion destino orden 174', 'Almacen Valencia, Carabobo'),
  (175, 5, 175, 360, 534, 7000175, DATE '2025-08-14', 30.00, 'Direccion destino orden 175', 'Almacen Valencia, Carabobo'),
  (176, 6, 176, 360, 535, 7000176, DATE '2025-09-15', 31.00, 'Direccion destino orden 176', 'Almacen Valencia, Carabobo'),
  (177, 7, 177, 360, 536, 7000177, DATE '2025-10-16', 32.00, 'Direccion destino orden 177', 'Almacen Valencia, Carabobo'),
  (178, 8, 178, 360, 537, 7000178, DATE '2025-11-17', 33.00, 'Direccion destino orden 178', 'Almacen Valencia, Carabobo'),
  (179, 9, 179, 360, 538, 7000179, DATE '2025-12-18', 34.00, 'Direccion destino orden 179', 'Almacen Valencia, Carabobo'),
  (180, 10, 180, 360, 539, 7000180, DATE '2025-01-19', 15.00, 'Direccion destino orden 180', 'Almacen Valencia, Carabobo'),
  (181, 1, 181, 360, 540, 7000181, DATE '2025-02-20', 16.00, 'Direccion destino orden 181', 'Almacen Valencia, Carabobo'),
  (182, 2, 182, 360, 541, 7000182, DATE '2025-03-21', 17.00, 'Direccion destino orden 182', 'Almacen Valencia, Carabobo'),
  (183, 3, 183, 360, 542, 7000183, DATE '2025-04-22', 18.00, 'Direccion destino orden 183', 'Almacen Valencia, Carabobo'),
  (184, 4, 184, 360, 543, 7000184, DATE '2025-05-23', 19.00, 'Direccion destino orden 184', 'Almacen Valencia, Carabobo'),
  (185, 5, 185, 360, 544, 7000185, DATE '2025-06-24', 20.00, 'Direccion destino orden 185', 'Almacen Valencia, Carabobo'),
  (186, 6, 186, 360, 545, 7000186, DATE '2025-07-25', 21.00, 'Direccion destino orden 186', 'Almacen Valencia, Carabobo'),
  (187, 7, 187, 360, 546, 7000187, DATE '2025-08-26', 22.00, 'Direccion destino orden 187', 'Almacen Valencia, Carabobo'),
  (188, 8, 188, 360, 547, 7000188, DATE '2025-09-27', 23.00, 'Direccion destino orden 188', 'Almacen Valencia, Carabobo'),
  (189, 9, 189, 360, 548, 7000189, DATE '2025-10-01', 24.00, 'Direccion destino orden 189', 'Almacen Valencia, Carabobo'),
  (190, 10, 190, 360, 549, 7000190, DATE '2025-11-02', 25.00, 'Direccion destino orden 190', 'Almacen Valencia, Carabobo'),
  (191, 1, 191, 360, 550, 7000191, DATE '2025-12-03', 26.00, 'Direccion destino orden 191', 'Almacen Valencia, Carabobo'),
  (192, 2, 192, 360, 551, 7000192, DATE '2025-01-04', 27.00, 'Direccion destino orden 192', 'Almacen Valencia, Carabobo'),
  (193, 3, 193, 360, 552, 7000193, DATE '2025-02-05', 28.00, 'Direccion destino orden 193', 'Almacen Valencia, Carabobo'),
  (194, 4, 194, 360, 553, 7000194, DATE '2025-03-06', 29.00, 'Direccion destino orden 194', 'Almacen Valencia, Carabobo'),
  (195, 5, 195, 360, 554, 7000195, DATE '2025-04-07', 30.00, 'Direccion destino orden 195', 'Almacen Valencia, Carabobo'),
  (196, 6, 196, 360, 555, 7000196, DATE '2025-05-08', 31.00, 'Direccion destino orden 196', 'Almacen Valencia, Carabobo'),
  (197, 7, 197, 360, 556, 7000197, DATE '2025-06-09', 32.00, 'Direccion destino orden 197', 'Almacen Valencia, Carabobo'),
  (198, 8, 198, 360, 557, 7000198, DATE '2025-07-10', 33.00, 'Direccion destino orden 198', 'Almacen Valencia, Carabobo'),
  (199, 9, 199, 360, 558, 7000199, DATE '2025-08-11', 34.00, 'Direccion destino orden 199', 'Almacen Valencia, Carabobo'),
  (200, 10, 200, 360, 559, 7000200, DATE '2025-09-12', 15.00, 'Direccion destino orden 200', 'Almacen Valencia, Carabobo'),
  (201, 1, 201, 360, 360, 7000201, DATE '2025-10-13', 16.00, 'Direccion destino orden 201', 'Almacen Valencia, Carabobo'),
  (202, 2, 202, 360, 361, 7000202, DATE '2025-11-14', 17.00, 'Direccion destino orden 202', 'Almacen Valencia, Carabobo'),
  (203, 3, 203, 360, 362, 7000203, DATE '2025-12-15', 18.00, 'Direccion destino orden 203', 'Almacen Valencia, Carabobo'),
  (204, 4, 204, 360, 363, 7000204, DATE '2025-01-16', 19.00, 'Direccion destino orden 204', 'Almacen Valencia, Carabobo'),
  (205, 5, 205, 360, 364, 7000205, DATE '2025-02-17', 20.00, 'Direccion destino orden 205', 'Almacen Valencia, Carabobo'),
  (206, 6, 206, 360, 365, 7000206, DATE '2025-03-18', 21.00, 'Direccion destino orden 206', 'Almacen Valencia, Carabobo'),
  (207, 7, 207, 360, 366, 7000207, DATE '2025-04-19', 22.00, 'Direccion destino orden 207', 'Almacen Valencia, Carabobo'),
  (208, 8, 208, 360, 367, 7000208, DATE '2025-05-20', 23.00, 'Direccion destino orden 208', 'Almacen Valencia, Carabobo'),
  (209, 9, 209, 360, 368, 7000209, DATE '2025-06-21', 24.00, 'Direccion destino orden 209', 'Almacen Valencia, Carabobo'),
  (210, 10, 210, 360, 369, 7000210, DATE '2025-07-22', 25.00, 'Direccion destino orden 210', 'Almacen Valencia, Carabobo'),
  (211, 1, 211, 360, 370, 7000211, DATE '2025-08-23', 26.00, 'Direccion destino orden 211', 'Almacen Valencia, Carabobo'),
  (212, 2, 212, 360, 371, 7000212, DATE '2025-09-24', 27.00, 'Direccion destino orden 212', 'Almacen Valencia, Carabobo'),
  (213, 3, 213, 360, 372, 7000213, DATE '2025-10-25', 28.00, 'Direccion destino orden 213', 'Almacen Valencia, Carabobo'),
  (214, 4, 214, 360, 373, 7000214, DATE '2025-11-26', 29.00, 'Direccion destino orden 214', 'Almacen Valencia, Carabobo'),
  (215, 5, 215, 360, 374, 7000215, DATE '2025-12-27', 30.00, 'Direccion destino orden 215', 'Almacen Valencia, Carabobo'),
  (216, 6, 216, 360, 375, 7000216, DATE '2025-01-01', 31.00, 'Direccion destino orden 216', 'Almacen Valencia, Carabobo'),
  (217, 7, 217, 360, 376, 7000217, DATE '2025-02-02', 32.00, 'Direccion destino orden 217', 'Almacen Valencia, Carabobo'),
  (218, 8, 218, 360, 377, 7000218, DATE '2025-03-03', 33.00, 'Direccion destino orden 218', 'Almacen Valencia, Carabobo'),
  (219, 9, 219, 360, 378, 7000219, DATE '2025-04-04', 34.00, 'Direccion destino orden 219', 'Almacen Valencia, Carabobo'),
  (220, 10, 220, 360, 379, 7000220, DATE '2025-05-05', 15.00, 'Direccion destino orden 220', 'Almacen Valencia, Carabobo'),
  (221, 1, 221, 360, 380, 7000221, DATE '2025-06-06', 16.00, 'Direccion destino orden 221', 'Almacen Valencia, Carabobo'),
  (222, 2, 222, 360, 381, 7000222, DATE '2025-07-07', 17.00, 'Direccion destino orden 222', 'Almacen Valencia, Carabobo'),
  (223, 3, 223, 360, 382, 7000223, DATE '2025-08-08', 18.00, 'Direccion destino orden 223', 'Almacen Valencia, Carabobo'),
  (224, 4, 224, 360, 383, 7000224, DATE '2025-09-09', 19.00, 'Direccion destino orden 224', 'Almacen Valencia, Carabobo'),
  (225, 5, 225, 360, 384, 7000225, DATE '2025-10-10', 20.00, 'Direccion destino orden 225', 'Almacen Valencia, Carabobo'),
  (226, 6, 226, 360, 385, 7000226, DATE '2025-11-11', 21.00, 'Direccion destino orden 226', 'Almacen Valencia, Carabobo'),
  (227, 7, 227, 360, 386, 7000227, DATE '2025-12-12', 22.00, 'Direccion destino orden 227', 'Almacen Valencia, Carabobo'),
  (228, 8, 228, 360, 387, 7000228, DATE '2025-01-13', 23.00, 'Direccion destino orden 228', 'Almacen Valencia, Carabobo'),
  (229, 9, 229, 360, 388, 7000229, DATE '2025-02-14', 24.00, 'Direccion destino orden 229', 'Almacen Valencia, Carabobo'),
  (230, 10, 230, 360, 389, 7000230, DATE '2025-03-15', 25.00, 'Direccion destino orden 230', 'Almacen Valencia, Carabobo'),
  (231, 1, 231, 360, 390, 7000231, DATE '2025-04-16', 26.00, 'Direccion destino orden 231', 'Almacen Valencia, Carabobo'),
  (232, 2, 232, 360, 391, 7000232, DATE '2025-05-17', 27.00, 'Direccion destino orden 232', 'Almacen Valencia, Carabobo'),
  (233, 3, 233, 360, 392, 7000233, DATE '2025-06-18', 28.00, 'Direccion destino orden 233', 'Almacen Valencia, Carabobo'),
  (234, 4, 234, 360, 393, 7000234, DATE '2025-07-19', 29.00, 'Direccion destino orden 234', 'Almacen Valencia, Carabobo'),
  (235, 5, 235, 360, 394, 7000235, DATE '2025-08-20', 30.00, 'Direccion destino orden 235', 'Almacen Valencia, Carabobo'),
  (236, 6, 236, 360, 395, 7000236, DATE '2025-09-21', 31.00, 'Direccion destino orden 236', 'Almacen Valencia, Carabobo'),
  (237, 7, 237, 360, 396, 7000237, DATE '2025-10-22', 32.00, 'Direccion destino orden 237', 'Almacen Valencia, Carabobo'),
  (238, 8, 238, 360, 397, 7000238, DATE '2025-11-23', 33.00, 'Direccion destino orden 238', 'Almacen Valencia, Carabobo'),
  (239, 9, 239, 360, 398, 7000239, DATE '2025-12-24', 34.00, 'Direccion destino orden 239', 'Almacen Valencia, Carabobo'),
  (240, 10, 240, 360, 399, 7000240, DATE '2025-01-25', 15.00, 'Direccion destino orden 240', 'Almacen Valencia, Carabobo'),
  (241, 1, 241, 360, 400, 7000241, DATE '2025-02-26', 16.00, 'Direccion destino orden 241', 'Almacen Valencia, Carabobo'),
  (242, 2, 242, 360, 401, 7000242, DATE '2025-03-27', 17.00, 'Direccion destino orden 242', 'Almacen Valencia, Carabobo'),
  (243, 3, 243, 360, 402, 7000243, DATE '2025-04-01', 18.00, 'Direccion destino orden 243', 'Almacen Valencia, Carabobo'),
  (244, 4, 244, 360, 403, 7000244, DATE '2025-05-02', 19.00, 'Direccion destino orden 244', 'Almacen Valencia, Carabobo'),
  (245, 5, 245, 360, 404, 7000245, DATE '2025-06-03', 20.00, 'Direccion destino orden 245', 'Almacen Valencia, Carabobo'),
  (246, 6, 246, 360, 405, 7000246, DATE '2025-07-04', 21.00, 'Direccion destino orden 246', 'Almacen Valencia, Carabobo'),
  (247, 7, 247, 360, 406, 7000247, DATE '2025-08-05', 22.00, 'Direccion destino orden 247', 'Almacen Valencia, Carabobo'),
  (248, 8, 248, 360, 407, 7000248, DATE '2025-09-06', 23.00, 'Direccion destino orden 248', 'Almacen Valencia, Carabobo'),
  (249, 9, 249, 360, 408, 7000249, DATE '2025-10-07', 24.00, 'Direccion destino orden 249', 'Almacen Valencia, Carabobo'),
  (250, 10, 250, 360, 409, 7000250, DATE '2025-11-08', 25.00, 'Direccion destino orden 250', 'Almacen Valencia, Carabobo'),
  (251, 1, 251, 360, 410, 7000251, DATE '2025-12-09', 26.00, 'Direccion destino orden 251', 'Almacen Valencia, Carabobo'),
  (252, 2, 252, 360, 411, 7000252, DATE '2025-01-10', 27.00, 'Direccion destino orden 252', 'Almacen Valencia, Carabobo'),
  (253, 3, 253, 360, 412, 7000253, DATE '2025-02-11', 28.00, 'Direccion destino orden 253', 'Almacen Valencia, Carabobo'),
  (254, 4, 254, 360, 413, 7000254, DATE '2025-03-12', 29.00, 'Direccion destino orden 254', 'Almacen Valencia, Carabobo'),
  (255, 5, 255, 360, 414, 7000255, DATE '2025-04-13', 30.00, 'Direccion destino orden 255', 'Almacen Valencia, Carabobo'),
  (256, 6, 256, 360, 415, 7000256, DATE '2025-05-14', 31.00, 'Direccion destino orden 256', 'Almacen Valencia, Carabobo'),
  (257, 7, 257, 360, 416, 7000257, DATE '2025-06-15', 32.00, 'Direccion destino orden 257', 'Almacen Valencia, Carabobo'),
  (258, 8, 258, 360, 417, 7000258, DATE '2025-07-16', 33.00, 'Direccion destino orden 258', 'Almacen Valencia, Carabobo'),
  (259, 9, 259, 360, 418, 7000259, DATE '2025-08-17', 34.00, 'Direccion destino orden 259', 'Almacen Valencia, Carabobo'),
  (260, 10, 260, 360, 419, 7000260, DATE '2025-09-18', 15.00, 'Direccion destino orden 260', 'Almacen Valencia, Carabobo'),
  (261, 1, 261, 360, 420, 7000261, DATE '2025-10-19', 16.00, 'Direccion destino orden 261', 'Almacen Valencia, Carabobo'),
  (262, 2, 262, 360, 421, 7000262, DATE '2025-11-20', 17.00, 'Direccion destino orden 262', 'Almacen Valencia, Carabobo'),
  (263, 3, 263, 360, 422, 7000263, DATE '2025-12-21', 18.00, 'Direccion destino orden 263', 'Almacen Valencia, Carabobo'),
  (264, 4, 264, 360, 423, 7000264, DATE '2025-01-22', 19.00, 'Direccion destino orden 264', 'Almacen Valencia, Carabobo'),
  (265, 5, 265, 360, 424, 7000265, DATE '2025-02-23', 20.00, 'Direccion destino orden 265', 'Almacen Valencia, Carabobo'),
  (266, 6, 266, 360, 425, 7000266, DATE '2025-03-24', 21.00, 'Direccion destino orden 266', 'Almacen Valencia, Carabobo'),
  (267, 7, 267, 360, 426, 7000267, DATE '2025-04-25', 22.00, 'Direccion destino orden 267', 'Almacen Valencia, Carabobo'),
  (268, 8, 268, 360, 427, 7000268, DATE '2025-05-26', 23.00, 'Direccion destino orden 268', 'Almacen Valencia, Carabobo'),
  (269, 9, 269, 360, 428, 7000269, DATE '2025-06-27', 24.00, 'Direccion destino orden 269', 'Almacen Valencia, Carabobo'),
  (270, 10, 270, 360, 429, 7000270, DATE '2025-07-01', 25.00, 'Direccion destino orden 270', 'Almacen Valencia, Carabobo'),
  (271, 1, 271, 360, 430, 7000271, DATE '2025-08-02', 26.00, 'Direccion destino orden 271', 'Almacen Valencia, Carabobo'),
  (272, 2, 272, 360, 431, 7000272, DATE '2025-09-03', 27.00, 'Direccion destino orden 272', 'Almacen Valencia, Carabobo'),
  (273, 3, 273, 360, 432, 7000273, DATE '2025-10-04', 28.00, 'Direccion destino orden 273', 'Almacen Valencia, Carabobo'),
  (274, 4, 274, 360, 433, 7000274, DATE '2025-11-05', 29.00, 'Direccion destino orden 274', 'Almacen Valencia, Carabobo'),
  (275, 5, 275, 360, 434, 7000275, DATE '2025-12-06', 30.00, 'Direccion destino orden 275', 'Almacen Valencia, Carabobo'),
  (276, 6, 276, 360, 435, 7000276, DATE '2025-01-07', 31.00, 'Direccion destino orden 276', 'Almacen Valencia, Carabobo'),
  (277, 7, 277, 360, 436, 7000277, DATE '2025-02-08', 32.00, 'Direccion destino orden 277', 'Almacen Valencia, Carabobo'),
  (278, 8, 278, 360, 437, 7000278, DATE '2025-03-09', 33.00, 'Direccion destino orden 278', 'Almacen Valencia, Carabobo'),
  (279, 9, 279, 360, 438, 7000279, DATE '2025-04-10', 34.00, 'Direccion destino orden 279', 'Almacen Valencia, Carabobo'),
  (280, 10, 280, 360, 439, 7000280, DATE '2025-05-11', 15.00, 'Direccion destino orden 280', 'Almacen Valencia, Carabobo'),
  (281, 1, 281, 360, 440, 7000281, DATE '2025-06-12', 16.00, 'Direccion destino orden 281', 'Almacen Valencia, Carabobo'),
  (282, 2, 282, 360, 441, 7000282, DATE '2025-07-13', 17.00, 'Direccion destino orden 282', 'Almacen Valencia, Carabobo'),
  (283, 3, 283, 360, 442, 7000283, DATE '2025-08-14', 18.00, 'Direccion destino orden 283', 'Almacen Valencia, Carabobo'),
  (284, 4, 284, 360, 443, 7000284, DATE '2025-09-15', 19.00, 'Direccion destino orden 284', 'Almacen Valencia, Carabobo'),
  (285, 5, 285, 360, 444, 7000285, DATE '2025-10-16', 20.00, 'Direccion destino orden 285', 'Almacen Valencia, Carabobo'),
  (286, 6, 286, 360, 445, 7000286, DATE '2025-11-17', 21.00, 'Direccion destino orden 286', 'Almacen Valencia, Carabobo'),
  (287, 7, 287, 360, 446, 7000287, DATE '2025-12-18', 22.00, 'Direccion destino orden 287', 'Almacen Valencia, Carabobo'),
  (288, 8, 288, 360, 447, 7000288, DATE '2025-01-19', 23.00, 'Direccion destino orden 288', 'Almacen Valencia, Carabobo'),
  (289, 9, 289, 360, 448, 7000289, DATE '2025-02-20', 24.00, 'Direccion destino orden 289', 'Almacen Valencia, Carabobo'),
  (290, 10, 290, 360, 449, 7000290, DATE '2025-03-21', 25.00, 'Direccion destino orden 290', 'Almacen Valencia, Carabobo'),
  (291, 1, 291, 360, 450, 7000291, DATE '2025-04-22', 26.00, 'Direccion destino orden 291', 'Almacen Valencia, Carabobo'),
  (292, 2, 292, 360, 451, 7000292, DATE '2025-05-23', 27.00, 'Direccion destino orden 292', 'Almacen Valencia, Carabobo'),
  (293, 3, 293, 360, 452, 7000293, DATE '2025-06-24', 28.00, 'Direccion destino orden 293', 'Almacen Valencia, Carabobo'),
  (294, 4, 294, 360, 453, 7000294, DATE '2025-07-25', 29.00, 'Direccion destino orden 294', 'Almacen Valencia, Carabobo'),
  (295, 5, 295, 360, 454, 7000295, DATE '2025-08-26', 30.00, 'Direccion destino orden 295', 'Almacen Valencia, Carabobo'),
  (296, 6, 296, 360, 455, 7000296, DATE '2025-09-27', 31.00, 'Direccion destino orden 296', 'Almacen Valencia, Carabobo'),
  (297, 7, 297, 360, 456, 7000297, DATE '2025-10-01', 32.00, 'Direccion destino orden 297', 'Almacen Valencia, Carabobo'),
  (298, 8, 298, 360, 457, 7000298, DATE '2025-11-02', 33.00, 'Direccion destino orden 298', 'Almacen Valencia, Carabobo'),
  (299, 9, 299, 360, 458, 7000299, DATE '2025-12-03', 34.00, 'Direccion destino orden 299', 'Almacen Valencia, Carabobo'),
  (300, 10, 300, 360, 459, 7000300, DATE '2025-01-04', 15.00, 'Direccion destino orden 300', 'Almacen Valencia, Carabobo'),
  (301, 1, 301, 360, 460, 7000301, DATE '2025-02-05', 16.00, 'Direccion destino orden 301', 'Almacen Valencia, Carabobo'),
  (302, 2, 302, 360, 461, 7000302, DATE '2025-03-06', 17.00, 'Direccion destino orden 302', 'Almacen Valencia, Carabobo'),
  (303, 3, 303, 360, 462, 7000303, DATE '2025-04-07', 18.00, 'Direccion destino orden 303', 'Almacen Valencia, Carabobo'),
  (304, 4, 304, 360, 463, 7000304, DATE '2025-05-08', 19.00, 'Direccion destino orden 304', 'Almacen Valencia, Carabobo'),
  (305, 5, 305, 360, 464, 7000305, DATE '2025-06-09', 20.00, 'Direccion destino orden 305', 'Almacen Valencia, Carabobo'),
  (306, 6, 306, 360, 465, 7000306, DATE '2025-07-10', 21.00, 'Direccion destino orden 306', 'Almacen Valencia, Carabobo'),
  (307, 7, 307, 360, 466, 7000307, DATE '2025-08-11', 22.00, 'Direccion destino orden 307', 'Almacen Valencia, Carabobo'),
  (308, 8, 308, 360, 467, 7000308, DATE '2025-09-12', 23.00, 'Direccion destino orden 308', 'Almacen Valencia, Carabobo'),
  (309, 9, 309, 360, 468, 7000309, DATE '2025-10-13', 24.00, 'Direccion destino orden 309', 'Almacen Valencia, Carabobo'),
  (310, 10, 310, 360, 469, 7000310, DATE '2025-11-14', 25.00, 'Direccion destino orden 310', 'Almacen Valencia, Carabobo'),
  (311, 1, 311, 360, 470, 7000311, DATE '2025-12-15', 26.00, 'Direccion destino orden 311', 'Almacen Valencia, Carabobo'),
  (312, 2, 312, 360, 471, 7000312, DATE '2025-01-16', 27.00, 'Direccion destino orden 312', 'Almacen Valencia, Carabobo'),
  (313, 3, 313, 360, 472, 7000313, DATE '2025-02-17', 28.00, 'Direccion destino orden 313', 'Almacen Valencia, Carabobo'),
  (314, 4, 314, 360, 473, 7000314, DATE '2025-03-18', 29.00, 'Direccion destino orden 314', 'Almacen Valencia, Carabobo'),
  (315, 5, 315, 360, 474, 7000315, DATE '2025-04-19', 30.00, 'Direccion destino orden 315', 'Almacen Valencia, Carabobo'),
  (316, 6, 316, 360, 475, 7000316, DATE '2025-05-20', 31.00, 'Direccion destino orden 316', 'Almacen Valencia, Carabobo'),
  (317, 7, 317, 360, 476, 7000317, DATE '2025-06-21', 32.00, 'Direccion destino orden 317', 'Almacen Valencia, Carabobo'),
  (318, 8, 318, 360, 477, 7000318, DATE '2025-07-22', 33.00, 'Direccion destino orden 318', 'Almacen Valencia, Carabobo'),
  (319, 9, 319, 360, 478, 7000319, DATE '2025-08-23', 34.00, 'Direccion destino orden 319', 'Almacen Valencia, Carabobo'),
  (320, 10, 320, 360, 479, 7000320, DATE '2025-09-24', 15.00, 'Direccion destino orden 320', 'Almacen Valencia, Carabobo'),
  (321, 1, 321, 360, 480, 7000321, DATE '2025-10-25', 16.00, 'Direccion destino orden 321', 'Almacen Valencia, Carabobo'),
  (322, 2, 322, 360, 481, 7000322, DATE '2025-11-26', 17.00, 'Direccion destino orden 322', 'Almacen Valencia, Carabobo'),
  (323, 3, 323, 360, 482, 7000323, DATE '2025-12-27', 18.00, 'Direccion destino orden 323', 'Almacen Valencia, Carabobo'),
  (324, 4, 324, 360, 483, 7000324, DATE '2025-01-01', 19.00, 'Direccion destino orden 324', 'Almacen Valencia, Carabobo'),
  (325, 5, 325, 360, 484, 7000325, DATE '2025-02-02', 20.00, 'Direccion destino orden 325', 'Almacen Valencia, Carabobo'),
  (326, 6, 326, 360, 485, 7000326, DATE '2025-03-03', 21.00, 'Direccion destino orden 326', 'Almacen Valencia, Carabobo'),
  (327, 7, 327, 360, 486, 7000327, DATE '2025-04-04', 22.00, 'Direccion destino orden 327', 'Almacen Valencia, Carabobo'),
  (328, 8, 328, 360, 487, 7000328, DATE '2025-05-05', 23.00, 'Direccion destino orden 328', 'Almacen Valencia, Carabobo'),
  (329, 9, 329, 360, 488, 7000329, DATE '2025-06-06', 24.00, 'Direccion destino orden 329', 'Almacen Valencia, Carabobo'),
  (330, 10, 330, 360, 489, 7000330, DATE '2025-07-07', 25.00, 'Direccion destino orden 330', 'Almacen Valencia, Carabobo'),
  (331, 1, 331, 360, 490, 7000331, DATE '2025-08-08', 26.00, 'Direccion destino orden 331', 'Almacen Valencia, Carabobo'),
  (332, 2, 332, 360, 491, 7000332, DATE '2025-09-09', 27.00, 'Direccion destino orden 332', 'Almacen Valencia, Carabobo'),
  (333, 3, 333, 360, 492, 7000333, DATE '2025-10-10', 28.00, 'Direccion destino orden 333', 'Almacen Valencia, Carabobo'),
  (334, 4, 334, 360, 493, 7000334, DATE '2025-11-11', 29.00, 'Direccion destino orden 334', 'Almacen Valencia, Carabobo'),
  (335, 5, 335, 360, 494, 7000335, DATE '2025-12-12', 30.00, 'Direccion destino orden 335', 'Almacen Valencia, Carabobo'),
  (336, 6, 336, 360, 495, 7000336, DATE '2025-01-13', 31.00, 'Direccion destino orden 336', 'Almacen Valencia, Carabobo'),
  (337, 7, 337, 360, 496, 7000337, DATE '2025-02-14', 32.00, 'Direccion destino orden 337', 'Almacen Valencia, Carabobo'),
  (338, 8, 338, 360, 497, 7000338, DATE '2025-03-15', 33.00, 'Direccion destino orden 338', 'Almacen Valencia, Carabobo'),
  (339, 9, 339, 360, 498, 7000339, DATE '2025-04-16', 34.00, 'Direccion destino orden 339', 'Almacen Valencia, Carabobo'),
  (340, 10, 340, 360, 499, 7000340, DATE '2025-05-17', 15.00, 'Direccion destino orden 340', 'Almacen Valencia, Carabobo'),
  (341, 1, 341, 360, 500, 7000341, DATE '2025-06-18', 16.00, 'Direccion destino orden 341', 'Almacen Valencia, Carabobo'),
  (342, 2, 342, 360, 501, 7000342, DATE '2025-07-19', 17.00, 'Direccion destino orden 342', 'Almacen Valencia, Carabobo'),
  (343, 3, 343, 360, 502, 7000343, DATE '2025-08-20', 18.00, 'Direccion destino orden 343', 'Almacen Valencia, Carabobo'),
  (344, 4, 344, 360, 503, 7000344, DATE '2025-09-21', 19.00, 'Direccion destino orden 344', 'Almacen Valencia, Carabobo'),
  (345, 5, 345, 360, 504, 7000345, DATE '2025-10-22', 20.00, 'Direccion destino orden 345', 'Almacen Valencia, Carabobo'),
  (346, 6, 346, 360, 505, 7000346, DATE '2025-11-23', 21.00, 'Direccion destino orden 346', 'Almacen Valencia, Carabobo'),
  (347, 7, 347, 360, 506, 7000347, DATE '2025-12-24', 22.00, 'Direccion destino orden 347', 'Almacen Valencia, Carabobo'),
  (348, 8, 348, 360, 507, 7000348, DATE '2025-01-25', 23.00, 'Direccion destino orden 348', 'Almacen Valencia, Carabobo'),
  (349, 9, 349, 360, 508, 7000349, DATE '2025-02-26', 24.00, 'Direccion destino orden 349', 'Almacen Valencia, Carabobo'),
  (350, 10, 350, 360, 509, 7000350, DATE '2025-03-27', 25.00, 'Direccion destino orden 350', 'Almacen Valencia, Carabobo'),
  (351, 1, 351, 360, 510, 7000351, DATE '2025-04-01', 26.00, 'Direccion destino orden 351', 'Almacen Valencia, Carabobo'),
  (352, 2, 352, 360, 511, 7000352, DATE '2025-05-02', 27.00, 'Direccion destino orden 352', 'Almacen Valencia, Carabobo'),
  (353, 3, 353, 360, 512, 7000353, DATE '2025-06-03', 28.00, 'Direccion destino orden 353', 'Almacen Valencia, Carabobo'),
  (354, 4, 354, 360, 513, 7000354, DATE '2025-07-04', 29.00, 'Direccion destino orden 354', 'Almacen Valencia, Carabobo'),
  (355, 5, 355, 360, 514, 7000355, DATE '2025-08-05', 30.00, 'Direccion destino orden 355', 'Almacen Valencia, Carabobo'),
  (356, 6, 356, 360, 515, 7000356, DATE '2025-09-06', 31.00, 'Direccion destino orden 356', 'Almacen Valencia, Carabobo'),
  (357, 7, 357, 360, 516, 7000357, DATE '2025-10-07', 32.00, 'Direccion destino orden 357', 'Almacen Valencia, Carabobo'),
  (358, 8, 358, 360, 517, 7000358, DATE '2025-11-08', 33.00, 'Direccion destino orden 358', 'Almacen Valencia, Carabobo'),
  (359, 9, 359, 360, 518, 7000359, DATE '2025-12-09', 34.00, 'Direccion destino orden 359', 'Almacen Valencia, Carabobo'),
  (360, 10, 360, 360, 519, 7000360, DATE '2025-01-10', 15.00, 'Direccion destino orden 360', 'Almacen Valencia, Carabobo'),
  (361, 1, 361, 360, 520, 7000361, DATE '2025-02-11', 16.00, 'Direccion destino orden 361', 'Almacen Valencia, Carabobo'),
  (362, 2, 362, 360, 521, 7000362, DATE '2025-03-12', 17.00, 'Direccion destino orden 362', 'Almacen Valencia, Carabobo'),
  (363, 3, 363, 360, 522, 7000363, DATE '2025-04-13', 18.00, 'Direccion destino orden 363', 'Almacen Valencia, Carabobo'),
  (364, 4, 364, 360, 523, 7000364, DATE '2025-05-14', 19.00, 'Direccion destino orden 364', 'Almacen Valencia, Carabobo'),
  (365, 5, 365, 360, 524, 7000365, DATE '2025-06-15', 20.00, 'Direccion destino orden 365', 'Almacen Valencia, Carabobo'),
  (366, 6, 366, 360, 525, 7000366, DATE '2025-07-16', 21.00, 'Direccion destino orden 366', 'Almacen Valencia, Carabobo'),
  (367, 7, 367, 360, 526, 7000367, DATE '2025-08-17', 22.00, 'Direccion destino orden 367', 'Almacen Valencia, Carabobo'),
  (368, 8, 368, 360, 527, 7000368, DATE '2025-09-18', 23.00, 'Direccion destino orden 368', 'Almacen Valencia, Carabobo'),
  (369, 9, 369, 360, 528, 7000369, DATE '2025-10-19', 24.00, 'Direccion destino orden 369', 'Almacen Valencia, Carabobo'),
  (370, 10, 370, 360, 529, 7000370, DATE '2025-11-20', 25.00, 'Direccion destino orden 370', 'Almacen Valencia, Carabobo'),
  (371, 1, 371, 360, 530, 7000371, DATE '2025-12-21', 26.00, 'Direccion destino orden 371', 'Almacen Valencia, Carabobo'),
  (372, 2, 372, 360, 531, 7000372, DATE '2025-01-22', 27.00, 'Direccion destino orden 372', 'Almacen Valencia, Carabobo'),
  (373, 3, 373, 360, 532, 7000373, DATE '2025-02-23', 28.00, 'Direccion destino orden 373', 'Almacen Valencia, Carabobo'),
  (374, 4, 374, 360, 533, 7000374, DATE '2025-03-24', 29.00, 'Direccion destino orden 374', 'Almacen Valencia, Carabobo'),
  (375, 5, 375, 360, 534, 7000375, DATE '2025-04-25', 30.00, 'Direccion destino orden 375', 'Almacen Valencia, Carabobo'),
  (376, 6, 376, 360, 535, 7000376, DATE '2025-05-26', 31.00, 'Direccion destino orden 376', 'Almacen Valencia, Carabobo'),
  (377, 7, 377, 360, 536, 7000377, DATE '2025-06-27', 32.00, 'Direccion destino orden 377', 'Almacen Valencia, Carabobo'),
  (378, 8, 378, 360, 537, 7000378, DATE '2025-07-01', 33.00, 'Direccion destino orden 378', 'Almacen Valencia, Carabobo'),
  (379, 9, 379, 360, 538, 7000379, DATE '2025-08-02', 34.00, 'Direccion destino orden 379', 'Almacen Valencia, Carabobo'),
  (380, 10, 380, 360, 539, 7000380, DATE '2025-09-03', 15.00, 'Direccion destino orden 380', 'Almacen Valencia, Carabobo'),
  (381, 1, 381, 360, 540, 7000381, DATE '2025-10-04', 16.00, 'Direccion destino orden 381', 'Almacen Valencia, Carabobo'),
  (382, 2, 382, 360, 541, 7000382, DATE '2025-11-05', 17.00, 'Direccion destino orden 382', 'Almacen Valencia, Carabobo'),
  (383, 3, 383, 360, 542, 7000383, DATE '2025-12-06', 18.00, 'Direccion destino orden 383', 'Almacen Valencia, Carabobo'),
  (384, 4, 384, 360, 543, 7000384, DATE '2025-01-07', 19.00, 'Direccion destino orden 384', 'Almacen Valencia, Carabobo'),
  (385, 5, 385, 360, 544, 7000385, DATE '2025-02-08', 20.00, 'Direccion destino orden 385', 'Almacen Valencia, Carabobo'),
  (386, 6, 386, 360, 545, 7000386, DATE '2025-03-09', 21.00, 'Direccion destino orden 386', 'Almacen Valencia, Carabobo'),
  (387, 7, 387, 360, 546, 7000387, DATE '2025-04-10', 22.00, 'Direccion destino orden 387', 'Almacen Valencia, Carabobo'),
  (388, 8, 388, 360, 547, 7000388, DATE '2025-05-11', 23.00, 'Direccion destino orden 388', 'Almacen Valencia, Carabobo'),
  (389, 9, 389, 360, 548, 7000389, DATE '2025-06-12', 24.00, 'Direccion destino orden 389', 'Almacen Valencia, Carabobo'),
  (390, 10, 390, 360, 549, 7000390, DATE '2025-07-13', 25.00, 'Direccion destino orden 390', 'Almacen Valencia, Carabobo'),
  (391, 1, 391, 360, 550, 7000391, DATE '2025-08-14', 26.00, 'Direccion destino orden 391', 'Almacen Valencia, Carabobo'),
  (392, 2, 392, 360, 551, 7000392, DATE '2025-09-15', 27.00, 'Direccion destino orden 392', 'Almacen Valencia, Carabobo'),
  (393, 3, 393, 360, 552, 7000393, DATE '2025-10-16', 28.00, 'Direccion destino orden 393', 'Almacen Valencia, Carabobo'),
  (394, 4, 394, 360, 553, 7000394, DATE '2025-11-17', 29.00, 'Direccion destino orden 394', 'Almacen Valencia, Carabobo'),
  (395, 5, 395, 360, 554, 7000395, DATE '2025-12-18', 30.00, 'Direccion destino orden 395', 'Almacen Valencia, Carabobo'),
  (396, 6, 396, 360, 555, 7000396, DATE '2025-01-19', 31.00, 'Direccion destino orden 396', 'Almacen Valencia, Carabobo'),
  (397, 7, 397, 360, 556, 7000397, DATE '2025-02-20', 32.00, 'Direccion destino orden 397', 'Almacen Valencia, Carabobo'),
  (398, 8, 398, 360, 557, 7000398, DATE '2025-03-21', 33.00, 'Direccion destino orden 398', 'Almacen Valencia, Carabobo'),
  (399, 9, 399, 360, 558, 7000399, DATE '2025-04-22', 34.00, 'Direccion destino orden 399', 'Almacen Valencia, Carabobo'),
  (400, 10, 400, 360, 559, 7000400, DATE '2025-05-23', 15.00, 'Direccion destino orden 400', 'Almacen Valencia, Carabobo');

-- ============================================================================
-- CAPA D.4 — PAGO_B2C (pago inmediato, 1 por orden B2C)
-- ============================================================================
INSERT INTO PAGO_B2C (ID_ORDEN_COMPRA_B2C, PAY_ID_METODO_PAGO, ID_METODO_PAGO, TAR_ID_METODO_PAGO, TAR_ID_METODO_PAGO2, ID_MONEDA, MONTO_PAGO_B2C, FECHAHORA_PAGO_B2C) VALUES
  (1, 1, 1, 1, 1, 1, 110.2, DATE '2025-02-02'),
  (2, 2, 2, 2, 2, 4, 121.8, DATE '2025-03-03'),
  (3, 3, 3, 3, 3, 1, 133.4, DATE '2025-04-04'),
  (4, 4, 4, 4, 4, 4, 145.0, DATE '2025-05-05'),
  (5, 5, 5, 5, 5, 1, 156.6, DATE '2025-06-06'),
  (6, 6, 6, 6, 6, 4, 168.2, DATE '2025-07-07'),
  (7, 7, 7, 7, 7, 1, 179.8, DATE '2025-08-08'),
  (8, 8, 8, 8, 8, 4, 191.4, DATE '2025-09-09'),
  (9, 9, 9, 9, 9, 1, 203.0, DATE '2025-10-10'),
  (10, 10, 10, 10, 10, 4, 214.6, DATE '2025-11-11'),
  (11, 1, 1, 1, 1, 1, 226.2, DATE '2025-12-12'),
  (12, 2, 2, 2, 2, 4, 237.8, DATE '2025-01-13'),
  (13, 3, 3, 3, 3, 1, 249.4, DATE '2025-02-14'),
  (14, 4, 4, 4, 4, 4, 261.0, DATE '2025-03-15'),
  (15, 5, 5, 5, 5, 1, 272.6, DATE '2025-04-16'),
  (16, 6, 6, 6, 6, 4, 284.2, DATE '2025-05-17'),
  (17, 7, 7, 7, 7, 1, 295.8, DATE '2025-06-18'),
  (18, 8, 8, 8, 8, 4, 307.4, DATE '2025-07-19'),
  (19, 9, 9, 9, 9, 1, 319.0, DATE '2025-08-20'),
  (20, 10, 10, 10, 10, 4, 330.6, DATE '2025-09-21'),
  (21, 1, 1, 1, 1, 1, 342.2, DATE '2025-10-22'),
  (22, 2, 2, 2, 2, 4, 353.8, DATE '2025-11-23'),
  (23, 3, 3, 3, 3, 1, 191.4, DATE '2025-12-24'),
  (24, 4, 4, 4, 4, 4, 203.0, DATE '2025-01-25'),
  (25, 5, 5, 5, 5, 1, 214.6, DATE '2025-02-26'),
  (26, 6, 6, 6, 6, 4, 226.2, DATE '2025-03-27'),
  (27, 7, 7, 7, 7, 1, 237.8, DATE '2025-04-01'),
  (28, 8, 8, 8, 8, 4, 249.4, DATE '2025-05-02'),
  (29, 9, 9, 9, 9, 1, 261.0, DATE '2025-06-03'),
  (30, 10, 10, 10, 10, 4, 98.6, DATE '2025-07-04'),
  (31, 1, 1, 1, 1, 1, 110.2, DATE '2025-08-05'),
  (32, 2, 2, 2, 2, 4, 121.8, DATE '2025-09-06'),
  (33, 3, 3, 3, 3, 1, 133.4, DATE '2025-10-07'),
  (34, 4, 4, 4, 4, 4, 145.0, DATE '2025-11-08'),
  (35, 5, 5, 5, 5, 1, 156.6, DATE '2025-12-09'),
  (36, 6, 6, 6, 6, 4, 168.2, DATE '2025-01-10'),
  (37, 7, 7, 7, 7, 1, 179.8, DATE '2025-02-11'),
  (38, 8, 8, 8, 8, 4, 191.4, DATE '2025-03-12'),
  (39, 9, 9, 9, 9, 1, 203.0, DATE '2025-04-13'),
  (40, 10, 10, 10, 10, 4, 214.6, DATE '2025-05-14'),
  (41, 1, 1, 1, 1, 1, 226.2, DATE '2025-06-15'),
  (42, 2, 2, 2, 2, 4, 237.8, DATE '2025-07-16'),
  (43, 3, 3, 3, 3, 1, 249.4, DATE '2025-08-17'),
  (44, 4, 4, 4, 4, 4, 261.0, DATE '2025-09-18'),
  (45, 5, 5, 5, 5, 1, 272.6, DATE '2025-10-19'),
  (46, 6, 6, 6, 6, 4, 284.2, DATE '2025-11-20'),
  (47, 7, 7, 7, 7, 1, 295.8, DATE '2025-12-21'),
  (48, 8, 8, 8, 8, 4, 307.4, DATE '2025-01-22'),
  (49, 9, 9, 9, 9, 1, 319.0, DATE '2025-02-23'),
  (50, 10, 10, 10, 10, 4, 330.6, DATE '2025-03-24'),
  (51, 1, 1, 1, 1, 1, 342.2, DATE '2025-04-25'),
  (52, 2, 2, 2, 2, 4, 353.8, DATE '2025-05-26'),
  (53, 3, 3, 3, 3, 1, 191.4, DATE '2025-06-27'),
  (54, 4, 4, 4, 4, 4, 203.0, DATE '2025-07-01'),
  (55, 5, 5, 5, 5, 1, 214.6, DATE '2025-08-02'),
  (56, 6, 6, 6, 6, 4, 226.2, DATE '2025-09-03'),
  (57, 7, 7, 7, 7, 1, 237.8, DATE '2025-10-04'),
  (58, 8, 8, 8, 8, 4, 249.4, DATE '2025-11-05'),
  (59, 9, 9, 9, 9, 1, 261.0, DATE '2025-12-06'),
  (60, 10, 10, 10, 10, 4, 98.6, DATE '2025-01-07'),
  (61, 1, 1, 1, 1, 1, 110.2, DATE '2025-02-08'),
  (62, 2, 2, 2, 2, 4, 121.8, DATE '2025-03-09'),
  (63, 3, 3, 3, 3, 1, 133.4, DATE '2025-04-10'),
  (64, 4, 4, 4, 4, 4, 145.0, DATE '2025-05-11'),
  (65, 5, 5, 5, 5, 1, 156.6, DATE '2025-06-12'),
  (66, 6, 6, 6, 6, 4, 168.2, DATE '2025-07-13'),
  (67, 7, 7, 7, 7, 1, 179.8, DATE '2025-08-14'),
  (68, 8, 8, 8, 8, 4, 191.4, DATE '2025-09-15'),
  (69, 9, 9, 9, 9, 1, 203.0, DATE '2025-10-16'),
  (70, 10, 10, 10, 10, 4, 214.6, DATE '2025-11-17'),
  (71, 1, 1, 1, 1, 1, 226.2, DATE '2025-12-18'),
  (72, 2, 2, 2, 2, 4, 237.8, DATE '2025-01-19'),
  (73, 3, 3, 3, 3, 1, 249.4, DATE '2025-02-20'),
  (74, 4, 4, 4, 4, 4, 261.0, DATE '2025-03-21'),
  (75, 5, 5, 5, 5, 1, 272.6, DATE '2025-04-22'),
  (76, 6, 6, 6, 6, 4, 284.2, DATE '2025-05-23'),
  (77, 7, 7, 7, 7, 1, 295.8, DATE '2025-06-24'),
  (78, 8, 8, 8, 8, 4, 307.4, DATE '2025-07-25'),
  (79, 9, 9, 9, 9, 1, 319.0, DATE '2025-08-26'),
  (80, 10, 10, 10, 10, 4, 330.6, DATE '2025-09-27'),
  (81, 1, 1, 1, 1, 1, 342.2, DATE '2025-10-01'),
  (82, 2, 2, 2, 2, 4, 353.8, DATE '2025-11-02'),
  (83, 3, 3, 3, 3, 1, 191.4, DATE '2025-12-03'),
  (84, 4, 4, 4, 4, 4, 203.0, DATE '2025-01-04'),
  (85, 5, 5, 5, 5, 1, 214.6, DATE '2025-02-05'),
  (86, 6, 6, 6, 6, 4, 226.2, DATE '2025-03-06'),
  (87, 7, 7, 7, 7, 1, 237.8, DATE '2025-04-07'),
  (88, 8, 8, 8, 8, 4, 249.4, DATE '2025-05-08'),
  (89, 9, 9, 9, 9, 1, 261.0, DATE '2025-06-09'),
  (90, 10, 10, 10, 10, 4, 98.6, DATE '2025-07-10'),
  (91, 1, 1, 1, 1, 1, 110.2, DATE '2025-08-11'),
  (92, 2, 2, 2, 2, 4, 121.8, DATE '2025-09-12'),
  (93, 3, 3, 3, 3, 1, 133.4, DATE '2025-10-13'),
  (94, 4, 4, 4, 4, 4, 145.0, DATE '2025-11-14'),
  (95, 5, 5, 5, 5, 1, 156.6, DATE '2025-12-15'),
  (96, 6, 6, 6, 6, 4, 168.2, DATE '2025-01-16'),
  (97, 7, 7, 7, 7, 1, 179.8, DATE '2025-02-17'),
  (98, 8, 8, 8, 8, 4, 191.4, DATE '2025-03-18'),
  (99, 9, 9, 9, 9, 1, 203.0, DATE '2025-04-19'),
  (100, 10, 10, 10, 10, 4, 214.6, DATE '2025-05-20'),
  (101, 1, 1, 1, 1, 1, 226.2, DATE '2025-06-21'),
  (102, 2, 2, 2, 2, 4, 237.8, DATE '2025-07-22'),
  (103, 3, 3, 3, 3, 1, 249.4, DATE '2025-08-23'),
  (104, 4, 4, 4, 4, 4, 261.0, DATE '2025-09-24'),
  (105, 5, 5, 5, 5, 1, 272.6, DATE '2025-10-25'),
  (106, 6, 6, 6, 6, 4, 284.2, DATE '2025-11-26'),
  (107, 7, 7, 7, 7, 1, 295.8, DATE '2025-12-27'),
  (108, 8, 8, 8, 8, 4, 307.4, DATE '2025-01-01'),
  (109, 9, 9, 9, 9, 1, 319.0, DATE '2025-02-02'),
  (110, 10, 10, 10, 10, 4, 330.6, DATE '2025-03-03'),
  (111, 1, 1, 1, 1, 1, 342.2, DATE '2025-04-04'),
  (112, 2, 2, 2, 2, 4, 353.8, DATE '2025-05-05'),
  (113, 3, 3, 3, 3, 1, 191.4, DATE '2025-06-06'),
  (114, 4, 4, 4, 4, 4, 203.0, DATE '2025-07-07'),
  (115, 5, 5, 5, 5, 1, 214.6, DATE '2025-08-08'),
  (116, 6, 6, 6, 6, 4, 226.2, DATE '2025-09-09'),
  (117, 7, 7, 7, 7, 1, 237.8, DATE '2025-10-10'),
  (118, 8, 8, 8, 8, 4, 249.4, DATE '2025-11-11'),
  (119, 9, 9, 9, 9, 1, 261.0, DATE '2025-12-12'),
  (120, 10, 10, 10, 10, 4, 98.6, DATE '2025-01-13'),
  (121, 1, 1, 1, 1, 1, 110.2, DATE '2025-02-14'),
  (122, 2, 2, 2, 2, 4, 121.8, DATE '2025-03-15'),
  (123, 3, 3, 3, 3, 1, 133.4, DATE '2025-04-16'),
  (124, 4, 4, 4, 4, 4, 145.0, DATE '2025-05-17'),
  (125, 5, 5, 5, 5, 1, 156.6, DATE '2025-06-18'),
  (126, 6, 6, 6, 6, 4, 168.2, DATE '2025-07-19'),
  (127, 7, 7, 7, 7, 1, 179.8, DATE '2025-08-20'),
  (128, 8, 8, 8, 8, 4, 191.4, DATE '2025-09-21'),
  (129, 9, 9, 9, 9, 1, 203.0, DATE '2025-10-22'),
  (130, 10, 10, 10, 10, 4, 214.6, DATE '2025-11-23'),
  (131, 1, 1, 1, 1, 1, 226.2, DATE '2025-12-24'),
  (132, 2, 2, 2, 2, 4, 237.8, DATE '2025-01-25'),
  (133, 3, 3, 3, 3, 1, 249.4, DATE '2025-02-26'),
  (134, 4, 4, 4, 4, 4, 261.0, DATE '2025-03-27'),
  (135, 5, 5, 5, 5, 1, 272.6, DATE '2025-04-01'),
  (136, 6, 6, 6, 6, 4, 284.2, DATE '2025-05-02'),
  (137, 7, 7, 7, 7, 1, 295.8, DATE '2025-06-03'),
  (138, 8, 8, 8, 8, 4, 307.4, DATE '2025-07-04'),
  (139, 9, 9, 9, 9, 1, 319.0, DATE '2025-08-05'),
  (140, 10, 10, 10, 10, 4, 330.6, DATE '2025-09-06'),
  (141, 1, 1, 1, 1, 1, 342.2, DATE '2025-10-07'),
  (142, 2, 2, 2, 2, 4, 353.8, DATE '2025-11-08'),
  (143, 3, 3, 3, 3, 1, 191.4, DATE '2025-12-09'),
  (144, 4, 4, 4, 4, 4, 203.0, DATE '2025-01-10'),
  (145, 5, 5, 5, 5, 1, 214.6, DATE '2025-02-11'),
  (146, 6, 6, 6, 6, 4, 226.2, DATE '2025-03-12'),
  (147, 7, 7, 7, 7, 1, 237.8, DATE '2025-04-13'),
  (148, 8, 8, 8, 8, 4, 249.4, DATE '2025-05-14'),
  (149, 9, 9, 9, 9, 1, 261.0, DATE '2025-06-15'),
  (150, 10, 10, 10, 10, 4, 98.6, DATE '2025-07-16'),
  (151, 1, 1, 1, 1, 1, 110.2, DATE '2025-08-17'),
  (152, 2, 2, 2, 2, 4, 121.8, DATE '2025-09-18'),
  (153, 3, 3, 3, 3, 1, 133.4, DATE '2025-10-19'),
  (154, 4, 4, 4, 4, 4, 145.0, DATE '2025-11-20'),
  (155, 5, 5, 5, 5, 1, 156.6, DATE '2025-12-21'),
  (156, 6, 6, 6, 6, 4, 168.2, DATE '2025-01-22'),
  (157, 7, 7, 7, 7, 1, 179.8, DATE '2025-02-23'),
  (158, 8, 8, 8, 8, 4, 191.4, DATE '2025-03-24'),
  (159, 9, 9, 9, 9, 1, 203.0, DATE '2025-04-25'),
  (160, 10, 10, 10, 10, 4, 214.6, DATE '2025-05-26'),
  (161, 1, 1, 1, 1, 1, 226.2, DATE '2025-06-27'),
  (162, 2, 2, 2, 2, 4, 237.8, DATE '2025-07-01'),
  (163, 3, 3, 3, 3, 1, 249.4, DATE '2025-08-02'),
  (164, 4, 4, 4, 4, 4, 261.0, DATE '2025-09-03'),
  (165, 5, 5, 5, 5, 1, 272.6, DATE '2025-10-04'),
  (166, 6, 6, 6, 6, 4, 284.2, DATE '2025-11-05'),
  (167, 7, 7, 7, 7, 1, 295.8, DATE '2025-12-06'),
  (168, 8, 8, 8, 8, 4, 307.4, DATE '2025-01-07'),
  (169, 9, 9, 9, 9, 1, 319.0, DATE '2025-02-08'),
  (170, 10, 10, 10, 10, 4, 330.6, DATE '2025-03-09'),
  (171, 1, 1, 1, 1, 1, 342.2, DATE '2025-04-10'),
  (172, 2, 2, 2, 2, 4, 353.8, DATE '2025-05-11'),
  (173, 3, 3, 3, 3, 1, 191.4, DATE '2025-06-12'),
  (174, 4, 4, 4, 4, 4, 203.0, DATE '2025-07-13'),
  (175, 5, 5, 5, 5, 1, 214.6, DATE '2025-08-14'),
  (176, 6, 6, 6, 6, 4, 226.2, DATE '2025-09-15'),
  (177, 7, 7, 7, 7, 1, 237.8, DATE '2025-10-16'),
  (178, 8, 8, 8, 8, 4, 249.4, DATE '2025-11-17'),
  (179, 9, 9, 9, 9, 1, 261.0, DATE '2025-12-18'),
  (180, 10, 10, 10, 10, 4, 98.6, DATE '2025-01-19'),
  (181, 1, 1, 1, 1, 1, 110.2, DATE '2025-02-20'),
  (182, 2, 2, 2, 2, 4, 121.8, DATE '2025-03-21'),
  (183, 3, 3, 3, 3, 1, 133.4, DATE '2025-04-22'),
  (184, 4, 4, 4, 4, 4, 145.0, DATE '2025-05-23'),
  (185, 5, 5, 5, 5, 1, 156.6, DATE '2025-06-24'),
  (186, 6, 6, 6, 6, 4, 168.2, DATE '2025-07-25'),
  (187, 7, 7, 7, 7, 1, 179.8, DATE '2025-08-26'),
  (188, 8, 8, 8, 8, 4, 191.4, DATE '2025-09-27'),
  (189, 9, 9, 9, 9, 1, 203.0, DATE '2025-10-01'),
  (190, 10, 10, 10, 10, 4, 214.6, DATE '2025-11-02'),
  (191, 1, 1, 1, 1, 1, 226.2, DATE '2025-12-03'),
  (192, 2, 2, 2, 2, 4, 237.8, DATE '2025-01-04'),
  (193, 3, 3, 3, 3, 1, 249.4, DATE '2025-02-05'),
  (194, 4, 4, 4, 4, 4, 261.0, DATE '2025-03-06'),
  (195, 5, 5, 5, 5, 1, 272.6, DATE '2025-04-07'),
  (196, 6, 6, 6, 6, 4, 284.2, DATE '2025-05-08'),
  (197, 7, 7, 7, 7, 1, 295.8, DATE '2025-06-09'),
  (198, 8, 8, 8, 8, 4, 307.4, DATE '2025-07-10'),
  (199, 9, 9, 9, 9, 1, 319.0, DATE '2025-08-11'),
  (200, 10, 10, 10, 10, 4, 330.6, DATE '2025-09-12'),
  (201, 1, 1, 1, 1, 1, 342.2, DATE '2025-10-13'),
  (202, 2, 2, 2, 2, 4, 353.8, DATE '2025-11-14'),
  (203, 3, 3, 3, 3, 1, 191.4, DATE '2025-12-15'),
  (204, 4, 4, 4, 4, 4, 203.0, DATE '2025-01-16'),
  (205, 5, 5, 5, 5, 1, 214.6, DATE '2025-02-17'),
  (206, 6, 6, 6, 6, 4, 226.2, DATE '2025-03-18'),
  (207, 7, 7, 7, 7, 1, 237.8, DATE '2025-04-19'),
  (208, 8, 8, 8, 8, 4, 249.4, DATE '2025-05-20'),
  (209, 9, 9, 9, 9, 1, 261.0, DATE '2025-06-21'),
  (210, 10, 10, 10, 10, 4, 98.6, DATE '2025-07-22'),
  (211, 1, 1, 1, 1, 1, 110.2, DATE '2025-08-23'),
  (212, 2, 2, 2, 2, 4, 121.8, DATE '2025-09-24'),
  (213, 3, 3, 3, 3, 1, 133.4, DATE '2025-10-25'),
  (214, 4, 4, 4, 4, 4, 145.0, DATE '2025-11-26'),
  (215, 5, 5, 5, 5, 1, 156.6, DATE '2025-12-27'),
  (216, 6, 6, 6, 6, 4, 168.2, DATE '2025-01-01'),
  (217, 7, 7, 7, 7, 1, 179.8, DATE '2025-02-02'),
  (218, 8, 8, 8, 8, 4, 191.4, DATE '2025-03-03'),
  (219, 9, 9, 9, 9, 1, 203.0, DATE '2025-04-04'),
  (220, 10, 10, 10, 10, 4, 214.6, DATE '2025-05-05'),
  (221, 1, 1, 1, 1, 1, 226.2, DATE '2025-06-06'),
  (222, 2, 2, 2, 2, 4, 237.8, DATE '2025-07-07'),
  (223, 3, 3, 3, 3, 1, 249.4, DATE '2025-08-08'),
  (224, 4, 4, 4, 4, 4, 261.0, DATE '2025-09-09'),
  (225, 5, 5, 5, 5, 1, 272.6, DATE '2025-10-10'),
  (226, 6, 6, 6, 6, 4, 284.2, DATE '2025-11-11'),
  (227, 7, 7, 7, 7, 1, 295.8, DATE '2025-12-12'),
  (228, 8, 8, 8, 8, 4, 307.4, DATE '2025-01-13'),
  (229, 9, 9, 9, 9, 1, 319.0, DATE '2025-02-14'),
  (230, 10, 10, 10, 10, 4, 330.6, DATE '2025-03-15'),
  (231, 1, 1, 1, 1, 1, 342.2, DATE '2025-04-16'),
  (232, 2, 2, 2, 2, 4, 353.8, DATE '2025-05-17'),
  (233, 3, 3, 3, 3, 1, 191.4, DATE '2025-06-18'),
  (234, 4, 4, 4, 4, 4, 203.0, DATE '2025-07-19'),
  (235, 5, 5, 5, 5, 1, 214.6, DATE '2025-08-20'),
  (236, 6, 6, 6, 6, 4, 226.2, DATE '2025-09-21'),
  (237, 7, 7, 7, 7, 1, 237.8, DATE '2025-10-22'),
  (238, 8, 8, 8, 8, 4, 249.4, DATE '2025-11-23'),
  (239, 9, 9, 9, 9, 1, 261.0, DATE '2025-12-24'),
  (240, 10, 10, 10, 10, 4, 98.6, DATE '2025-01-25'),
  (241, 1, 1, 1, 1, 1, 110.2, DATE '2025-02-26'),
  (242, 2, 2, 2, 2, 4, 121.8, DATE '2025-03-27'),
  (243, 3, 3, 3, 3, 1, 133.4, DATE '2025-04-01'),
  (244, 4, 4, 4, 4, 4, 145.0, DATE '2025-05-02'),
  (245, 5, 5, 5, 5, 1, 156.6, DATE '2025-06-03'),
  (246, 6, 6, 6, 6, 4, 168.2, DATE '2025-07-04'),
  (247, 7, 7, 7, 7, 1, 179.8, DATE '2025-08-05'),
  (248, 8, 8, 8, 8, 4, 191.4, DATE '2025-09-06'),
  (249, 9, 9, 9, 9, 1, 203.0, DATE '2025-10-07'),
  (250, 10, 10, 10, 10, 4, 214.6, DATE '2025-11-08'),
  (251, 1, 1, 1, 1, 1, 226.2, DATE '2025-12-09'),
  (252, 2, 2, 2, 2, 4, 237.8, DATE '2025-01-10'),
  (253, 3, 3, 3, 3, 1, 249.4, DATE '2025-02-11'),
  (254, 4, 4, 4, 4, 4, 261.0, DATE '2025-03-12'),
  (255, 5, 5, 5, 5, 1, 272.6, DATE '2025-04-13'),
  (256, 6, 6, 6, 6, 4, 284.2, DATE '2025-05-14'),
  (257, 7, 7, 7, 7, 1, 295.8, DATE '2025-06-15'),
  (258, 8, 8, 8, 8, 4, 307.4, DATE '2025-07-16'),
  (259, 9, 9, 9, 9, 1, 319.0, DATE '2025-08-17'),
  (260, 10, 10, 10, 10, 4, 330.6, DATE '2025-09-18'),
  (261, 1, 1, 1, 1, 1, 342.2, DATE '2025-10-19'),
  (262, 2, 2, 2, 2, 4, 353.8, DATE '2025-11-20'),
  (263, 3, 3, 3, 3, 1, 191.4, DATE '2025-12-21'),
  (264, 4, 4, 4, 4, 4, 203.0, DATE '2025-01-22'),
  (265, 5, 5, 5, 5, 1, 214.6, DATE '2025-02-23'),
  (266, 6, 6, 6, 6, 4, 226.2, DATE '2025-03-24'),
  (267, 7, 7, 7, 7, 1, 237.8, DATE '2025-04-25'),
  (268, 8, 8, 8, 8, 4, 249.4, DATE '2025-05-26'),
  (269, 9, 9, 9, 9, 1, 261.0, DATE '2025-06-27'),
  (270, 10, 10, 10, 10, 4, 98.6, DATE '2025-07-01'),
  (271, 1, 1, 1, 1, 1, 110.2, DATE '2025-08-02'),
  (272, 2, 2, 2, 2, 4, 121.8, DATE '2025-09-03'),
  (273, 3, 3, 3, 3, 1, 133.4, DATE '2025-10-04'),
  (274, 4, 4, 4, 4, 4, 145.0, DATE '2025-11-05'),
  (275, 5, 5, 5, 5, 1, 156.6, DATE '2025-12-06'),
  (276, 6, 6, 6, 6, 4, 168.2, DATE '2025-01-07'),
  (277, 7, 7, 7, 7, 1, 179.8, DATE '2025-02-08'),
  (278, 8, 8, 8, 8, 4, 191.4, DATE '2025-03-09'),
  (279, 9, 9, 9, 9, 1, 203.0, DATE '2025-04-10'),
  (280, 10, 10, 10, 10, 4, 214.6, DATE '2025-05-11'),
  (281, 1, 1, 1, 1, 1, 226.2, DATE '2025-06-12'),
  (282, 2, 2, 2, 2, 4, 237.8, DATE '2025-07-13'),
  (283, 3, 3, 3, 3, 1, 249.4, DATE '2025-08-14'),
  (284, 4, 4, 4, 4, 4, 261.0, DATE '2025-09-15'),
  (285, 5, 5, 5, 5, 1, 272.6, DATE '2025-10-16'),
  (286, 6, 6, 6, 6, 4, 284.2, DATE '2025-11-17'),
  (287, 7, 7, 7, 7, 1, 295.8, DATE '2025-12-18'),
  (288, 8, 8, 8, 8, 4, 307.4, DATE '2025-01-19'),
  (289, 9, 9, 9, 9, 1, 319.0, DATE '2025-02-20'),
  (290, 10, 10, 10, 10, 4, 330.6, DATE '2025-03-21'),
  (291, 1, 1, 1, 1, 1, 342.2, DATE '2025-04-22'),
  (292, 2, 2, 2, 2, 4, 353.8, DATE '2025-05-23'),
  (293, 3, 3, 3, 3, 1, 191.4, DATE '2025-06-24'),
  (294, 4, 4, 4, 4, 4, 203.0, DATE '2025-07-25'),
  (295, 5, 5, 5, 5, 1, 214.6, DATE '2025-08-26'),
  (296, 6, 6, 6, 6, 4, 226.2, DATE '2025-09-27'),
  (297, 7, 7, 7, 7, 1, 237.8, DATE '2025-10-01'),
  (298, 8, 8, 8, 8, 4, 249.4, DATE '2025-11-02'),
  (299, 9, 9, 9, 9, 1, 261.0, DATE '2025-12-03'),
  (300, 10, 10, 10, 10, 4, 98.6, DATE '2025-01-04'),
  (301, 1, 1, 1, 1, 1, 110.2, DATE '2025-02-05'),
  (302, 2, 2, 2, 2, 4, 121.8, DATE '2025-03-06'),
  (303, 3, 3, 3, 3, 1, 133.4, DATE '2025-04-07'),
  (304, 4, 4, 4, 4, 4, 145.0, DATE '2025-05-08'),
  (305, 5, 5, 5, 5, 1, 156.6, DATE '2025-06-09'),
  (306, 6, 6, 6, 6, 4, 168.2, DATE '2025-07-10'),
  (307, 7, 7, 7, 7, 1, 179.8, DATE '2025-08-11'),
  (308, 8, 8, 8, 8, 4, 191.4, DATE '2025-09-12'),
  (309, 9, 9, 9, 9, 1, 203.0, DATE '2025-10-13'),
  (310, 10, 10, 10, 10, 4, 214.6, DATE '2025-11-14'),
  (311, 1, 1, 1, 1, 1, 226.2, DATE '2025-12-15'),
  (312, 2, 2, 2, 2, 4, 237.8, DATE '2025-01-16'),
  (313, 3, 3, 3, 3, 1, 249.4, DATE '2025-02-17'),
  (314, 4, 4, 4, 4, 4, 261.0, DATE '2025-03-18'),
  (315, 5, 5, 5, 5, 1, 272.6, DATE '2025-04-19'),
  (316, 6, 6, 6, 6, 4, 284.2, DATE '2025-05-20'),
  (317, 7, 7, 7, 7, 1, 295.8, DATE '2025-06-21'),
  (318, 8, 8, 8, 8, 4, 307.4, DATE '2025-07-22'),
  (319, 9, 9, 9, 9, 1, 319.0, DATE '2025-08-23'),
  (320, 10, 10, 10, 10, 4, 330.6, DATE '2025-09-24'),
  (321, 1, 1, 1, 1, 1, 342.2, DATE '2025-10-25'),
  (322, 2, 2, 2, 2, 4, 353.8, DATE '2025-11-26'),
  (323, 3, 3, 3, 3, 1, 191.4, DATE '2025-12-27'),
  (324, 4, 4, 4, 4, 4, 203.0, DATE '2025-01-01'),
  (325, 5, 5, 5, 5, 1, 214.6, DATE '2025-02-02'),
  (326, 6, 6, 6, 6, 4, 226.2, DATE '2025-03-03'),
  (327, 7, 7, 7, 7, 1, 237.8, DATE '2025-04-04'),
  (328, 8, 8, 8, 8, 4, 249.4, DATE '2025-05-05'),
  (329, 9, 9, 9, 9, 1, 261.0, DATE '2025-06-06'),
  (330, 10, 10, 10, 10, 4, 98.6, DATE '2025-07-07'),
  (331, 1, 1, 1, 1, 1, 110.2, DATE '2025-08-08'),
  (332, 2, 2, 2, 2, 4, 121.8, DATE '2025-09-09'),
  (333, 3, 3, 3, 3, 1, 133.4, DATE '2025-10-10'),
  (334, 4, 4, 4, 4, 4, 145.0, DATE '2025-11-11'),
  (335, 5, 5, 5, 5, 1, 156.6, DATE '2025-12-12'),
  (336, 6, 6, 6, 6, 4, 168.2, DATE '2025-01-13'),
  (337, 7, 7, 7, 7, 1, 179.8, DATE '2025-02-14'),
  (338, 8, 8, 8, 8, 4, 191.4, DATE '2025-03-15'),
  (339, 9, 9, 9, 9, 1, 203.0, DATE '2025-04-16'),
  (340, 10, 10, 10, 10, 4, 214.6, DATE '2025-05-17'),
  (341, 1, 1, 1, 1, 1, 226.2, DATE '2025-06-18'),
  (342, 2, 2, 2, 2, 4, 237.8, DATE '2025-07-19'),
  (343, 3, 3, 3, 3, 1, 249.4, DATE '2025-08-20'),
  (344, 4, 4, 4, 4, 4, 261.0, DATE '2025-09-21'),
  (345, 5, 5, 5, 5, 1, 272.6, DATE '2025-10-22'),
  (346, 6, 6, 6, 6, 4, 284.2, DATE '2025-11-23'),
  (347, 7, 7, 7, 7, 1, 295.8, DATE '2025-12-24'),
  (348, 8, 8, 8, 8, 4, 307.4, DATE '2025-01-25'),
  (349, 9, 9, 9, 9, 1, 319.0, DATE '2025-02-26'),
  (350, 10, 10, 10, 10, 4, 330.6, DATE '2025-03-27'),
  (351, 1, 1, 1, 1, 1, 342.2, DATE '2025-04-01'),
  (352, 2, 2, 2, 2, 4, 353.8, DATE '2025-05-02'),
  (353, 3, 3, 3, 3, 1, 191.4, DATE '2025-06-03'),
  (354, 4, 4, 4, 4, 4, 203.0, DATE '2025-07-04'),
  (355, 5, 5, 5, 5, 1, 214.6, DATE '2025-08-05'),
  (356, 6, 6, 6, 6, 4, 226.2, DATE '2025-09-06'),
  (357, 7, 7, 7, 7, 1, 237.8, DATE '2025-10-07'),
  (358, 8, 8, 8, 8, 4, 249.4, DATE '2025-11-08'),
  (359, 9, 9, 9, 9, 1, 261.0, DATE '2025-12-09'),
  (360, 10, 10, 10, 10, 4, 98.6, DATE '2025-01-10'),
  (361, 1, 1, 1, 1, 1, 110.2, DATE '2025-02-11'),
  (362, 2, 2, 2, 2, 4, 121.8, DATE '2025-03-12'),
  (363, 3, 3, 3, 3, 1, 133.4, DATE '2025-04-13'),
  (364, 4, 4, 4, 4, 4, 145.0, DATE '2025-05-14'),
  (365, 5, 5, 5, 5, 1, 156.6, DATE '2025-06-15'),
  (366, 6, 6, 6, 6, 4, 168.2, DATE '2025-07-16'),
  (367, 7, 7, 7, 7, 1, 179.8, DATE '2025-08-17'),
  (368, 8, 8, 8, 8, 4, 191.4, DATE '2025-09-18'),
  (369, 9, 9, 9, 9, 1, 203.0, DATE '2025-10-19'),
  (370, 10, 10, 10, 10, 4, 214.6, DATE '2025-11-20'),
  (371, 1, 1, 1, 1, 1, 226.2, DATE '2025-12-21'),
  (372, 2, 2, 2, 2, 4, 237.8, DATE '2025-01-22'),
  (373, 3, 3, 3, 3, 1, 249.4, DATE '2025-02-23'),
  (374, 4, 4, 4, 4, 4, 261.0, DATE '2025-03-24'),
  (375, 5, 5, 5, 5, 1, 272.6, DATE '2025-04-25'),
  (376, 6, 6, 6, 6, 4, 284.2, DATE '2025-05-26'),
  (377, 7, 7, 7, 7, 1, 295.8, DATE '2025-06-27'),
  (378, 8, 8, 8, 8, 4, 307.4, DATE '2025-07-01'),
  (379, 9, 9, 9, 9, 1, 319.0, DATE '2025-08-02'),
  (380, 10, 10, 10, 10, 4, 330.6, DATE '2025-09-03'),
  (381, 1, 1, 1, 1, 1, 342.2, DATE '2025-10-04'),
  (382, 2, 2, 2, 2, 4, 353.8, DATE '2025-11-05'),
  (383, 3, 3, 3, 3, 1, 191.4, DATE '2025-12-06'),
  (384, 4, 4, 4, 4, 4, 203.0, DATE '2025-01-07'),
  (385, 5, 5, 5, 5, 1, 214.6, DATE '2025-02-08'),
  (386, 6, 6, 6, 6, 4, 226.2, DATE '2025-03-09'),
  (387, 7, 7, 7, 7, 1, 237.8, DATE '2025-04-10'),
  (388, 8, 8, 8, 8, 4, 249.4, DATE '2025-05-11'),
  (389, 9, 9, 9, 9, 1, 261.0, DATE '2025-06-12'),
  (390, 10, 10, 10, 10, 4, 98.6, DATE '2025-07-13'),
  (391, 1, 1, 1, 1, 1, 110.2, DATE '2025-08-14'),
  (392, 2, 2, 2, 2, 4, 121.8, DATE '2025-09-15'),
  (393, 3, 3, 3, 3, 1, 133.4, DATE '2025-10-16'),
  (394, 4, 4, 4, 4, 4, 145.0, DATE '2025-11-17'),
  (395, 5, 5, 5, 5, 1, 156.6, DATE '2025-12-18'),
  (396, 6, 6, 6, 6, 4, 168.2, DATE '2025-01-19'),
  (397, 7, 7, 7, 7, 1, 179.8, DATE '2025-02-20'),
  (398, 8, 8, 8, 8, 4, 191.4, DATE '2025-03-21'),
  (399, 9, 9, 9, 9, 1, 203.0, DATE '2025-04-22'),
  (400, 10, 10, 10, 10, 4, 214.6, DATE '2025-05-23');

-- ============================================================================
-- CAPA D.5 — Maquina de estados: ESTATUS + HISTORICO
-- ============================================================================
INSERT INTO ESTATUS_ORDEN_COMPRA_B2C (ID_ESTATUS_B2C, NOMBRE_ESTATUS_ORDEN_B2C, DESCRIPCION_ESTATUS_ORDEN_B2C) VALUES
  (1, 'Emitida', 'La orden fue creada pero no validada'),
  (2, 'Validada', 'Se verifico credito (B2B) o pago (B2C)'),
  (3, 'En preparacion', 'El almacen busca y empaca los productos'),
  (4, 'Despachada', 'Entregado al transportista/courier'),
  (5, 'Entregada', 'Confirmacion de recepcion final'),
  (6, 'Facturada', 'Se genero el documento fiscal'),
  (7, 'Cobrada', 'El dinero ingreso a las cuentas de MattelUCAB'),
  (8, 'Cancelada', 'Anulada antes de despacho'),
  (9, 'Devuelta', 'Logistica inversa por defecto de calidad');

INSERT INTO ESTATUS_ORDEN_B2B (ID_ESTATUS_ORDEN_B2B, NOMBRE_ESTATUS_ORDEN_B2B, DESCRIPCION_ORDEN_B2B) VALUES
  (1, 'Emitida', 'La orden fue creada pero no validada'),
  (2, 'Validada', 'Se verifico credito (B2B) o pago (B2C)'),
  (3, 'En preparacion', 'El almacen busca y empaca los productos'),
  (4, 'Despachada', 'Entregado al transportista/courier'),
  (5, 'Entregada', 'Confirmacion de recepcion final'),
  (6, 'Facturada', 'Se genero el documento fiscal'),
  (7, 'Cobrada', 'El dinero ingreso a las cuentas de MattelUCAB'),
  (8, 'Cancelada', 'Anulada antes de despacho'),
  (9, 'Devuelta', 'Logistica inversa por defecto de calidad');

INSERT INTO HISTORICO_ORDEN_COMPRA_B2C (ID_ESTATUS_B2C, ID_ORDEN_COMPRA_B2C, FECHAHORA_INICIO_COMPRA_B2C, FECHAHORA_FIN_COMPRA_B2C) VALUES
  (1, 1, DATE '2025-02-01', DATE '2025-02-02'),
  (3, 1, DATE '2025-02-03', NULL),
  (1, 2, DATE '2025-03-01', DATE '2025-03-02'),
  (4, 2, DATE '2025-03-03', NULL),
  (1, 3, DATE '2025-04-01', DATE '2025-04-02'),
  (5, 3, DATE '2025-04-03', NULL),
  (1, 4, DATE '2025-05-01', DATE '2025-05-02'),
  (6, 4, DATE '2025-05-03', NULL),
  (1, 5, DATE '2025-06-01', DATE '2025-06-02'),
  (7, 5, DATE '2025-06-03', NULL),
  (1, 6, DATE '2025-07-01', DATE '2025-07-02'),
  (8, 6, DATE '2025-07-03', NULL),
  (1, 7, DATE '2025-08-01', DATE '2025-08-02'),
  (9, 7, DATE '2025-08-03', NULL),
  (1, 8, DATE '2025-09-01', DATE '2025-09-02'),
  (2, 8, DATE '2025-09-03', NULL),
  (1, 9, DATE '2025-10-01', DATE '2025-10-02'),
  (3, 9, DATE '2025-10-03', NULL),
  (1, 10, DATE '2025-11-01', DATE '2025-11-02'),
  (4, 10, DATE '2025-11-03', NULL),
  (1, 11, DATE '2025-12-01', DATE '2025-12-02'),
  (5, 11, DATE '2025-12-03', NULL),
  (1, 12, DATE '2025-01-01', DATE '2025-01-02'),
  (6, 12, DATE '2025-01-03', NULL),
  (1, 13, DATE '2025-02-01', DATE '2025-02-02'),
  (7, 13, DATE '2025-02-03', NULL),
  (1, 14, DATE '2025-03-01', DATE '2025-03-02'),
  (8, 14, DATE '2025-03-03', NULL),
  (1, 15, DATE '2025-04-01', DATE '2025-04-02'),
  (9, 15, DATE '2025-04-03', NULL),
  (1, 16, DATE '2025-05-01', DATE '2025-05-02'),
  (2, 16, DATE '2025-05-03', NULL),
  (1, 17, DATE '2025-06-01', DATE '2025-06-02'),
  (3, 17, DATE '2025-06-03', NULL),
  (1, 18, DATE '2025-07-01', DATE '2025-07-02'),
  (4, 18, DATE '2025-07-03', NULL),
  (1, 19, DATE '2025-08-01', DATE '2025-08-02'),
  (5, 19, DATE '2025-08-03', NULL),
  (1, 20, DATE '2025-09-01', DATE '2025-09-02'),
  (6, 20, DATE '2025-09-03', NULL),
  (1, 21, DATE '2025-10-01', DATE '2025-10-02'),
  (7, 21, DATE '2025-10-03', NULL),
  (1, 22, DATE '2025-11-01', DATE '2025-11-02'),
  (8, 22, DATE '2025-11-03', NULL),
  (1, 23, DATE '2025-12-01', DATE '2025-12-02'),
  (9, 23, DATE '2025-12-03', NULL),
  (1, 24, DATE '2025-01-01', DATE '2025-01-02'),
  (2, 24, DATE '2025-01-03', NULL),
  (1, 25, DATE '2025-02-01', DATE '2025-02-02'),
  (3, 25, DATE '2025-02-03', NULL),
  (1, 26, DATE '2025-03-01', DATE '2025-03-02'),
  (4, 26, DATE '2025-03-03', NULL),
  (1, 27, DATE '2025-04-01', DATE '2025-04-02'),
  (5, 27, DATE '2025-04-03', NULL),
  (1, 28, DATE '2025-05-01', DATE '2025-05-02'),
  (6, 28, DATE '2025-05-03', NULL),
  (1, 29, DATE '2025-06-01', DATE '2025-06-02'),
  (7, 29, DATE '2025-06-03', NULL),
  (1, 30, DATE '2025-07-01', DATE '2025-07-02'),
  (8, 30, DATE '2025-07-03', NULL),
  (1, 31, DATE '2025-08-01', DATE '2025-08-02'),
  (9, 31, DATE '2025-08-03', NULL),
  (1, 32, DATE '2025-09-01', DATE '2025-09-02'),
  (2, 32, DATE '2025-09-03', NULL),
  (1, 33, DATE '2025-10-01', DATE '2025-10-02'),
  (3, 33, DATE '2025-10-03', NULL),
  (1, 34, DATE '2025-11-01', DATE '2025-11-02'),
  (4, 34, DATE '2025-11-03', NULL),
  (1, 35, DATE '2025-12-01', DATE '2025-12-02'),
  (5, 35, DATE '2025-12-03', NULL),
  (1, 36, DATE '2025-01-01', DATE '2025-01-02'),
  (6, 36, DATE '2025-01-03', NULL),
  (1, 37, DATE '2025-02-01', DATE '2025-02-02'),
  (7, 37, DATE '2025-02-03', NULL),
  (1, 38, DATE '2025-03-01', DATE '2025-03-02'),
  (8, 38, DATE '2025-03-03', NULL),
  (1, 39, DATE '2025-04-01', DATE '2025-04-02'),
  (9, 39, DATE '2025-04-03', NULL),
  (1, 40, DATE '2025-05-01', DATE '2025-05-02'),
  (2, 40, DATE '2025-05-03', NULL),
  (1, 41, DATE '2025-06-01', DATE '2025-06-02'),
  (3, 41, DATE '2025-06-03', NULL),
  (1, 42, DATE '2025-07-01', DATE '2025-07-02'),
  (4, 42, DATE '2025-07-03', NULL),
  (1, 43, DATE '2025-08-01', DATE '2025-08-02'),
  (5, 43, DATE '2025-08-03', NULL),
  (1, 44, DATE '2025-09-01', DATE '2025-09-02'),
  (6, 44, DATE '2025-09-03', NULL),
  (1, 45, DATE '2025-10-01', DATE '2025-10-02'),
  (7, 45, DATE '2025-10-03', NULL),
  (1, 46, DATE '2025-11-01', DATE '2025-11-02'),
  (8, 46, DATE '2025-11-03', NULL),
  (1, 47, DATE '2025-12-01', DATE '2025-12-02'),
  (9, 47, DATE '2025-12-03', NULL),
  (1, 48, DATE '2025-01-01', DATE '2025-01-02'),
  (2, 48, DATE '2025-01-03', NULL),
  (1, 49, DATE '2025-02-01', DATE '2025-02-02'),
  (3, 49, DATE '2025-02-03', NULL),
  (1, 50, DATE '2025-03-01', DATE '2025-03-02'),
  (4, 50, DATE '2025-03-03', NULL),
  (1, 51, DATE '2025-04-01', DATE '2025-04-02'),
  (5, 51, DATE '2025-04-03', NULL),
  (1, 52, DATE '2025-05-01', DATE '2025-05-02'),
  (6, 52, DATE '2025-05-03', NULL),
  (1, 53, DATE '2025-06-01', DATE '2025-06-02'),
  (7, 53, DATE '2025-06-03', NULL),
  (1, 54, DATE '2025-07-01', DATE '2025-07-02'),
  (8, 54, DATE '2025-07-03', NULL),
  (1, 55, DATE '2025-08-01', DATE '2025-08-02'),
  (9, 55, DATE '2025-08-03', NULL),
  (1, 56, DATE '2025-09-01', DATE '2025-09-02'),
  (2, 56, DATE '2025-09-03', NULL),
  (1, 57, DATE '2025-10-01', DATE '2025-10-02'),
  (3, 57, DATE '2025-10-03', NULL),
  (1, 58, DATE '2025-11-01', DATE '2025-11-02'),
  (4, 58, DATE '2025-11-03', NULL),
  (1, 59, DATE '2025-12-01', DATE '2025-12-02'),
  (5, 59, DATE '2025-12-03', NULL),
  (1, 60, DATE '2025-01-01', DATE '2025-01-02'),
  (6, 60, DATE '2025-01-03', NULL),
  (1, 61, DATE '2025-02-01', DATE '2025-02-02'),
  (7, 61, DATE '2025-02-03', NULL),
  (1, 62, DATE '2025-03-01', DATE '2025-03-02'),
  (8, 62, DATE '2025-03-03', NULL),
  (1, 63, DATE '2025-04-01', DATE '2025-04-02'),
  (9, 63, DATE '2025-04-03', NULL),
  (1, 64, DATE '2025-05-01', DATE '2025-05-02'),
  (2, 64, DATE '2025-05-03', NULL),
  (1, 65, DATE '2025-06-01', DATE '2025-06-02'),
  (3, 65, DATE '2025-06-03', NULL),
  (1, 66, DATE '2025-07-01', DATE '2025-07-02'),
  (4, 66, DATE '2025-07-03', NULL),
  (1, 67, DATE '2025-08-01', DATE '2025-08-02'),
  (5, 67, DATE '2025-08-03', NULL),
  (1, 68, DATE '2025-09-01', DATE '2025-09-02'),
  (6, 68, DATE '2025-09-03', NULL),
  (1, 69, DATE '2025-10-01', DATE '2025-10-02'),
  (7, 69, DATE '2025-10-03', NULL),
  (1, 70, DATE '2025-11-01', DATE '2025-11-02'),
  (8, 70, DATE '2025-11-03', NULL),
  (1, 71, DATE '2025-12-01', DATE '2025-12-02'),
  (9, 71, DATE '2025-12-03', NULL),
  (1, 72, DATE '2025-01-01', DATE '2025-01-02'),
  (2, 72, DATE '2025-01-03', NULL),
  (1, 73, DATE '2025-02-01', DATE '2025-02-02'),
  (3, 73, DATE '2025-02-03', NULL),
  (1, 74, DATE '2025-03-01', DATE '2025-03-02'),
  (4, 74, DATE '2025-03-03', NULL),
  (1, 75, DATE '2025-04-01', DATE '2025-04-02'),
  (5, 75, DATE '2025-04-03', NULL),
  (1, 76, DATE '2025-05-01', DATE '2025-05-02'),
  (6, 76, DATE '2025-05-03', NULL),
  (1, 77, DATE '2025-06-01', DATE '2025-06-02'),
  (7, 77, DATE '2025-06-03', NULL),
  (1, 78, DATE '2025-07-01', DATE '2025-07-02'),
  (8, 78, DATE '2025-07-03', NULL),
  (1, 79, DATE '2025-08-01', DATE '2025-08-02'),
  (9, 79, DATE '2025-08-03', NULL),
  (1, 80, DATE '2025-09-01', DATE '2025-09-02'),
  (2, 80, DATE '2025-09-03', NULL),
  (1, 81, DATE '2025-10-01', DATE '2025-10-02'),
  (3, 81, DATE '2025-10-03', NULL),
  (1, 82, DATE '2025-11-01', DATE '2025-11-02'),
  (4, 82, DATE '2025-11-03', NULL),
  (1, 83, DATE '2025-12-01', DATE '2025-12-02'),
  (5, 83, DATE '2025-12-03', NULL),
  (1, 84, DATE '2025-01-01', DATE '2025-01-02'),
  (6, 84, DATE '2025-01-03', NULL),
  (1, 85, DATE '2025-02-01', DATE '2025-02-02'),
  (7, 85, DATE '2025-02-03', NULL),
  (1, 86, DATE '2025-03-01', DATE '2025-03-02'),
  (8, 86, DATE '2025-03-03', NULL),
  (1, 87, DATE '2025-04-01', DATE '2025-04-02'),
  (9, 87, DATE '2025-04-03', NULL),
  (1, 88, DATE '2025-05-01', DATE '2025-05-02'),
  (2, 88, DATE '2025-05-03', NULL),
  (1, 89, DATE '2025-06-01', DATE '2025-06-02'),
  (3, 89, DATE '2025-06-03', NULL),
  (1, 90, DATE '2025-07-01', DATE '2025-07-02'),
  (4, 90, DATE '2025-07-03', NULL),
  (1, 91, DATE '2025-08-01', DATE '2025-08-02'),
  (5, 91, DATE '2025-08-03', NULL),
  (1, 92, DATE '2025-09-01', DATE '2025-09-02'),
  (6, 92, DATE '2025-09-03', NULL),
  (1, 93, DATE '2025-10-01', DATE '2025-10-02'),
  (7, 93, DATE '2025-10-03', NULL),
  (1, 94, DATE '2025-11-01', DATE '2025-11-02'),
  (8, 94, DATE '2025-11-03', NULL),
  (1, 95, DATE '2025-12-01', DATE '2025-12-02'),
  (9, 95, DATE '2025-12-03', NULL),
  (1, 96, DATE '2025-01-01', DATE '2025-01-02'),
  (2, 96, DATE '2025-01-03', NULL),
  (1, 97, DATE '2025-02-01', DATE '2025-02-02'),
  (3, 97, DATE '2025-02-03', NULL),
  (1, 98, DATE '2025-03-01', DATE '2025-03-02'),
  (4, 98, DATE '2025-03-03', NULL),
  (1, 99, DATE '2025-04-01', DATE '2025-04-02'),
  (5, 99, DATE '2025-04-03', NULL),
  (1, 100, DATE '2025-05-01', DATE '2025-05-02'),
  (6, 100, DATE '2025-05-03', NULL),
  (1, 101, DATE '2025-06-01', DATE '2025-06-02'),
  (7, 101, DATE '2025-06-03', NULL),
  (1, 102, DATE '2025-07-01', DATE '2025-07-02'),
  (8, 102, DATE '2025-07-03', NULL),
  (1, 103, DATE '2025-08-01', DATE '2025-08-02'),
  (9, 103, DATE '2025-08-03', NULL),
  (1, 104, DATE '2025-09-01', DATE '2025-09-02'),
  (2, 104, DATE '2025-09-03', NULL),
  (1, 105, DATE '2025-10-01', DATE '2025-10-02'),
  (3, 105, DATE '2025-10-03', NULL),
  (1, 106, DATE '2025-11-01', DATE '2025-11-02'),
  (4, 106, DATE '2025-11-03', NULL),
  (1, 107, DATE '2025-12-01', DATE '2025-12-02'),
  (5, 107, DATE '2025-12-03', NULL),
  (1, 108, DATE '2025-01-01', DATE '2025-01-02'),
  (6, 108, DATE '2025-01-03', NULL),
  (1, 109, DATE '2025-02-01', DATE '2025-02-02'),
  (7, 109, DATE '2025-02-03', NULL),
  (1, 110, DATE '2025-03-01', DATE '2025-03-02'),
  (8, 110, DATE '2025-03-03', NULL),
  (1, 111, DATE '2025-04-01', DATE '2025-04-02'),
  (9, 111, DATE '2025-04-03', NULL),
  (1, 112, DATE '2025-05-01', DATE '2025-05-02'),
  (2, 112, DATE '2025-05-03', NULL),
  (1, 113, DATE '2025-06-01', DATE '2025-06-02'),
  (3, 113, DATE '2025-06-03', NULL),
  (1, 114, DATE '2025-07-01', DATE '2025-07-02'),
  (4, 114, DATE '2025-07-03', NULL),
  (1, 115, DATE '2025-08-01', DATE '2025-08-02'),
  (5, 115, DATE '2025-08-03', NULL),
  (1, 116, DATE '2025-09-01', DATE '2025-09-02'),
  (6, 116, DATE '2025-09-03', NULL),
  (1, 117, DATE '2025-10-01', DATE '2025-10-02'),
  (7, 117, DATE '2025-10-03', NULL),
  (1, 118, DATE '2025-11-01', DATE '2025-11-02'),
  (8, 118, DATE '2025-11-03', NULL),
  (1, 119, DATE '2025-12-01', DATE '2025-12-02'),
  (9, 119, DATE '2025-12-03', NULL),
  (1, 120, DATE '2025-01-01', DATE '2025-01-02'),
  (2, 120, DATE '2025-01-03', NULL),
  (1, 121, DATE '2025-02-01', DATE '2025-02-02'),
  (3, 121, DATE '2025-02-03', NULL),
  (1, 122, DATE '2025-03-01', DATE '2025-03-02'),
  (4, 122, DATE '2025-03-03', NULL),
  (1, 123, DATE '2025-04-01', DATE '2025-04-02'),
  (5, 123, DATE '2025-04-03', NULL),
  (1, 124, DATE '2025-05-01', DATE '2025-05-02'),
  (6, 124, DATE '2025-05-03', NULL),
  (1, 125, DATE '2025-06-01', DATE '2025-06-02'),
  (7, 125, DATE '2025-06-03', NULL),
  (1, 126, DATE '2025-07-01', DATE '2025-07-02'),
  (8, 126, DATE '2025-07-03', NULL),
  (1, 127, DATE '2025-08-01', DATE '2025-08-02'),
  (9, 127, DATE '2025-08-03', NULL),
  (1, 128, DATE '2025-09-01', DATE '2025-09-02'),
  (2, 128, DATE '2025-09-03', NULL),
  (1, 129, DATE '2025-10-01', DATE '2025-10-02'),
  (3, 129, DATE '2025-10-03', NULL),
  (1, 130, DATE '2025-11-01', DATE '2025-11-02'),
  (4, 130, DATE '2025-11-03', NULL),
  (1, 131, DATE '2025-12-01', DATE '2025-12-02'),
  (5, 131, DATE '2025-12-03', NULL),
  (1, 132, DATE '2025-01-01', DATE '2025-01-02'),
  (6, 132, DATE '2025-01-03', NULL),
  (1, 133, DATE '2025-02-01', DATE '2025-02-02'),
  (7, 133, DATE '2025-02-03', NULL),
  (1, 134, DATE '2025-03-01', DATE '2025-03-02'),
  (8, 134, DATE '2025-03-03', NULL),
  (1, 135, DATE '2025-04-01', DATE '2025-04-02'),
  (9, 135, DATE '2025-04-03', NULL),
  (1, 136, DATE '2025-05-01', DATE '2025-05-02'),
  (2, 136, DATE '2025-05-03', NULL),
  (1, 137, DATE '2025-06-01', DATE '2025-06-02'),
  (3, 137, DATE '2025-06-03', NULL),
  (1, 138, DATE '2025-07-01', DATE '2025-07-02'),
  (4, 138, DATE '2025-07-03', NULL),
  (1, 139, DATE '2025-08-01', DATE '2025-08-02'),
  (5, 139, DATE '2025-08-03', NULL),
  (1, 140, DATE '2025-09-01', DATE '2025-09-02'),
  (6, 140, DATE '2025-09-03', NULL),
  (1, 141, DATE '2025-10-01', DATE '2025-10-02'),
  (7, 141, DATE '2025-10-03', NULL),
  (1, 142, DATE '2025-11-01', DATE '2025-11-02'),
  (8, 142, DATE '2025-11-03', NULL),
  (1, 143, DATE '2025-12-01', DATE '2025-12-02'),
  (9, 143, DATE '2025-12-03', NULL),
  (1, 144, DATE '2025-01-01', DATE '2025-01-02'),
  (2, 144, DATE '2025-01-03', NULL),
  (1, 145, DATE '2025-02-01', DATE '2025-02-02'),
  (3, 145, DATE '2025-02-03', NULL),
  (1, 146, DATE '2025-03-01', DATE '2025-03-02'),
  (4, 146, DATE '2025-03-03', NULL),
  (1, 147, DATE '2025-04-01', DATE '2025-04-02'),
  (5, 147, DATE '2025-04-03', NULL),
  (1, 148, DATE '2025-05-01', DATE '2025-05-02'),
  (6, 148, DATE '2025-05-03', NULL),
  (1, 149, DATE '2025-06-01', DATE '2025-06-02'),
  (7, 149, DATE '2025-06-03', NULL),
  (1, 150, DATE '2025-07-01', DATE '2025-07-02'),
  (8, 150, DATE '2025-07-03', NULL),
  (1, 151, DATE '2025-08-01', DATE '2025-08-02'),
  (9, 151, DATE '2025-08-03', NULL),
  (1, 152, DATE '2025-09-01', DATE '2025-09-02'),
  (2, 152, DATE '2025-09-03', NULL),
  (1, 153, DATE '2025-10-01', DATE '2025-10-02'),
  (3, 153, DATE '2025-10-03', NULL),
  (1, 154, DATE '2025-11-01', DATE '2025-11-02'),
  (4, 154, DATE '2025-11-03', NULL),
  (1, 155, DATE '2025-12-01', DATE '2025-12-02'),
  (5, 155, DATE '2025-12-03', NULL),
  (1, 156, DATE '2025-01-01', DATE '2025-01-02'),
  (6, 156, DATE '2025-01-03', NULL),
  (1, 157, DATE '2025-02-01', DATE '2025-02-02'),
  (7, 157, DATE '2025-02-03', NULL),
  (1, 158, DATE '2025-03-01', DATE '2025-03-02'),
  (8, 158, DATE '2025-03-03', NULL),
  (1, 159, DATE '2025-04-01', DATE '2025-04-02'),
  (9, 159, DATE '2025-04-03', NULL),
  (1, 160, DATE '2025-05-01', DATE '2025-05-02'),
  (2, 160, DATE '2025-05-03', NULL),
  (1, 161, DATE '2025-06-01', DATE '2025-06-02'),
  (3, 161, DATE '2025-06-03', NULL),
  (1, 162, DATE '2025-07-01', DATE '2025-07-02'),
  (4, 162, DATE '2025-07-03', NULL),
  (1, 163, DATE '2025-08-01', DATE '2025-08-02'),
  (5, 163, DATE '2025-08-03', NULL),
  (1, 164, DATE '2025-09-01', DATE '2025-09-02'),
  (6, 164, DATE '2025-09-03', NULL),
  (1, 165, DATE '2025-10-01', DATE '2025-10-02'),
  (7, 165, DATE '2025-10-03', NULL),
  (1, 166, DATE '2025-11-01', DATE '2025-11-02'),
  (8, 166, DATE '2025-11-03', NULL),
  (1, 167, DATE '2025-12-01', DATE '2025-12-02'),
  (9, 167, DATE '2025-12-03', NULL),
  (1, 168, DATE '2025-01-01', DATE '2025-01-02'),
  (2, 168, DATE '2025-01-03', NULL),
  (1, 169, DATE '2025-02-01', DATE '2025-02-02'),
  (3, 169, DATE '2025-02-03', NULL),
  (1, 170, DATE '2025-03-01', DATE '2025-03-02'),
  (4, 170, DATE '2025-03-03', NULL),
  (1, 171, DATE '2025-04-01', DATE '2025-04-02'),
  (5, 171, DATE '2025-04-03', NULL),
  (1, 172, DATE '2025-05-01', DATE '2025-05-02'),
  (6, 172, DATE '2025-05-03', NULL),
  (1, 173, DATE '2025-06-01', DATE '2025-06-02'),
  (7, 173, DATE '2025-06-03', NULL),
  (1, 174, DATE '2025-07-01', DATE '2025-07-02'),
  (8, 174, DATE '2025-07-03', NULL),
  (1, 175, DATE '2025-08-01', DATE '2025-08-02'),
  (9, 175, DATE '2025-08-03', NULL),
  (1, 176, DATE '2025-09-01', DATE '2025-09-02'),
  (2, 176, DATE '2025-09-03', NULL),
  (1, 177, DATE '2025-10-01', DATE '2025-10-02'),
  (3, 177, DATE '2025-10-03', NULL),
  (1, 178, DATE '2025-11-01', DATE '2025-11-02'),
  (4, 178, DATE '2025-11-03', NULL),
  (1, 179, DATE '2025-12-01', DATE '2025-12-02'),
  (5, 179, DATE '2025-12-03', NULL),
  (1, 180, DATE '2025-01-01', DATE '2025-01-02'),
  (6, 180, DATE '2025-01-03', NULL),
  (1, 181, DATE '2025-02-01', DATE '2025-02-02'),
  (7, 181, DATE '2025-02-03', NULL),
  (1, 182, DATE '2025-03-01', DATE '2025-03-02'),
  (8, 182, DATE '2025-03-03', NULL),
  (1, 183, DATE '2025-04-01', DATE '2025-04-02'),
  (9, 183, DATE '2025-04-03', NULL),
  (1, 184, DATE '2025-05-01', DATE '2025-05-02'),
  (2, 184, DATE '2025-05-03', NULL),
  (1, 185, DATE '2025-06-01', DATE '2025-06-02'),
  (3, 185, DATE '2025-06-03', NULL),
  (1, 186, DATE '2025-07-01', DATE '2025-07-02'),
  (4, 186, DATE '2025-07-03', NULL),
  (1, 187, DATE '2025-08-01', DATE '2025-08-02'),
  (5, 187, DATE '2025-08-03', NULL),
  (1, 188, DATE '2025-09-01', DATE '2025-09-02'),
  (6, 188, DATE '2025-09-03', NULL),
  (1, 189, DATE '2025-10-01', DATE '2025-10-02'),
  (7, 189, DATE '2025-10-03', NULL),
  (1, 190, DATE '2025-11-01', DATE '2025-11-02'),
  (8, 190, DATE '2025-11-03', NULL),
  (1, 191, DATE '2025-12-01', DATE '2025-12-02'),
  (9, 191, DATE '2025-12-03', NULL),
  (1, 192, DATE '2025-01-01', DATE '2025-01-02'),
  (2, 192, DATE '2025-01-03', NULL),
  (1, 193, DATE '2025-02-01', DATE '2025-02-02'),
  (3, 193, DATE '2025-02-03', NULL),
  (1, 194, DATE '2025-03-01', DATE '2025-03-02'),
  (4, 194, DATE '2025-03-03', NULL),
  (1, 195, DATE '2025-04-01', DATE '2025-04-02'),
  (5, 195, DATE '2025-04-03', NULL),
  (1, 196, DATE '2025-05-01', DATE '2025-05-02'),
  (6, 196, DATE '2025-05-03', NULL),
  (1, 197, DATE '2025-06-01', DATE '2025-06-02'),
  (7, 197, DATE '2025-06-03', NULL),
  (1, 198, DATE '2025-07-01', DATE '2025-07-02'),
  (8, 198, DATE '2025-07-03', NULL),
  (1, 199, DATE '2025-08-01', DATE '2025-08-02'),
  (9, 199, DATE '2025-08-03', NULL),
  (1, 200, DATE '2025-09-01', DATE '2025-09-02'),
  (2, 200, DATE '2025-09-03', NULL),
  (1, 201, DATE '2025-10-01', DATE '2025-10-02'),
  (3, 201, DATE '2025-10-03', NULL),
  (1, 202, DATE '2025-11-01', DATE '2025-11-02'),
  (4, 202, DATE '2025-11-03', NULL),
  (1, 203, DATE '2025-12-01', DATE '2025-12-02'),
  (5, 203, DATE '2025-12-03', NULL),
  (1, 204, DATE '2025-01-01', DATE '2025-01-02'),
  (6, 204, DATE '2025-01-03', NULL),
  (1, 205, DATE '2025-02-01', DATE '2025-02-02'),
  (7, 205, DATE '2025-02-03', NULL),
  (1, 206, DATE '2025-03-01', DATE '2025-03-02'),
  (8, 206, DATE '2025-03-03', NULL),
  (1, 207, DATE '2025-04-01', DATE '2025-04-02'),
  (9, 207, DATE '2025-04-03', NULL),
  (1, 208, DATE '2025-05-01', DATE '2025-05-02'),
  (2, 208, DATE '2025-05-03', NULL),
  (1, 209, DATE '2025-06-01', DATE '2025-06-02'),
  (3, 209, DATE '2025-06-03', NULL),
  (1, 210, DATE '2025-07-01', DATE '2025-07-02'),
  (4, 210, DATE '2025-07-03', NULL),
  (1, 211, DATE '2025-08-01', DATE '2025-08-02'),
  (5, 211, DATE '2025-08-03', NULL),
  (1, 212, DATE '2025-09-01', DATE '2025-09-02'),
  (6, 212, DATE '2025-09-03', NULL),
  (1, 213, DATE '2025-10-01', DATE '2025-10-02'),
  (7, 213, DATE '2025-10-03', NULL),
  (1, 214, DATE '2025-11-01', DATE '2025-11-02'),
  (8, 214, DATE '2025-11-03', NULL),
  (1, 215, DATE '2025-12-01', DATE '2025-12-02'),
  (9, 215, DATE '2025-12-03', NULL),
  (1, 216, DATE '2025-01-01', DATE '2025-01-02'),
  (2, 216, DATE '2025-01-03', NULL),
  (1, 217, DATE '2025-02-01', DATE '2025-02-02'),
  (3, 217, DATE '2025-02-03', NULL),
  (1, 218, DATE '2025-03-01', DATE '2025-03-02'),
  (4, 218, DATE '2025-03-03', NULL),
  (1, 219, DATE '2025-04-01', DATE '2025-04-02'),
  (5, 219, DATE '2025-04-03', NULL),
  (1, 220, DATE '2025-05-01', DATE '2025-05-02'),
  (6, 220, DATE '2025-05-03', NULL),
  (1, 221, DATE '2025-06-01', DATE '2025-06-02'),
  (7, 221, DATE '2025-06-03', NULL),
  (1, 222, DATE '2025-07-01', DATE '2025-07-02'),
  (8, 222, DATE '2025-07-03', NULL),
  (1, 223, DATE '2025-08-01', DATE '2025-08-02'),
  (9, 223, DATE '2025-08-03', NULL),
  (1, 224, DATE '2025-09-01', DATE '2025-09-02'),
  (2, 224, DATE '2025-09-03', NULL),
  (1, 225, DATE '2025-10-01', DATE '2025-10-02'),
  (3, 225, DATE '2025-10-03', NULL),
  (1, 226, DATE '2025-11-01', DATE '2025-11-02'),
  (4, 226, DATE '2025-11-03', NULL),
  (1, 227, DATE '2025-12-01', DATE '2025-12-02'),
  (5, 227, DATE '2025-12-03', NULL),
  (1, 228, DATE '2025-01-01', DATE '2025-01-02'),
  (6, 228, DATE '2025-01-03', NULL),
  (1, 229, DATE '2025-02-01', DATE '2025-02-02'),
  (7, 229, DATE '2025-02-03', NULL),
  (1, 230, DATE '2025-03-01', DATE '2025-03-02'),
  (8, 230, DATE '2025-03-03', NULL),
  (1, 231, DATE '2025-04-01', DATE '2025-04-02'),
  (9, 231, DATE '2025-04-03', NULL),
  (1, 232, DATE '2025-05-01', DATE '2025-05-02'),
  (2, 232, DATE '2025-05-03', NULL),
  (1, 233, DATE '2025-06-01', DATE '2025-06-02'),
  (3, 233, DATE '2025-06-03', NULL),
  (1, 234, DATE '2025-07-01', DATE '2025-07-02'),
  (4, 234, DATE '2025-07-03', NULL),
  (1, 235, DATE '2025-08-01', DATE '2025-08-02'),
  (5, 235, DATE '2025-08-03', NULL),
  (1, 236, DATE '2025-09-01', DATE '2025-09-02'),
  (6, 236, DATE '2025-09-03', NULL),
  (1, 237, DATE '2025-10-01', DATE '2025-10-02'),
  (7, 237, DATE '2025-10-03', NULL),
  (1, 238, DATE '2025-11-01', DATE '2025-11-02'),
  (8, 238, DATE '2025-11-03', NULL),
  (1, 239, DATE '2025-12-01', DATE '2025-12-02'),
  (9, 239, DATE '2025-12-03', NULL),
  (1, 240, DATE '2025-01-01', DATE '2025-01-02'),
  (2, 240, DATE '2025-01-03', NULL),
  (1, 241, DATE '2025-02-01', DATE '2025-02-02'),
  (3, 241, DATE '2025-02-03', NULL),
  (1, 242, DATE '2025-03-01', DATE '2025-03-02'),
  (4, 242, DATE '2025-03-03', NULL),
  (1, 243, DATE '2025-04-01', DATE '2025-04-02'),
  (5, 243, DATE '2025-04-03', NULL),
  (1, 244, DATE '2025-05-01', DATE '2025-05-02'),
  (6, 244, DATE '2025-05-03', NULL),
  (1, 245, DATE '2025-06-01', DATE '2025-06-02'),
  (7, 245, DATE '2025-06-03', NULL),
  (1, 246, DATE '2025-07-01', DATE '2025-07-02'),
  (8, 246, DATE '2025-07-03', NULL),
  (1, 247, DATE '2025-08-01', DATE '2025-08-02'),
  (9, 247, DATE '2025-08-03', NULL),
  (1, 248, DATE '2025-09-01', DATE '2025-09-02'),
  (2, 248, DATE '2025-09-03', NULL),
  (1, 249, DATE '2025-10-01', DATE '2025-10-02'),
  (3, 249, DATE '2025-10-03', NULL),
  (1, 250, DATE '2025-11-01', DATE '2025-11-02'),
  (4, 250, DATE '2025-11-03', NULL),
  (1, 251, DATE '2025-12-01', DATE '2025-12-02'),
  (5, 251, DATE '2025-12-03', NULL),
  (1, 252, DATE '2025-01-01', DATE '2025-01-02'),
  (6, 252, DATE '2025-01-03', NULL),
  (1, 253, DATE '2025-02-01', DATE '2025-02-02'),
  (7, 253, DATE '2025-02-03', NULL),
  (1, 254, DATE '2025-03-01', DATE '2025-03-02'),
  (8, 254, DATE '2025-03-03', NULL),
  (1, 255, DATE '2025-04-01', DATE '2025-04-02'),
  (9, 255, DATE '2025-04-03', NULL),
  (1, 256, DATE '2025-05-01', DATE '2025-05-02'),
  (2, 256, DATE '2025-05-03', NULL),
  (1, 257, DATE '2025-06-01', DATE '2025-06-02'),
  (3, 257, DATE '2025-06-03', NULL),
  (1, 258, DATE '2025-07-01', DATE '2025-07-02'),
  (4, 258, DATE '2025-07-03', NULL),
  (1, 259, DATE '2025-08-01', DATE '2025-08-02'),
  (5, 259, DATE '2025-08-03', NULL),
  (1, 260, DATE '2025-09-01', DATE '2025-09-02'),
  (6, 260, DATE '2025-09-03', NULL),
  (1, 261, DATE '2025-10-01', DATE '2025-10-02'),
  (7, 261, DATE '2025-10-03', NULL),
  (1, 262, DATE '2025-11-01', DATE '2025-11-02'),
  (8, 262, DATE '2025-11-03', NULL),
  (1, 263, DATE '2025-12-01', DATE '2025-12-02'),
  (9, 263, DATE '2025-12-03', NULL),
  (1, 264, DATE '2025-01-01', DATE '2025-01-02'),
  (2, 264, DATE '2025-01-03', NULL),
  (1, 265, DATE '2025-02-01', DATE '2025-02-02'),
  (3, 265, DATE '2025-02-03', NULL),
  (1, 266, DATE '2025-03-01', DATE '2025-03-02'),
  (4, 266, DATE '2025-03-03', NULL),
  (1, 267, DATE '2025-04-01', DATE '2025-04-02'),
  (5, 267, DATE '2025-04-03', NULL),
  (1, 268, DATE '2025-05-01', DATE '2025-05-02'),
  (6, 268, DATE '2025-05-03', NULL),
  (1, 269, DATE '2025-06-01', DATE '2025-06-02'),
  (7, 269, DATE '2025-06-03', NULL),
  (1, 270, DATE '2025-07-01', DATE '2025-07-02'),
  (8, 270, DATE '2025-07-03', NULL),
  (1, 271, DATE '2025-08-01', DATE '2025-08-02'),
  (9, 271, DATE '2025-08-03', NULL),
  (1, 272, DATE '2025-09-01', DATE '2025-09-02'),
  (2, 272, DATE '2025-09-03', NULL),
  (1, 273, DATE '2025-10-01', DATE '2025-10-02'),
  (3, 273, DATE '2025-10-03', NULL),
  (1, 274, DATE '2025-11-01', DATE '2025-11-02'),
  (4, 274, DATE '2025-11-03', NULL),
  (1, 275, DATE '2025-12-01', DATE '2025-12-02'),
  (5, 275, DATE '2025-12-03', NULL),
  (1, 276, DATE '2025-01-01', DATE '2025-01-02'),
  (6, 276, DATE '2025-01-03', NULL),
  (1, 277, DATE '2025-02-01', DATE '2025-02-02'),
  (7, 277, DATE '2025-02-03', NULL),
  (1, 278, DATE '2025-03-01', DATE '2025-03-02'),
  (8, 278, DATE '2025-03-03', NULL),
  (1, 279, DATE '2025-04-01', DATE '2025-04-02'),
  (9, 279, DATE '2025-04-03', NULL),
  (1, 280, DATE '2025-05-01', DATE '2025-05-02'),
  (2, 280, DATE '2025-05-03', NULL),
  (1, 281, DATE '2025-06-01', DATE '2025-06-02'),
  (3, 281, DATE '2025-06-03', NULL),
  (1, 282, DATE '2025-07-01', DATE '2025-07-02'),
  (4, 282, DATE '2025-07-03', NULL),
  (1, 283, DATE '2025-08-01', DATE '2025-08-02'),
  (5, 283, DATE '2025-08-03', NULL),
  (1, 284, DATE '2025-09-01', DATE '2025-09-02'),
  (6, 284, DATE '2025-09-03', NULL),
  (1, 285, DATE '2025-10-01', DATE '2025-10-02'),
  (7, 285, DATE '2025-10-03', NULL),
  (1, 286, DATE '2025-11-01', DATE '2025-11-02'),
  (8, 286, DATE '2025-11-03', NULL),
  (1, 287, DATE '2025-12-01', DATE '2025-12-02'),
  (9, 287, DATE '2025-12-03', NULL),
  (1, 288, DATE '2025-01-01', DATE '2025-01-02'),
  (2, 288, DATE '2025-01-03', NULL),
  (1, 289, DATE '2025-02-01', DATE '2025-02-02'),
  (3, 289, DATE '2025-02-03', NULL),
  (1, 290, DATE '2025-03-01', DATE '2025-03-02'),
  (4, 290, DATE '2025-03-03', NULL),
  (1, 291, DATE '2025-04-01', DATE '2025-04-02'),
  (5, 291, DATE '2025-04-03', NULL),
  (1, 292, DATE '2025-05-01', DATE '2025-05-02'),
  (6, 292, DATE '2025-05-03', NULL),
  (1, 293, DATE '2025-06-01', DATE '2025-06-02'),
  (7, 293, DATE '2025-06-03', NULL),
  (1, 294, DATE '2025-07-01', DATE '2025-07-02'),
  (8, 294, DATE '2025-07-03', NULL),
  (1, 295, DATE '2025-08-01', DATE '2025-08-02'),
  (9, 295, DATE '2025-08-03', NULL),
  (1, 296, DATE '2025-09-01', DATE '2025-09-02'),
  (2, 296, DATE '2025-09-03', NULL),
  (1, 297, DATE '2025-10-01', DATE '2025-10-02'),
  (3, 297, DATE '2025-10-03', NULL),
  (1, 298, DATE '2025-11-01', DATE '2025-11-02'),
  (4, 298, DATE '2025-11-03', NULL),
  (1, 299, DATE '2025-12-01', DATE '2025-12-02'),
  (5, 299, DATE '2025-12-03', NULL),
  (1, 300, DATE '2025-01-01', DATE '2025-01-02'),
  (6, 300, DATE '2025-01-03', NULL),
  (1, 301, DATE '2025-02-01', DATE '2025-02-02'),
  (7, 301, DATE '2025-02-03', NULL),
  (1, 302, DATE '2025-03-01', DATE '2025-03-02'),
  (8, 302, DATE '2025-03-03', NULL),
  (1, 303, DATE '2025-04-01', DATE '2025-04-02'),
  (9, 303, DATE '2025-04-03', NULL),
  (1, 304, DATE '2025-05-01', DATE '2025-05-02'),
  (2, 304, DATE '2025-05-03', NULL),
  (1, 305, DATE '2025-06-01', DATE '2025-06-02'),
  (3, 305, DATE '2025-06-03', NULL),
  (1, 306, DATE '2025-07-01', DATE '2025-07-02'),
  (4, 306, DATE '2025-07-03', NULL),
  (1, 307, DATE '2025-08-01', DATE '2025-08-02'),
  (5, 307, DATE '2025-08-03', NULL),
  (1, 308, DATE '2025-09-01', DATE '2025-09-02'),
  (6, 308, DATE '2025-09-03', NULL),
  (1, 309, DATE '2025-10-01', DATE '2025-10-02'),
  (7, 309, DATE '2025-10-03', NULL),
  (1, 310, DATE '2025-11-01', DATE '2025-11-02'),
  (8, 310, DATE '2025-11-03', NULL),
  (1, 311, DATE '2025-12-01', DATE '2025-12-02'),
  (9, 311, DATE '2025-12-03', NULL),
  (1, 312, DATE '2025-01-01', DATE '2025-01-02'),
  (2, 312, DATE '2025-01-03', NULL),
  (1, 313, DATE '2025-02-01', DATE '2025-02-02'),
  (3, 313, DATE '2025-02-03', NULL),
  (1, 314, DATE '2025-03-01', DATE '2025-03-02'),
  (4, 314, DATE '2025-03-03', NULL),
  (1, 315, DATE '2025-04-01', DATE '2025-04-02'),
  (5, 315, DATE '2025-04-03', NULL),
  (1, 316, DATE '2025-05-01', DATE '2025-05-02'),
  (6, 316, DATE '2025-05-03', NULL),
  (1, 317, DATE '2025-06-01', DATE '2025-06-02'),
  (7, 317, DATE '2025-06-03', NULL),
  (1, 318, DATE '2025-07-01', DATE '2025-07-02'),
  (8, 318, DATE '2025-07-03', NULL),
  (1, 319, DATE '2025-08-01', DATE '2025-08-02'),
  (9, 319, DATE '2025-08-03', NULL),
  (1, 320, DATE '2025-09-01', DATE '2025-09-02'),
  (2, 320, DATE '2025-09-03', NULL),
  (1, 321, DATE '2025-10-01', DATE '2025-10-02'),
  (3, 321, DATE '2025-10-03', NULL),
  (1, 322, DATE '2025-11-01', DATE '2025-11-02'),
  (4, 322, DATE '2025-11-03', NULL),
  (1, 323, DATE '2025-12-01', DATE '2025-12-02'),
  (5, 323, DATE '2025-12-03', NULL),
  (1, 324, DATE '2025-01-01', DATE '2025-01-02'),
  (6, 324, DATE '2025-01-03', NULL),
  (1, 325, DATE '2025-02-01', DATE '2025-02-02'),
  (7, 325, DATE '2025-02-03', NULL),
  (1, 326, DATE '2025-03-01', DATE '2025-03-02'),
  (8, 326, DATE '2025-03-03', NULL),
  (1, 327, DATE '2025-04-01', DATE '2025-04-02'),
  (9, 327, DATE '2025-04-03', NULL),
  (1, 328, DATE '2025-05-01', DATE '2025-05-02'),
  (2, 328, DATE '2025-05-03', NULL),
  (1, 329, DATE '2025-06-01', DATE '2025-06-02'),
  (3, 329, DATE '2025-06-03', NULL),
  (1, 330, DATE '2025-07-01', DATE '2025-07-02'),
  (4, 330, DATE '2025-07-03', NULL),
  (1, 331, DATE '2025-08-01', DATE '2025-08-02'),
  (5, 331, DATE '2025-08-03', NULL),
  (1, 332, DATE '2025-09-01', DATE '2025-09-02'),
  (6, 332, DATE '2025-09-03', NULL),
  (1, 333, DATE '2025-10-01', DATE '2025-10-02'),
  (7, 333, DATE '2025-10-03', NULL),
  (1, 334, DATE '2025-11-01', DATE '2025-11-02'),
  (8, 334, DATE '2025-11-03', NULL),
  (1, 335, DATE '2025-12-01', DATE '2025-12-02'),
  (9, 335, DATE '2025-12-03', NULL),
  (1, 336, DATE '2025-01-01', DATE '2025-01-02'),
  (2, 336, DATE '2025-01-03', NULL),
  (1, 337, DATE '2025-02-01', DATE '2025-02-02'),
  (3, 337, DATE '2025-02-03', NULL),
  (1, 338, DATE '2025-03-01', DATE '2025-03-02'),
  (4, 338, DATE '2025-03-03', NULL),
  (1, 339, DATE '2025-04-01', DATE '2025-04-02'),
  (5, 339, DATE '2025-04-03', NULL),
  (1, 340, DATE '2025-05-01', DATE '2025-05-02'),
  (6, 340, DATE '2025-05-03', NULL),
  (1, 341, DATE '2025-06-01', DATE '2025-06-02'),
  (7, 341, DATE '2025-06-03', NULL),
  (1, 342, DATE '2025-07-01', DATE '2025-07-02'),
  (8, 342, DATE '2025-07-03', NULL),
  (1, 343, DATE '2025-08-01', DATE '2025-08-02'),
  (9, 343, DATE '2025-08-03', NULL),
  (1, 344, DATE '2025-09-01', DATE '2025-09-02'),
  (2, 344, DATE '2025-09-03', NULL),
  (1, 345, DATE '2025-10-01', DATE '2025-10-02'),
  (3, 345, DATE '2025-10-03', NULL),
  (1, 346, DATE '2025-11-01', DATE '2025-11-02'),
  (4, 346, DATE '2025-11-03', NULL),
  (1, 347, DATE '2025-12-01', DATE '2025-12-02'),
  (5, 347, DATE '2025-12-03', NULL),
  (1, 348, DATE '2025-01-01', DATE '2025-01-02'),
  (6, 348, DATE '2025-01-03', NULL),
  (1, 349, DATE '2025-02-01', DATE '2025-02-02'),
  (7, 349, DATE '2025-02-03', NULL),
  (1, 350, DATE '2025-03-01', DATE '2025-03-02'),
  (8, 350, DATE '2025-03-03', NULL),
  (1, 351, DATE '2025-04-01', DATE '2025-04-02'),
  (9, 351, DATE '2025-04-03', NULL),
  (1, 352, DATE '2025-05-01', DATE '2025-05-02'),
  (2, 352, DATE '2025-05-03', NULL),
  (1, 353, DATE '2025-06-01', DATE '2025-06-02'),
  (3, 353, DATE '2025-06-03', NULL),
  (1, 354, DATE '2025-07-01', DATE '2025-07-02'),
  (4, 354, DATE '2025-07-03', NULL),
  (1, 355, DATE '2025-08-01', DATE '2025-08-02'),
  (5, 355, DATE '2025-08-03', NULL),
  (1, 356, DATE '2025-09-01', DATE '2025-09-02'),
  (6, 356, DATE '2025-09-03', NULL),
  (1, 357, DATE '2025-10-01', DATE '2025-10-02'),
  (7, 357, DATE '2025-10-03', NULL),
  (1, 358, DATE '2025-11-01', DATE '2025-11-02'),
  (8, 358, DATE '2025-11-03', NULL),
  (1, 359, DATE '2025-12-01', DATE '2025-12-02'),
  (9, 359, DATE '2025-12-03', NULL),
  (1, 360, DATE '2025-01-01', DATE '2025-01-02'),
  (2, 360, DATE '2025-01-03', NULL),
  (1, 361, DATE '2025-02-01', DATE '2025-02-02'),
  (3, 361, DATE '2025-02-03', NULL),
  (1, 362, DATE '2025-03-01', DATE '2025-03-02'),
  (4, 362, DATE '2025-03-03', NULL),
  (1, 363, DATE '2025-04-01', DATE '2025-04-02'),
  (5, 363, DATE '2025-04-03', NULL),
  (1, 364, DATE '2025-05-01', DATE '2025-05-02'),
  (6, 364, DATE '2025-05-03', NULL),
  (1, 365, DATE '2025-06-01', DATE '2025-06-02'),
  (7, 365, DATE '2025-06-03', NULL),
  (1, 366, DATE '2025-07-01', DATE '2025-07-02'),
  (8, 366, DATE '2025-07-03', NULL),
  (1, 367, DATE '2025-08-01', DATE '2025-08-02'),
  (9, 367, DATE '2025-08-03', NULL),
  (1, 368, DATE '2025-09-01', DATE '2025-09-02'),
  (2, 368, DATE '2025-09-03', NULL),
  (1, 369, DATE '2025-10-01', DATE '2025-10-02'),
  (3, 369, DATE '2025-10-03', NULL),
  (1, 370, DATE '2025-11-01', DATE '2025-11-02'),
  (4, 370, DATE '2025-11-03', NULL),
  (1, 371, DATE '2025-12-01', DATE '2025-12-02'),
  (5, 371, DATE '2025-12-03', NULL),
  (1, 372, DATE '2025-01-01', DATE '2025-01-02'),
  (6, 372, DATE '2025-01-03', NULL),
  (1, 373, DATE '2025-02-01', DATE '2025-02-02'),
  (7, 373, DATE '2025-02-03', NULL),
  (1, 374, DATE '2025-03-01', DATE '2025-03-02'),
  (8, 374, DATE '2025-03-03', NULL),
  (1, 375, DATE '2025-04-01', DATE '2025-04-02'),
  (9, 375, DATE '2025-04-03', NULL),
  (1, 376, DATE '2025-05-01', DATE '2025-05-02'),
  (2, 376, DATE '2025-05-03', NULL),
  (1, 377, DATE '2025-06-01', DATE '2025-06-02'),
  (3, 377, DATE '2025-06-03', NULL),
  (1, 378, DATE '2025-07-01', DATE '2025-07-02'),
  (4, 378, DATE '2025-07-03', NULL),
  (1, 379, DATE '2025-08-01', DATE '2025-08-02'),
  (5, 379, DATE '2025-08-03', NULL),
  (1, 380, DATE '2025-09-01', DATE '2025-09-02'),
  (6, 380, DATE '2025-09-03', NULL),
  (1, 381, DATE '2025-10-01', DATE '2025-10-02'),
  (7, 381, DATE '2025-10-03', NULL),
  (1, 382, DATE '2025-11-01', DATE '2025-11-02'),
  (8, 382, DATE '2025-11-03', NULL),
  (1, 383, DATE '2025-12-01', DATE '2025-12-02'),
  (9, 383, DATE '2025-12-03', NULL),
  (1, 384, DATE '2025-01-01', DATE '2025-01-02'),
  (2, 384, DATE '2025-01-03', NULL),
  (1, 385, DATE '2025-02-01', DATE '2025-02-02'),
  (3, 385, DATE '2025-02-03', NULL),
  (1, 386, DATE '2025-03-01', DATE '2025-03-02'),
  (4, 386, DATE '2025-03-03', NULL),
  (1, 387, DATE '2025-04-01', DATE '2025-04-02'),
  (5, 387, DATE '2025-04-03', NULL),
  (1, 388, DATE '2025-05-01', DATE '2025-05-02'),
  (6, 388, DATE '2025-05-03', NULL),
  (1, 389, DATE '2025-06-01', DATE '2025-06-02'),
  (7, 389, DATE '2025-06-03', NULL),
  (1, 390, DATE '2025-07-01', DATE '2025-07-02'),
  (8, 390, DATE '2025-07-03', NULL),
  (1, 391, DATE '2025-08-01', DATE '2025-08-02'),
  (9, 391, DATE '2025-08-03', NULL),
  (1, 392, DATE '2025-09-01', DATE '2025-09-02'),
  (2, 392, DATE '2025-09-03', NULL),
  (1, 393, DATE '2025-10-01', DATE '2025-10-02'),
  (3, 393, DATE '2025-10-03', NULL),
  (1, 394, DATE '2025-11-01', DATE '2025-11-02'),
  (4, 394, DATE '2025-11-03', NULL),
  (1, 395, DATE '2025-12-01', DATE '2025-12-02'),
  (5, 395, DATE '2025-12-03', NULL),
  (1, 396, DATE '2025-01-01', DATE '2025-01-02'),
  (6, 396, DATE '2025-01-03', NULL),
  (1, 397, DATE '2025-02-01', DATE '2025-02-02'),
  (7, 397, DATE '2025-02-03', NULL),
  (1, 398, DATE '2025-03-01', DATE '2025-03-02'),
  (8, 398, DATE '2025-03-03', NULL),
  (1, 399, DATE '2025-04-01', DATE '2025-04-02'),
  (9, 399, DATE '2025-04-03', NULL),
  (1, 400, DATE '2025-05-01', DATE '2025-05-02'),
  (2, 400, DATE '2025-05-03', NULL);

-- NOTA: HISTORICO_ORDEN_COMPRA_B2B tiene PK solo por ID_ESTATUS_ORDEN_B2B en el esquema actual,
-- por lo que solo admite 1 fila por estatus (limitacion del esquema, no de los datos).
INSERT INTO HISTORICO_ORDEN_COMPRA_B2B (ID_ESTATUS_ORDEN_B2B, ID_ORDEN_COMPRA_B2B, FECHAHORA_INICIO_COMPRA_B2B, FECHAHORA_FIN_COMPRA_B2B) VALUES
  (1, 1, DATE '2025-01-10', NULL),
  (2, 2, DATE '2025-02-10', NULL),
  (3, 3, DATE '2025-03-10', NULL),
  (4, 4, DATE '2025-04-10', NULL),
  (5, 5, DATE '2025-05-10', NULL),
  (6, 6, DATE '2025-06-10', NULL),
  (7, 7, DATE '2025-07-10', NULL),
  (8, 8, DATE '2025-08-10', NULL),
  (9, 9, DATE '2025-09-10', NULL);
