-- Estados de Venezuela
-- Estados de Venezuela
INSERT INTO Lugar (ID_LUGAR, NOMBRE_LUGAR, TIPO_LUGAR, FK_LUGAR) VALUES
    (1, 'Amazonas', 'estado', null),
    (2, 'Anzoátegui', 'estado', null),
    (3, 'Apure', 'estado', null),
    (4, 'Aragua', 'estado', null),
    (5, 'Barinas', 'estado', null),
    (6, 'Bolívar', 'estado', null),
    (7, 'Carabobo', 'estado', null),
    (8, 'Cojedes', 'estado', null),
    (9, 'Delta Amacuro', 'estado', null),
    (10, 'Distrito Capital', 'estado', null),
    (11, 'Falcón', 'estado', null),
    (12, 'Guárico', 'estado', null),
    (13, 'Lara', 'estado', null),
    (14, 'La Guaira', 'estado', null),
    (15, 'Mérida', 'estado', null),
    (16, 'Miranda', 'estado', null),
    (17, 'Monagas', 'estado', null),
    (18, 'Nueva Esparta', 'estado', null),
    (19, 'Portuguesa', 'estado', null),
    (20, 'Sucre', 'estado', null),
    (21, 'Táchira', 'estado', null),
    (22, 'Trujillo', 'estado', null),
    (23, 'Yaracuy', 'estado', null),
    (24, 'Zulia', 'estado', null);

-- Municipios
INSERT INTO Lugar (ID_LUGAR, NOMBRE_LUGAR, TIPO_LUGAR, FK_LUGAR) VALUES
    (25, 'Alto Orinoco', 'municipio', 1),
    (26, 'Atabapo', 'municipio', 1),
    (27, 'Atures', 'municipio', 1),
    (28, 'Autana', 'municipio', 1),
    (29, 'Manapiare', 'municipio', 1),
    (30, 'Maroa', 'municipio', 1),
    (31, 'Río Negro', 'municipio', 1),
    (32, 'Anaco', 'municipio', 2),
    (33, 'Aragua', 'municipio', 2),
    (34, 'Bolívar', 'municipio', 2),
    (35, 'Bruzual', 'municipio', 2),
    (36, 'Cajigal', 'municipio', 2),
    (37, 'Carvajal', 'municipio', 2),
    (38, 'Freites', 'municipio', 2),
    (39, 'Guanipa', 'municipio', 2),
    (40, 'Guanta', 'municipio', 2),
    (41, 'Independencia', 'municipio', 2),
    (42, 'Libertad', 'municipio', 2),
    (43, 'Sir Arthur McGregor', 'municipio', 2),
    (44, 'Miranda', 'municipio', 2),
    (45, 'Monagas', 'municipio', 2),
    (46, 'Peñalver', 'municipio', 2),
    (47, 'Píritu', 'municipio', 2),
    (48, 'San Juan de Capistrano', 'municipio', 2),
    (49, 'Santa Ana', 'municipio', 2),
    (50, 'Simón Rodríguez', 'municipio', 2),
    (51, 'Sotillo', 'municipio', 2),
    (52, 'Turístico Diego Bautista Urbaneja', 'municipio', 2),
    (53, 'Achaguas', 'municipio', 3),
    (54, 'Biruaca', 'municipio', 3),
    (55, 'Pedro Camejo', 'municipio', 3),
    (56, 'Muñoz', 'municipio', 3),
    (57, 'Páez', 'municipio', 3),
    (58, 'Rómulo Gallegos', 'municipio', 3),
    (59, 'San Fernando', 'municipio', 3),
    (60, 'Alcántara', 'municipio', 4),
    (61, 'Bolívar', 'municipio', 4),
    (62, 'Camatagua', 'municipio', 4),
    (63, 'Maracay', 'municipio', 4),
    (64, 'Iragorry', 'municipio', 4),
    (65, 'Lamas', 'municipio', 4),
    (66, 'Libertador', 'municipio', 4),
    (67, 'Mariño', 'municipio', 4),
    (68, 'Michelena', 'municipio', 4),
    (69, 'Ocumare de la Costa de Oro', 'municipio', 4),
    (70, 'Revenga', 'municipio', 4),
    (71, 'Ribas', 'municipio', 4),
    (72, 'San Casimiro', 'municipio', 4),
    (73, 'San Sebastián', 'municipio', 4),
    (74, 'Sucre', 'municipio', 4),
    (75, 'Tovar', 'municipio', 4),
    (76, 'Urdaneta', 'municipio', 4),
    (77, 'Zamora', 'municipio', 4),
    (78, 'Alberto Arvelo Torrealba', 'municipio', 5),
    (79, 'Andrés Eloy Blanco', 'municipio', 5),
    (80, 'Antonio José de Sucre', 'municipio', 5),
    (81, 'Arismendi', 'municipio', 5),
    (82, 'Barinas', 'municipio', 5),
    (83, 'Bolívar', 'municipio', 5),
    (84, 'Cruz Paredes', 'municipio', 5),
    (85, 'Ezequiel Zamora', 'municipio', 5),
    (86, 'Obispos', 'municipio', 5),
    (87, 'Pedraza', 'municipio', 5),
    (88, 'Rojas', 'municipio', 5),
    (89, 'Sosa', 'municipio', 5),
    (90, 'Angostura', 'municipio', 6),
    (91, 'Angostura del Orinoco', 'municipio', 6),
    (92, 'Caroní', 'municipio', 6),
    (93, 'Cedeño', 'municipio', 6),
    (94, 'Chien', 'municipio', 6),
    (95, 'El Callao', 'municipio', 6),
    (96, 'Gran Sabana', 'municipio', 6),
    (97, 'Piar', 'municipio', 6),
    (98, 'Roscio', 'municipio', 6),
    (99, 'Sifontes', 'municipio', 6),
    (100, 'Sucre', 'municipio', 6),
    (101, 'Bejuma', 'municipio', 7),
    (102, 'Carlos Arvelo', 'municipio', 7),
    (103, 'Diego Ibarra', 'municipio', 7),
    (104, 'Guacara', 'municipio', 7),
    (105, 'Juan José Mora', 'municipio', 7),
    (106, 'Libertador', 'municipio', 7),
    (107, 'Los Guayos', 'municipio', 7),
    (108, 'Miranda', 'municipio', 7),
    (109, 'Montalbán', 'municipio', 7),
    (110, 'Naguanagua', 'municipio', 7),
    (111, 'Puerto Cabello', 'municipio', 7),
    (112, 'San Diego', 'municipio', 7),
    (113, 'San Joaquín', 'municipio', 7),
    (114, 'Valencia', 'municipio', 7),
    (115, 'Anzoátegui', 'municipio', 8),
    (116, 'San Carlos', 'municipio', 8),
    (117, 'Girardot', 'municipio', 8),
    (118, 'Lima Blanco', 'municipio', 8),
    (119, 'Pao de San Juan Bautista', 'municipio', 8),
    (120, 'Ricaurte', 'municipio', 8),
    (121, 'Rómulo Gallegos', 'municipio', 8),
    (122, 'Tinaco', 'municipio', 8),
    (123, 'Tinaquillo', 'municipio', 8),
    (124, 'Antonio Díaz', 'municipio', 9),
    (125, 'Casacoima', 'municipio', 9),
    (126, 'Pedernales', 'municipio', 9),
    (127, 'Tucupita', 'municipio', 9),
    (128, 'Caracas', 'municipio', 10),
    (129, 'Acosta', 'municipio', 11),
    (130, 'Bolívar', 'municipio', 11),
    (131, 'Buchivacoa', 'municipio', 11),
    (132, 'Carirubana', 'municipio', 11),
    (133, 'Colina', 'municipio', 11),
    (134, 'Dabajuro', 'municipio', 11),
    (135, 'Democracia', 'municipio', 11),
    (136, 'Falcón', 'municipio', 11),
    (137, 'Federación', 'municipio', 11),
    (138, 'Iturriza', 'municipio', 11),
    (139, 'Jacura', 'municipio', 11),
    (140, 'Los Taques', 'municipio', 11),
    (141, 'Manaure', 'municipio', 11),
    (142, 'Mauroa', 'municipio', 11),
    (143, 'Miranda', 'municipio', 11),
    (144, 'Palmasola', 'municipio', 11),
    (145, 'Petit', 'municipio', 11),
    (146, 'Píritu', 'municipio', 11),
    (147, 'San Francisco', 'municipio', 11),
    (148, 'Sucre', 'municipio', 11),
    (149, 'Silva', 'municipio', 11),
    (150, 'Tocópero', 'municipio', 11),
    (151, 'Unión', 'municipio', 11),
    (152, 'Urumaco', 'municipio', 11),
    (153, 'Zamora', 'municipio', 11),
    (154, 'Camaguán', 'municipio', 12),
    (155, 'Chaguaramas', 'municipio', 12),
    (156, 'El Socorro', 'municipio', 12),
    (157, 'Francisco de Miranda', 'municipio', 12),
    (158, 'José Félix Ribas', 'municipio', 12),
    (159, 'José Tadeo Monagas', 'municipio', 12),
    (160, 'Juan Germán Roscio', 'municipio', 12),
    (161, 'Juan José Rondón', 'municipio', 12),
    (162, 'Julián Mellado', 'municipio', 12),
    (163, 'Leonardo Infante', 'municipio', 12),
    (164, 'Ortiz', 'municipio', 12),
    (165, 'San Gerónimo de Guayabal', 'municipio', 12),
    (166, 'San José de Guaribe', 'municipio', 12),
    (167, 'Santa María de Ipire', 'municipio', 12),
    (168, 'Zaraza', 'municipio', 12),
    (169, 'Andrés Eloy Blanco', 'municipio', 13),
    (170, 'Crespo', 'municipio', 13),
    (171, 'Iribarren', 'municipio', 13),
    (172, 'Jiménez', 'municipio', 13),
    (173, 'Morán', 'municipio', 13),
    (174, 'Palavecino', 'municipio', 13),
    (175, 'Simón Planas', 'municipio', 13),
    (176, 'Torres', 'municipio', 13),
    (177, 'Urdaneta', 'municipio', 13),
    (178, 'Vargas', 'municipio', 14),
    (179, 'Alberto Adriani', 'municipio', 15),
    (180, 'Andrés Bello', 'municipio', 15),
    (181, 'Antonio Pinto Salinas', 'municipio', 15),
    (182, 'Aricagua', 'municipio', 15),
    (183, 'Arzobispo Chacón', 'municipio', 15),
    (184, 'Campo Elías', 'municipio', 15),
    (185, 'Caracciolo Parra Olmedo', 'municipio', 15),
    (186, 'Cardenal Quintero', 'municipio', 15),
    (187, 'Guaraque', 'municipio', 15),
    (188, 'Julio César Salas', 'municipio', 15),
    (189, 'Justo Briceño', 'municipio', 15),
    (190, 'Libertador', 'municipio', 15),
    (191, 'Miranda', 'municipio', 15),
    (192, 'Obispo Ramos de Lora', 'municipio', 15),
    (193, 'Padre Noguera', 'municipio', 15),
    (194, 'Pueblo Llano', 'municipio', 15),
    (195, 'Rangel', 'municipio', 15),
    (196, 'Rivas Dávila', 'municipio', 15),
    (197, 'Santos Marquina', 'municipio', 15),
    (198, 'Sucre', 'municipio', 15),
    (199, 'Tovar', 'municipio', 15),
    (200, 'Tulio Febres Cordero', 'municipio', 15),
    (201, 'Zea', 'municipio', 15),
    (202, 'Acevedo', 'municipio', 16),
    (203, 'Andrés Bello', 'municipio', 16),
    (204, 'Baruta', 'municipio', 16),
    (205, 'Bolívar', 'municipio', 16),
    (206, 'Brión', 'municipio', 16),
    (207, 'Buroz', 'municipio', 16),
    (208, 'Carrizal', 'municipio', 16),
    (209, 'Chacao', 'municipio', 16),
    (210, 'Cristóbal Rojas', 'municipio', 16),
    (211, 'El Hatillo', 'municipio', 16),
    (212, 'Guaicaipuro', 'municipio', 16),
    (213, 'Gual', 'municipio', 16),
    (214, 'Independencia', 'municipio', 16),
    (215, 'Lander', 'municipio', 16),
    (216, 'Los Salias', 'municipio', 16),
    (217, 'Páez', 'municipio', 16),
    (218, 'Paz Castillo', 'municipio', 16),
    (219, 'Plaza', 'municipio', 16),
    (220, 'Sucre', 'municipio', 16),
    (221, 'Urdaneta', 'municipio', 16),
    (222, 'Zamora', 'municipio', 16),
    (223, 'Acosta', 'municipio', 17),
    (224, 'Aguasay', 'municipio', 17),
    (225, 'Bolívar', 'municipio', 17),
    (226, 'Caripe', 'municipio', 17),
    (227, 'Cedeño', 'municipio', 17),
    (228, 'Libertador', 'municipio', 17),
    (229, 'Maturín', 'municipio', 17),
    (230, 'Piar', 'municipio', 17),
    (231, 'Punceres', 'municipio', 17),
    (232, 'Santa Bárbara', 'municipio', 17),
    (233, 'Sotillo', 'municipio', 17),
    (234, 'Uracoa', 'municipio', 17),
    (235, 'Zamora', 'municipio', 17),
    (236, 'Antolín del Campo', 'municipio', 18),
    (237, 'Antonio Díaz', 'municipio', 18),
    (238, 'Arismendi', 'municipio', 18),
    (239, 'García', 'municipio', 18),
    (240, 'Gómez', 'municipio', 18),
    (241, 'Macanao', 'municipio', 18),
    (242, 'Maneiro', 'municipio', 18),
    (243, 'Marcano', 'municipio', 18),
    (244, 'Mariño', 'municipio', 18),
    (245, 'Tubores', 'municipio', 18),
    (246, 'Villalba', 'municipio', 18),
    (247, 'Agua Blanca', 'municipio', 19),
    (248, 'Araure', 'municipio', 19),
    (249, 'Esteller', 'municipio', 19),
    (250, 'Guanare', 'municipio', 19),
    (251, 'Guanarito', 'municipio', 19),
    (252, 'José Vicente de Unda', 'municipio', 19),
    (253, 'Ospino', 'municipio', 19),
    (254, 'Páez', 'municipio', 19),
    (255, 'Papelón', 'municipio', 19),
    (256, 'San Genaro de Boconoíto', 'municipio', 19),
    (257, 'San Rafael de Onoto', 'municipio', 19),
    (258, 'Santa Rosalía', 'municipio', 19),
    (259, 'Sucre', 'municipio', 19),
    (260, 'Turén', 'municipio', 19),
    (261, 'Andrés Eloy Blanco', 'municipio', 20),
    (262, 'Andrés Mata', 'municipio', 20),
    (263, 'Arismendi', 'municipio', 20),
    (264, 'Benítez', 'municipio', 20),
    (265, 'Bermúdez', 'municipio', 20),
    (266, 'Bolívar', 'municipio', 20),
    (267, 'Cajigal', 'municipio', 20),
    (268, 'Cruz Salmerón Acosta', 'municipio', 20),
    (269, 'Libertador', 'municipio', 20),
    (270, 'Mariño', 'municipio', 20),
    (271, 'Mejía', 'municipio', 20),
    (272, 'Montes', 'municipio', 20),
    (273, 'Ribero', 'municipio', 20),
    (274, 'Sucre', 'municipio', 20),
    (275, 'Valdez', 'municipio', 20),
    (276, 'Andrés Bello', 'municipio', 21),
    (277, 'Antonio Rómulo Costa', 'municipio', 21),
    (278, 'Ayacucho', 'municipio', 21),
    (279, 'Bolívar', 'municipio', 21),
    (280, 'Cárdenas', 'municipio', 21),
    (281, 'Córdoba', 'municipio', 21),
    (282, 'Fernández', 'municipio', 21),
    (283, 'Francisco de Miranda', 'municipio', 21),
    (284, 'García de Hevia', 'municipio', 21),
    (285, 'Guásimos', 'municipio', 21),
    (286, 'Independencia', 'municipio', 21),
    (287, 'Jáuregui', 'municipio', 21),
    (288, 'José María Vargas', 'municipio', 21),
    (289, 'Junín', 'municipio', 21),
    (290, 'Libertad', 'municipio', 21),
    (291, 'Libertador', 'municipio', 21),
    (292, 'Lobatera', 'municipio', 21),
    (293, 'Michelena', 'municipio', 21),
    (294, 'Panamericano', 'municipio', 21),
    (295, 'Pedro María Ureña', 'municipio', 21),
    (296, 'Rafael Urdaneta', 'municipio', 21),
    (297, 'Samuel Dario Maldonado', 'municipio', 21),
    (298, 'San Cristóbal', 'municipio', 21),
    (299, 'San Judas Tadeo', 'municipio', 21),
    (300, 'Seboruco', 'municipio', 21),
    (301, 'Simón Rodríguez', 'municipio', 21),
    (302, 'Sucre', 'municipio', 21),
    (303, 'Torbes', 'municipio', 21),
    (304, 'Uribante', 'municipio', 21),
    (305, 'Andrés Bello', 'municipio', 22),
    (306, 'Boconó', 'municipio', 22),
    (307, 'Bolívar', 'municipio', 22),
    (308, 'Candelaria', 'municipio', 22),
    (309, 'Carache', 'municipio', 22),
    (310, 'Carvajal', 'municipio', 22),
    (311, 'Escuque', 'municipio', 22),
    (312, 'Juan Vicente Campos Elías', 'municipio', 22),
    (313, 'La Ceiba', 'municipio', 22),
    (314, 'Márquez Cañizales', 'municipio', 22),
    (315, 'Miranda', 'municipio', 22),
    (316, 'Monte Carmelo', 'municipio', 22),
    (317, 'Motatán', 'municipio', 22),
    (318, 'Pampán', 'municipio', 22),
    (319, 'Pampanito', 'municipio', 22),
    (320, 'Rangel', 'municipio', 22),
    (321, 'Sucre', 'municipio', 22),
    (322, 'Trujillo', 'municipio', 22),
    (323, 'Urdaneta', 'municipio', 22),
    (324, 'Valera', 'municipio', 22),
    (325, 'Arístides Bastidas', 'municipio', 23),
    (326, 'Bolívar', 'municipio', 23),
    (327, 'Bruzual', 'municipio', 23),
    (328, 'Cocorote', 'municipio', 23),
    (329, 'Independencia', 'municipio', 23),
    (330, 'José Antonio Páez', 'municipio', 23),
    (331, 'La Trinidad', 'municipio', 23),
    (332, 'Manuel Monge', 'municipio', 23),
    (333, 'Nirgua', 'municipio', 23),
    (334, 'Peña', 'municipio', 23),
    (335, 'San Felipe', 'municipio', 23),
    (336, 'Sucre', 'municipio', 23),
    (337, 'Urachiche', 'municipio', 23),
    (338, 'Veroes', 'municipio', 23),
    (339, 'Almirante Padilla', 'municipio', 24),
    (340, 'Baralt', 'municipio', 24),
    (341, 'Cabimas', 'municipio', 24),
    (342, 'Catatumbo', 'municipio', 24),
    (343, 'Colón', 'municipio', 24),
    (344, 'Francisco Javier Pulgar', 'municipio', 24),
    (345, 'Guajira', 'municipio', 24),
    (346, 'Jesús Enrique Losada', 'municipio', 24),
    (347, 'Jesús María Semprún', 'municipio', 24),
    (348, 'La Cañada de Urdaneta', 'municipio', 24),
    (349, 'Lagunillas', 'municipio', 24),
    (350, 'Machiques de Perijá', 'municipio', 24),
    (351, 'Mara', 'municipio', 24),
    (352, 'Maracaibo', 'municipio', 24),
    (353, 'Miranda', 'municipio', 24),
    (354, 'Rosario de Perijá', 'municipio', 24),
    (355, 'San Francisco', 'municipio', 24),
    (356, 'Santa Rita', 'municipio', 24),
    (357, 'Simón Bolívar', 'municipio', 24),
    (358, 'Sucre', 'municipio', 24),
    (359, 'Valmore Rodríguez', 'municipio', 24);

-- Parroquias
INSERT INTO Lugar (ID_LUGAR, NOMBRE_LUGAR, TIPO_LUGAR, FK_LUGAR) VALUES
    (360, 'CM. LA ESMERALDA', 'parroquia', 25),
    (361, 'HUACHAMACARE', 'parroquia', 25),
    (362, 'MARAWAKA', 'parroquia', 25),
    (363, 'MAVACA', 'parroquia', 25),
    (364, 'SIERRA PARIMA', 'parroquia', 25),
    (365, 'CM. SAN FERNANDO DE ATABA', 'parroquia', 26),
    (366, 'UCATA', 'parroquia', 26),
    (367, 'YAPACANA', 'parroquia', 26),
    (368, 'CANAME', 'parroquia', 26),
    (369, 'FERNANDO GIRON TOVAR', 'parroquia', 27),
    (370, 'LUIS ALBERTO GOMEZ', 'parroquia', 27),
    (371, 'PARHUEÑA', 'parroquia', 27),
    (372, 'PLATANILLAL', 'parroquia', 27),
    (373, 'CM. ISLA DE RATON', 'parroquia', 28),
    (374, 'SAMARIAPO', 'parroquia', 28),
    (375, 'SIPAPO', 'parroquia', 28),
    (376, 'MUNDUAPO', 'parroquia', 28),
    (377, 'GUAYAPO', 'parroquia', 28),
    (378, 'CM. SAN JUAN DE MANAPIARE', 'parroquia', 29),
    (379, 'ALTO VENTUARI', 'parroquia', 29),
    (380, 'MEDIO VENTUARI', 'parroquia', 29),
    (381, 'BAJO VENTUARI', 'parroquia', 29),
    (382, 'CM. MAROA', 'parroquia', 30),
    (383, 'VICTORINO', 'parroquia', 30),
    (384, 'COMUNIDAD', 'parroquia', 30),
    (385, 'CM. SAN CARLOS DE RIO NEG', 'parroquia', 31),
    (386, 'SOLANO', 'parroquia', 31),
    (387, 'COCUY', 'parroquia', 31),
    (388, 'ANACO', 'parroquia', 32),
    (389, 'SAN JOAQUIN', 'parroquia', 32),
    (390, 'BUENA VISTA', 'parroquia', 32),
    (391, 'CM. ARAGUA DE BARCELONA', 'parroquia', 33),
    (392, 'CACHIPO', 'parroquia', 33),
    (393, 'EL CARMEN', 'parroquia', 34),
    (394, 'SAN CRISTOBAL', 'parroquia', 34),
    (395, 'BERGANTIN', 'parroquia', 34),
    (396, 'CAIGUA', 'parroquia', 34),
    (397, 'EL PILAR', 'parroquia', 34),
    (398, 'NARICUAL', 'parroquia', 34),
    (399, 'CM. CLARINES', 'parroquia', 35),
    (400, 'GUANAPE', 'parroquia', 35),
    (401, 'SABANA DE UCHIRE', 'parroquia', 35),
    (402, 'CM. ONOTO', 'parroquia', 36),
    (403, 'SAN PABLO', 'parroquia', 36),
    (404, 'VALLE DE GUANAPE', 'parroquia', 37),
    (405, 'SANTA BARBARA', 'parroquia', 37),
    (406, 'CM. CANTAURA', 'parroquia', 38),
    (407, 'LIBERTADOR', 'parroquia', 38),
    (408, 'SANTA ROSA', 'parroquia', 38),
    (409, 'URICA', 'parroquia', 38),
    (410, 'CM. SAN JOSE DE GUANIPA', 'parroquia', 39),
    (411, 'GUANTA', 'parroquia', 40),
    (412, 'CHORRERON', 'parroquia', 40),
    (413, 'CM. SOLEDAD', 'parroquia', 41),
    (414, 'MAMO', 'parroquia', 41),
    (415, 'CM. SAN MATEO', 'parroquia', 42),
    (416, 'EL CARITO', 'parroquia', 42),
    (417, 'SANTA INES', 'parroquia', 42),
    (418, 'EL CHAPARRO', 'parroquia', 43),
    (419, 'TOMAS ALFARO CALATRAVA', 'parroquia', 43),
    (420, 'CM. PARIAGUAN', 'parroquia', 44),
    (421, 'ATAPIRIRE', 'parroquia', 44),
    (422, 'BOCA DEL PAO', 'parroquia', 44),
    (423, 'EL PAO', 'parroquia', 44),
    (424, 'CM. MAPIRE', 'parroquia', 45),
    (425, 'PIAR', 'parroquia', 45),
    (426, 'SN DIEGO DE CABRUTICA', 'parroquia', 45),
    (427, 'SANTA CLARA', 'parroquia', 45),
    (428, 'UVERITO', 'parroquia', 45),
    (429, 'ZUATA', 'parroquia', 45),
    (430, 'CM. PUERTO PIRITU', 'parroquia', 46),
    (431, 'SAN MIGUEL', 'parroquia', 46),
    (432, 'SUCRE', 'parroquia', 46),
    (433, 'PIRITU', 'parroquia', 47),
    (434, 'SAN FRANCISCO', 'parroquia', 47),
    (435, 'BOCA UCHIRE', 'parroquia', 48),
    (436, 'BOCA DE CHAVEZ', 'parroquia', 48),
    (437, 'SANTA ANA', 'parroquia', 49),
    (438, 'PUEBLO NUEVO', 'parroquia', 49),
    (439, 'EDMUNDO BARRIOS', 'parroquia', 50),
    (440, 'MIGUEL OTERO SILVA', 'parroquia', 50),
    (441, 'CM. EL TIGRE', 'parroquia', 50),
    (442, 'POZUELOS', 'parroquia', 51),
    (443, 'CM PTO. LA CRUZ', 'parroquia', 51),
    (444, 'LECHERIAS', 'parroquia', 52),
    (445, 'EL MORRO', 'parroquia', 52),
    (446, 'ACHAGUAS', 'parroquia', 53),
    (447, 'APURITO', 'parroquia', 53),
    (448, 'EL YAGUAL', 'parroquia', 53),
    (449, 'GUACHARA', 'parroquia', 53),
    (450, 'MUCURITAS', 'parroquia', 53),
    (451, 'QUESERAS DEL MEDIO', 'parroquia', 53),
    (452, 'BIRUACA', 'parroquia', 54),
    (453, 'SAN JUAN DE PAYARA', 'parroquia', 55),
    (454, 'CODAZZI', 'parroquia', 55),
    (455, 'CUNAVICHE', 'parroquia', 55),
    (456, 'BRUZUAL', 'parroquia', 56),
    (457, 'MANTECAL', 'parroquia', 56),
    (458, 'QUINTERO', 'parroquia', 56),
    (459, 'SAN VICENTE', 'parroquia', 56),
    (460, 'RINCON HONDO', 'parroquia', 56),
    (461, 'GUASDUALITO', 'parroquia', 57),
    (462, 'ARAMENDI', 'parroquia', 57),
    (463, 'EL AMPARO', 'parroquia', 57),
    (464, 'SAN CAMILO', 'parroquia', 57),
    (465, 'URDANETA', 'parroquia', 57),
    (466, 'ELORZA', 'parroquia', 58),
    (467, 'LA TRINIDAD', 'parroquia', 58),
    (468, 'SAN FERNANDO', 'parroquia', 59),
    (469, 'PEÑALVER', 'parroquia', 59),
    (470, 'EL RECREO', 'parroquia', 59),
    (471, 'SN RAFAEL DE ATAMAICA', 'parroquia', 59),
    (472, 'CM. SANTA RITA', 'parroquia', 60),
    (473, 'FRANCISCO DE MIRANDA', 'parroquia', 60),
    (474, 'MONS FELICIANO G', 'parroquia', 60),
    (475, 'CM. SAN MATEO', 'parroquia', 61),
    (476, 'CM. CAMATAGUA', 'parroquia', 62),
    (477, 'CARMEN DE CURA', 'parroquia', 62),
    (478, 'CM. LAS DELICIAS', 'parroquia', 63),
    (479, 'CHORONI', 'parroquia', 63),
    (480, 'MADRE MA DE SAN JOSE', 'parroquia', 63),
    (481, 'JOAQUIN CRESPO', 'parroquia', 63),
    (482, 'PEDRO JOSE OVALLES', 'parroquia', 63),
    (483, 'JOSE CASANOVA GODOY', 'parroquia', 63),
    (484, 'ANDRES ELOY BLANCO', 'parroquia', 63),
    (485, 'LOS TACARIGUAS', 'parroquia', 63),
    (486, 'CM. EL LIMON', 'parroquia', 64),
    (487, 'CA A DE AZUCAR', 'parroquia', 64),
    (488, 'CM. SANTA CRUZ', 'parroquia', 65),
    (489, 'CM. PALO NEGRO', 'parroquia', 66),
    (490, 'SAN MARTIN DE PORRES', 'parroquia', 66),
    (491, 'CM. TURMERO', 'parroquia', 67),
    (492, 'SAMAN DE GUERE', 'parroquia', 67),
    (493, 'ALFREDO PACHECO M', 'parroquia', 67),
    (494, 'CHUAO', 'parroquia', 67),
    (495, 'AREVALO APONTE', 'parroquia', 67),
    (496, 'CM. LAS TEJERIAS', 'parroquia', 68),
    (497, 'TIARA', 'parroquia', 68),
    (498, 'OCUMARE DE LA COSTA', 'parroquia', 69),
    (499, 'CM. EL CONSEJO', 'parroquia', 70),
    (500, 'CM. LA VICTORIA', 'parroquia', 71),
    (501, 'ZUATA', 'parroquia', 71),
    (502, 'PAO DE ZARATE', 'parroquia', 71),
    (503, 'CASTOR NIEVES RIOS', 'parroquia', 71),
    (504, 'LAS GUACAMAYAS', 'parroquia', 71),
    (505, 'CM. SAN CASIMIRO', 'parroquia', 72),
    (506, 'VALLE MORIN', 'parroquia', 72),
    (507, 'GUIRIPA', 'parroquia', 72),
    (508, 'OLLAS DE CARAMACATE', 'parroquia', 72),
    (509, 'CM. SAN SEBASTIAN', 'parroquia', 73),
    (510, 'CM. CAGUA', 'parroquia', 74),
    (511, 'BELLA VISTA', 'parroquia', 74),
    (512, 'CM. COLONIA TOVAR', 'parroquia', 75),
    (513, 'CM. BARBACOAS', 'parroquia', 76),
    (514, 'SAN FRANCISCO DE CARA', 'parroquia', 76),
    (515, 'TAGUAY', 'parroquia', 76),
    (516, 'LAS PEÑITAS', 'parroquia', 76),
    (517, 'CM. VILLA DE CURA', 'parroquia', 77),
    (518, 'MAGDALENO', 'parroquia', 77),
    (519, 'SAN FRANCISCO DE ASIS', 'parroquia', 77),
    (520, 'VALLES DE TUCUTUNEMO', 'parroquia', 77),
    (521, 'PQ AUGUSTO MIJARES', 'parroquia', 77),
    (522, 'RODRIGUEZ DOMINGUEZ', 'parroquia', 78),
    (523, 'SABANETA', 'parroquia', 78),
    (524, 'EL CANTON', 'parroquia', 79),
    (525, 'SANTA CRUZ DE GUACAS', 'parroquia', 79),
    (526, 'PUERTO VIVAS', 'parroquia', 79),
    (527, 'TICOPORO', 'parroquia', 80),
    (528, 'NICOLAS PULIDO', 'parroquia', 80),
    (529, 'ANDRES BELLO', 'parroquia', 80),
    (530, 'ARISMENDI', 'parroquia', 81),
    (531, 'GUADARRAMA', 'parroquia', 81),
    (532, 'LA UNION', 'parroquia', 81),
    (533, 'SAN ANTONIO', 'parroquia', 81),
    (534, 'Méndez', 'parroquia', 82),
    (535, 'Alto Barinas', 'parroquia', 82),
    (536, 'Corazón de Jesús', 'parroquia', 82),
    (537, 'El Carmen', 'parroquia', 82),
    (538, 'Betancourt', 'parroquia', 82),
    (539, 'Barinas', 'parroquia', 82),
    (540, 'Torunos', 'parroquia', 82),
    (541, 'Fajardo', 'parroquia', 82),
    (542, 'Larriva', 'parroquia', 82),
    (543, 'Páez', 'parroquia', 82),
    (544, 'San Silvestre', 'parroquia', 82),
    (545, 'Santa Inés', 'parroquia', 82),
    (546, 'Santa Lucía', 'parroquia', 82),
    (547, 'Domínguez', 'parroquia', 82),
    (548, 'ALTAMIRA', 'parroquia', 83),
    (549, 'BARINITAS', 'parroquia', 83),
    (550, 'CALDERAS', 'parroquia', 83),
    (551, 'BARRANCAS', 'parroquia', 84),
    (552, 'EL SOCORRO', 'parroquia', 84),
    (553, 'MASPARRITO', 'parroquia', 84),
    (554, 'SANTA BARBARA', 'parroquia', 85),
    (555, 'JOSE IGNACIO DEL PUMAR', 'parroquia', 85),
    (556, 'RAMON IGNACIO MENDEZ', 'parroquia', 85),
    (557, 'PEDRO BRICEÑO MENDEZ', 'parroquia', 85),
    (558, 'EL REAL', 'parroquia', 86),
    (559, 'LA LUZ', 'parroquia', 86),
    (560, 'OBISPOS', 'parroquia', 86),
    (561, 'LOS GUASIMITOS', 'parroquia', 86),
    (562, 'CIUDAD BOLIVIA', 'parroquia', 87),
    (563, 'IGNACIO BRICEÑO', 'parroquia', 87),
    (564, 'PAEZ', 'parroquia', 87),
    (565, 'JOSE FELIX RIBAS', 'parroquia', 87),
    (566, 'DOLORES', 'parroquia', 88),
    (567, 'LIBERTAD', 'parroquia', 88),
    (568, 'PALACIO FAJARDO', 'parroquia', 88),
    (569, 'SANTA ROSA', 'parroquia', 88),
    (570, 'CIUDAD DE NUTRIAS', 'parroquia', 89),
    (571, 'EL REGALO', 'parroquia', 89),
    (572, 'PUERTO DE NUTRIAS', 'parroquia', 89),
    (573, 'SANTA CATALINA', 'parroquia', 89),
    (574, 'CM. CIUDAD PIAR', 'parroquia', 90),
    (575, 'SAN FRANCISCO', 'parroquia', 90),
    (576, 'BARCELONETA', 'parroquia', 90),
    (577, 'SANTA BARBARA', 'parroquia', 90),
    (578, 'CATEDRAL', 'parroquia', 91),
    (579, 'AGUA SALADA', 'parroquia', 91),
    (580, 'LA SABANITA', 'parroquia', 91),
    (581, 'VISTA HERMOSA', 'parroquia', 91),
    (582, 'MARHUANTA', 'parroquia', 91),
    (583, 'JOSE ANTONIO PAEZ', 'parroquia', 91),
    (584, 'ORINOCO', 'parroquia', 91),
    (585, 'PANAPANA', 'parroquia', 91),
    (586, 'ZEA', 'parroquia', 91),
    (587, 'SIMON BOLIVAR', 'parroquia', 92),
    (588, 'ONCE DE ABRIL', 'parroquia', 92),
    (589, 'VISTA AL SOL', 'parroquia', 92),
    (590, 'CHIRICA', 'parroquia', 92),
    (591, 'DALLA COSTA', 'parroquia', 92),
    (592, 'CACHAMAY', 'parroquia', 92),
    (593, 'UNIVERSIDAD', 'parroquia', 92),
    (594, 'UNARE', 'parroquia', 92),
    (595, 'YOCOIMA', 'parroquia', 92),
    (596, 'POZO VERDE', 'parroquia', 92),
    (597, 'CM. CAICARA DEL ORINOCO', 'parroquia', 93),
    (598, 'ASCENSION FARRERAS', 'parroquia', 93),
    (599, 'ALTAGRACIA', 'parroquia', 93),
    (600, 'LA URBANA', 'parroquia', 93),
    (601, 'GUANIAMO', 'parroquia', 93),
    (602, 'PIJIGUAOS', 'parroquia', 93),
    (603, 'CM. EL PALMAR', 'parroquia', 94),
    (604, 'CM. EL CALLAO', 'parroquia', 95),
    (605, 'CM. SANTA ELENA DE UAIREN', 'parroquia', 96),
    (606, 'IKABARU', 'parroquia', 96),
    (607, 'CM. UPATA', 'parroquia', 97),
    (608, 'ANDRES ELOY BLANCO', 'parroquia', 97),
    (609, 'PEDRO COVA', 'parroquia', 97),
    (610, 'CM. GUASIPATI', 'parroquia', 98),
    (611, 'SALOM', 'parroquia', 98),
    (612, 'CM. TUMEREMO', 'parroquia', 99),
    (613, 'DALLA COSTA', 'parroquia', 99),
    (614, 'SAN ISIDRO', 'parroquia', 99),
    (615, 'CM. MARIPA', 'parroquia', 100),
    (616, 'ARIPAO', 'parroquia', 100),
    (617, 'LAS MAJADAS', 'parroquia', 100),
    (618, 'MOITACO', 'parroquia', 100),
    (619, 'GUARATARO', 'parroquia', 100),
    (620, 'BEJUMA', 'parroquia', 101),
    (621, 'CANOABO', 'parroquia', 101),
    (622, 'SIMON BOLIVAR', 'parroquia', 101),
    (623, 'GUIGUE', 'parroquia', 102),
    (624, 'BELEN', 'parroquia', 102),
    (625, 'TACARIGUA', 'parroquia', 102),
    (626, 'MARIARA', 'parroquia', 103),
    (627, 'AGUAS CALIENTES', 'parroquia', 103),
    (628, 'GUACARA', 'parroquia', 104),
    (629, 'CIUDAD ALIANZA', 'parroquia', 104),
    (630, 'YAGUA', 'parroquia', 104),
    (631, 'MORON', 'parroquia', 105),
    (632, 'URAMA', 'parroquia', 105),
    (633, 'U TOCUYITO', 'parroquia', 106),
    (634, 'U INDEPENDENCIA', 'parroquia', 106),
    (635, 'U LOS GUAYOS', 'parroquia', 107),
    (636, 'MIRANDA', 'parroquia', 108),
    (637, 'MONTALBAN', 'parroquia', 109),
    (638, 'NAGUANAGUA', 'parroquia', 110),
    (639, 'DEMOCRACIA', 'parroquia', 111),
    (640, 'FRATERNIDAD', 'parroquia', 111),
    (641, 'GOAIGOAZA', 'parroquia', 111),
    (642, 'JUAN JOSE FLORES', 'parroquia', 111),
    (643, 'BARTOLOME SALOM', 'parroquia', 111),
    (644, 'UNION', 'parroquia', 111),
    (645, 'BORBURATA', 'parroquia', 111),
    (646, 'PATANEMO', 'parroquia', 111),
    (647, 'URB SAN DIEGO', 'parroquia', 112),
    (648, 'SAN JOAQUIN', 'parroquia', 113),
    (649, 'CANDELARIA', 'parroquia', 114),
    (650, 'CATEDRAL', 'parroquia', 114),
    (651, 'EL SOCORRO', 'parroquia', 114),
    (652, 'MIGUEL PEÑA', 'parroquia', 114),
    (653, 'SAN BLAS', 'parroquia', 114),
    (654, 'SAN JOSE', 'parroquia', 114),
    (655, 'SANTA ROSA', 'parroquia', 114),
    (656, 'RAFAEL URDANETA', 'parroquia', 114),
    (657, 'NEGRO PRIMERO', 'parroquia', 114),
    (658, 'COJEDES', 'parroquia', 115),
    (659, 'JUAN DE MATA SUAREZ', 'parroquia', 115),
    (660, 'SAN CARLOS DE AUSTRIA', 'parroquia', 116),
    (661, 'JUAN ANGEL BRAVO', 'parroquia', 116),
    (662, 'MANUEL MANRIQUE', 'parroquia', 116),
    (663, 'EL BAUL', 'parroquia', 117),
    (664, 'SUCRE', 'parroquia', 117),
    (665, 'MACAPO', 'parroquia', 118),
    (666, 'LA AGUADITA', 'parroquia', 118),
    (667, 'EL PAO', 'parroquia', 119),
    (668, 'LIBERTAD DE COJEDES', 'parroquia', 120),
    (669, 'EL AMPARO', 'parroquia', 120),
    (670, 'ROMULO GALLEGOS', 'parroquia', 121),
    (671, 'GRL/JEFE JOSE L SILVA', 'parroquia', 122),
    (672, 'TINAQUILLO', 'parroquia', 123),
    (673, 'CURIAPO', 'parroquia', 124),
    (674, 'SANTOS DE ABELGAS', 'parroquia', 124),
    (675, 'MANUEL RENAUD', 'parroquia', 124),
    (676, 'PADRE BARRAL', 'parroquia', 124),
    (677, 'ANICETO LUGO', 'parroquia', 124),
    (678, 'ALMIRANTE LUIS BRION', 'parroquia', 124),
    (679, 'IMATACA', 'parroquia', 125),
    (680, 'ROMULO GALLEGOS', 'parroquia', 125),
    (681, 'JUAN BAUTISTA ARISMEN', 'parroquia', 125),
    (682, 'MANUEL PIAR', 'parroquia', 125),
    (683, '5 DE JULIO', 'parroquia', 125),
    (684, 'PEDERNALES', 'parroquia', 126),
    (685, 'LUIS B PRIETO FIGUERO', 'parroquia', 126),
    (686, 'SAN JOSE', 'parroquia', 127),
    (687, 'VIRGEN DEL VALLE', 'parroquia', 127),
    (688, 'SAN RAFAEL', 'parroquia', 127),
    (689, 'JOSE VIDAL MARCANO', 'parroquia', 127),
    (690, 'LEONARDO RUIZ PINEDA', 'parroquia', 127),
    (691, 'MONS. ARGIMIRO GARCIA', 'parroquia', 127),
    (692, 'MCL.ANTONIO J DE SUCRE', 'parroquia', 127),
    (693, 'JUAN MILLAN', 'parroquia', 127),
    (694, 'ALTAGRACIA', 'parroquia', 128),
    (695, 'CANDELARIA', 'parroquia', 128),
    (696, 'CATEDRAL', 'parroquia', 128),
    (697, 'LA PASTORA', 'parroquia', 128),
    (698, 'SAN AGUSTIN', 'parroquia', 128),
    (699, 'SAN JOSE', 'parroquia', 128),
    (700, 'SAN JUAN', 'parroquia', 128),
    (701, 'SANTA ROSALIA', 'parroquia', 128),
    (702, 'SANTA TERESA', 'parroquia', 128),
    (703, 'SUCRE', 'parroquia', 128),
    (704, '23 DE ENERO', 'parroquia', 128),
    (705, 'ANTIMANO', 'parroquia', 128),
    (706, 'EL RECREO', 'parroquia', 128),
    (707, 'EL VALLE', 'parroquia', 128),
    (708, 'LA VEGA', 'parroquia', 128),
    (709, 'MACARAO', 'parroquia', 128),
    (710, 'CARICUAO', 'parroquia', 128),
    (711, 'EL JUNQUITO', 'parroquia', 128),
    (712, 'COCHE', 'parroquia', 128),
    (713, 'SAN PEDRO', 'parroquia', 128),
    (714, 'SAN BERNARDINO', 'parroquia', 128),
    (715, 'EL PARAISO', 'parroquia', 128),
    (716, 'SAN JUAN DE LOS CAYOS', 'parroquia', 129),
    (717, 'CAPADARE', 'parroquia', 129),
    (718, 'LA PASTORA', 'parroquia', 129),
    (719, 'LIBERTADOR', 'parroquia', 129),
    (720, 'SAN LUIS', 'parroquia', 130),
    (721, 'ARACUA', 'parroquia', 130),
    (722, 'LA PEÑA', 'parroquia', 130),
    (723, 'CAPATARIDA', 'parroquia', 131),
    (724, 'BOROJO', 'parroquia', 131),
    (725, 'SEQUE', 'parroquia', 131),
    (726, 'ZAZARIDA', 'parroquia', 131),
    (727, 'BARIRO', 'parroquia', 131),
    (728, 'GUAJIRO', 'parroquia', 131),
    (729, 'NORTE', 'parroquia', 132),
    (730, 'CARIRUBANA', 'parroquia', 132),
    (731, 'PUNTA CARDON', 'parroquia', 132),
    (732, 'SANTA ANA', 'parroquia', 132),
    (733, 'LA VELA DE CORO', 'parroquia', 133),
    (734, 'ACURIGUA', 'parroquia', 133),
    (735, 'GUAIBACOA', 'parroquia', 133),
    (736, 'MACORUCA', 'parroquia', 133),
    (737, 'LAS CALDERAS', 'parroquia', 133),
    (738, 'CM. DABAJURO', 'parroquia', 134),
    (739, 'PEDREGAL', 'parroquia', 135),
    (740, 'AGUA CLARA', 'parroquia', 135),
    (741, 'AVARIA', 'parroquia', 135),
    (742, 'PIEDRA GRANDE', 'parroquia', 135),
    (743, 'PURURECHE', 'parroquia', 135),
    (744, 'PUEBLO NUEVO', 'parroquia', 136),
    (745, 'ADICORA', 'parroquia', 136),
    (746, 'BARAIVED', 'parroquia', 136),
    (747, 'BUENA VISTA', 'parroquia', 136),
    (748, 'JADACAQUIVA', 'parroquia', 136),
    (749, 'MORUY', 'parroquia', 136),
    (750, 'EL VINCULO', 'parroquia', 136),
    (751, 'EL HATO', 'parroquia', 136),
    (752, 'ADAURE', 'parroquia', 136),
    (753, 'CHURUGUARA', 'parroquia', 137),
    (754, 'AGUA LARGA', 'parroquia', 137),
    (755, 'INDEPENDENCIA', 'parroquia', 137),
    (756, 'MAPARARI', 'parroquia', 137),
    (757, 'EL PAUJI', 'parroquia', 137),
    (758, 'CHICHIRIVICHE', 'parroquia', 138),
    (759, 'BOCA DE TOCUYO', 'parroquia', 138),
    (760, 'TOCUYO DE LA COSTA', 'parroquia', 138),
    (761, 'JACURA', 'parroquia', 139),
    (762, 'AGUA LINDA', 'parroquia', 139),
    (763, 'ARAURIMA', 'parroquia', 139),
    (764, 'LOS TAQUES', 'parroquia', 140),
    (765, 'JUDIBANA', 'parroquia', 140),
    (766, 'CM. YARACAL', 'parroquia', 141),
    (767, 'MENE DE MAUROA', 'parroquia', 142),
    (768, 'CASIGUA', 'parroquia', 142),
    (769, 'SAN FELIX', 'parroquia', 142),
    (770, 'SAN ANTONIO', 'parroquia', 143),
    (771, 'SAN GABRIEL', 'parroquia', 143),
    (772, 'SANTA ANA', 'parroquia', 143),
    (773, 'GUZMAN GUILLERMO', 'parroquia', 143),
    (774, 'MITARE', 'parroquia', 143),
    (775, 'SABANETA', 'parroquia', 143),
    (776, 'RIO SECO', 'parroquia', 143),
    (777, 'CM. PALMA SOLA', 'parroquia', 144),
    (778, 'CABURE', 'parroquia', 145),
    (779, 'CURIMAGUA', 'parroquia', 145),
    (780, 'COLINA', 'parroquia', 145),
    (781, 'PIRITU', 'parroquia', 146),
    (782, 'SAN JOSE DE LA COSTA', 'parroquia', 146),
    (783, 'CM. MIRIMIRE', 'parroquia', 147),
    (784, 'SUCRE', 'parroquia', 148),
    (785, 'PECAYA', 'parroquia', 148),
    (786, 'TUCACAS', 'parroquia', 149),
    (787, 'BOCA DE AROA', 'parroquia', 149),
    (788, 'CM. TOCOPERO', 'parroquia', 150),
    (789, 'STA.CRUZ DE BUCARAL', 'parroquia', 151),
    (790, 'EL CHARAL', 'parroquia', 151),
    (791, 'LAS VEGAS DEL TUY', 'parroquia', 151),
    (792, 'URUMACO', 'parroquia', 152),
    (793, 'BRUZUAL', 'parroquia', 152),
    (794, 'PUERTO CUMAREBO', 'parroquia', 153),
    (795, 'LA CIENAGA', 'parroquia', 153),
    (796, 'LA SOLEDAD', 'parroquia', 153),
    (797, 'PUEBLO CUMAREBO', 'parroquia', 153),
    (798, 'ZAZARIDA', 'parroquia', 153),
    (799, 'CAMAGUAN', 'parroquia', 154),
    (800, 'PUERTO MIRANDA', 'parroquia', 154),
    (801, 'UVERITO', 'parroquia', 154),
    (802, 'CHAGUARAMAS', 'parroquia', 155),
    (803, 'EL SOCORRO', 'parroquia', 156),
    (804, 'CALABOZO', 'parroquia', 157),
    (805, 'EL CALVARIO', 'parroquia', 157),
    (806, 'EL RASTRO', 'parroquia', 157),
    (807, 'GUARDATINAJAS', 'parroquia', 157),
    (808, 'TUCUPIDO', 'parroquia', 158),
    (809, 'SAN RAFAEL DE LAYA', 'parroquia', 158),
    (810, 'ALTAGRACIA DE ORITUCO', 'parroquia', 161),
    (811, 'LEZAMA', 'parroquia', 161),
    (812, 'LIBERTAD DE ORITUCO', 'parroquia', 161),
    (813, 'SAN FCO DE MACAIRA', 'parroquia', 161),
    (814, 'SAN RAFAEL DE ORITUCO', 'parroquia', 161),
    (815, 'SOUBLETTE', 'parroquia', 161),
    (816, 'PASO REAL DE MACAIRA', 'parroquia', 161),
    (817, 'SAN JUAN DE LOS MORROS', 'parroquia', 160),
    (818, 'PARAPARA', 'parroquia', 160),
    (819, 'CANTAGALLO', 'parroquia', 160),
    (820, 'LAS MERCEDES', 'parroquia', 161),
    (821, 'STA RITA DE MANAPIRE', 'parroquia', 161),
    (822, 'CABRUTA', 'parroquia', 161),
    (823, 'EL SOMBRERO', 'parroquia', 162),
    (824, 'SOSA', 'parroquia', 162),
    (825, 'VALLE DE LA PASCUA', 'parroquia', 163),
    (826, 'ESPINO', 'parroquia', 163),
    (827, 'ORTIZ', 'parroquia', 164),
    (828, 'SAN FCO. DE TIZNADOS', 'parroquia', 164),
    (829, 'SAN JOSE DE TIZNADOS', 'parroquia', 164),
    (830, 'S LORENZO DE TIZNADOS', 'parroquia', 164),
    (831, 'GUAYABAL', 'parroquia', 165),
    (832, 'CAZORLA', 'parroquia', 165),
    (833, 'SAN JOSE DE GUARIBE', 'parroquia', 166),
    (834, 'SANTA MARIA DE IPIRE', 'parroquia', 167),
    (835, 'ALTAMIRA', 'parroquia', 167),
    (836, 'ZARAZA', 'parroquia', 168),
    (837, 'SAN JOSE DE UNARE', 'parroquia', 168),
    (838, 'PIO TAMAYO', 'parroquia', 169),
    (839, 'YACAMBU', 'parroquia', 169),
    (840, 'QBDA. HONDA DE GUACHE', 'parroquia', 169),
    (841, 'FREITEZ', 'parroquia', 170),
    (842, 'JOSE MARIA BLANCO', 'parroquia', 170),
    (843, 'CATEDRAL', 'parroquia', 171),
    (844, 'LA CONCEPCION', 'parroquia', 171),
    (845, 'SANTA ROSA', 'parroquia', 171),
    (846, 'UNION', 'parroquia', 171),
    (847, 'EL CUJI', 'parroquia', 171),
    (848, 'TAMACA', 'parroquia', 171),
    (849, 'JUAN DE VILLEGAS', 'parroquia', 171),
    (850, 'AGUEDO fk_lugar. ALVARADO', 'parroquia', 171),
    (851, 'BUENA VISTA', 'parroquia', 171),
    (852, 'JUAREZ', 'parroquia', 171),
    (853, 'JUAN B RODRIGUEZ', 'parroquia', 172),
    (854, 'DIEGO DE LOZADA', 'parroquia', 172),
    (855, 'SAN MIGUEL', 'parroquia', 172),
    (856, 'CUARA', 'parroquia', 172),
    (857, 'PARAISO DE SAN JOSE', 'parroquia', 172),
    (858, 'TINTORERO', 'parroquia', 172),
    (859, 'JOSE BERNARDO DORANTE', 'parroquia', 172);

INSERT INTO Lugar (ID_LUGAR, NOMBRE_LUGAR, TIPO_LUGAR, FK_LUGAR) VALUES
    (860, 'CRNEL. MARIANO PERAZA', 'parroquia', 172),
    (861, 'BOLIVAR', 'parroquia', 173),
    (862, 'ANZOATEGUI', 'parroquia', 173),
    (863, 'GUARICO', 'parroquia', 173),
    (864, 'HUMOCARO ALTO', 'parroquia', 173),
    (865, 'HUMOCARO BAJO', 'parroquia', 173),
    (866, 'MORAN', 'parroquia', 173),
    (867, 'HILARIO LUNA Y LUNA', 'parroquia', 173),
    (868, 'LA CANDELARIA', 'parroquia', 173),
    (869, 'CABUDARE', 'parroquia', 174),
    (870, 'JOSE G. BASTIDAS', 'parroquia', 174),
    (871, 'AGUA VIVA', 'parroquia', 174),
    (872, 'SARARE', 'parroquia', 175),
    (873, 'GUSTAVO VEGAS LEON', 'parroquia', 175),
    (874, 'BURIA', 'parroquia', 175),
    (875, 'TRINIDAD SAMUEL', 'parroquia', 176),
    (876, 'ANTONIO DIAZ', 'parroquia', 176),
    (877, 'CAMACARO', 'parroquia', 176),
    (878, 'CASTAÑEDA', 'parroquia', 176),
    (879, 'CHIQUINQUIRA', 'parroquia', 176),
    (880, 'ESPINOZA LOS MONTEROS', 'parroquia', 176),
    (881, 'LARA', 'parroquia', 176),
    (882, 'MANUEL MORILLO', 'parroquia', 176),
    (883, 'MONTES DE OCA', 'parroquia', 176),
    (884, 'TORRES', 'parroquia', 176),
    (885, 'EL BLANCO', 'parroquia', 176),
    (886, 'MONTA A VERDE', 'parroquia', 176),
    (887, 'HERIBERTO ARROYO', 'parroquia', 176),
    (888, 'LAS MERCEDES', 'parroquia', 176),
    (889, 'CECILIO ZUBILLAGA', 'parroquia', 176),
    (890, 'REYES VARGAS', 'parroquia', 176),
    (891, 'ALTAGRACIA', 'parroquia', 176),
    (892, 'SIQUISIQUE', 'parroquia', 177),
    (893, 'SAN MIGUEL', 'parroquia', 177),
    (894, 'XAGUAS', 'parroquia', 177),
    (895, 'MOROTURO', 'parroquia', 177),
    (896, 'CARABALLEDA', 'parroquia', 178),
    (897, 'CARAYACA', 'parroquia', 178),
    (898, 'CARUAO', 'parroquia', 178),
    (899, 'CATIA LA MAR', 'parroquia', 178),
    (900, 'LA GUAIRA', 'parroquia', 178),
    (901, 'MACUTO', 'parroquia', 178),
    (902, 'MAIQUETIA', 'parroquia', 178),
    (903, 'NAIGUATA', 'parroquia', 178),
    (904, 'EL JUNKO', 'parroquia', 178),
    (905, 'PQ RAUL LEONI', 'parroquia', 178),
    (906, 'PQ CARLOS SOUBLETTE', 'parroquia', 178),
    (907, 'GABRIEL PICON G.', 'parroquia', 179),
    (908, 'HECTOR AMABLE MORA', 'parroquia', 179),
    (909, 'JOSE NUCETE SARDI', 'parroquia', 179),
    (910, 'PULIDO MENDEZ', 'parroquia', 179),
    (911, 'PTE. ROMULO GALLEGOS', 'parroquia', 179),
    (912, 'PRESIDENTE BETANCOURT', 'parroquia', 179),
    (913, 'PRESIDENTE PAEZ', 'parroquia', 179),
    (914, 'CM. LA AZULITA', 'parroquia', 180),
    (915, 'CM. STA CRUZ DE MORA', 'parroquia', 181),
    (916, 'MESA BOLIVAR', 'parroquia', 181),
    (917, 'MESA DE LAS PALMAS', 'parroquia', 181),
    (918, 'CM. ARICAGUA', 'parroquia', 182),
    (919, 'SAN ANTONIO', 'parroquia', 182),
    (920, 'CM. CANAGUA', 'parroquia', 183),
    (921, 'CAPURI', 'parroquia', 183),
    (922, 'CHACANTA', 'parroquia', 183),
    (923, 'EL MOLINO', 'parroquia', 183),
    (924, 'GUAIMARAL', 'parroquia', 183),
    (925, 'MUCUTUY', 'parroquia', 183),
    (926, 'MUCUCHACHI', 'parroquia', 183),
    (927, 'ACEQUIAS', 'parroquia', 184),
    (928, 'JAJI', 'parroquia', 184),
    (929, 'LA MESA', 'parroquia', 184),
    (930, 'SAN JOSE', 'parroquia', 184),
    (931, 'MONTALBAN', 'parroquia', 184),
    (932, 'MATRIZ', 'parroquia', 184),
    (933, 'FERNANDEZ PEÑA', 'parroquia', 184),
    (934, 'CM. TUCANI', 'parroquia', 185),
    (935, 'FLORENCIO RAMIREZ', 'parroquia', 185),
    (936, 'CM. SANTO DOMINGO', 'parroquia', 186),
    (937, 'LAS PIEDRAS', 'parroquia', 186),
    (938, 'CM. GUARAQUE', 'parroquia', 187),
    (939, 'MESA DE QUINTERO', 'parroquia', 187),
    (940, 'RIO NEGRO', 'parroquia', 187),
    (941, 'CM. ARAPUEY', 'parroquia', 188),
    (942, 'PALMIRA', 'parroquia', 188),
    (943, 'CM. TORONDOY', 'parroquia', 189),
    (944, 'SAN CRISTOBAL DE T', 'parroquia', 189),
    (945, 'ARIAS', 'parroquia', 190),
    (946, 'SAGRARIO', 'parroquia', 190),
    (947, 'MILLA', 'parroquia', 190),
    (948, 'EL LLANO', 'parroquia', 190),
    (949, 'JUAN RODRIGUEZ SUAREZ', 'parroquia', 190),
    (950, 'JACINTO PLAZA', 'parroquia', 190),
    (951, 'DOMINGO PEÑA', 'parroquia', 190),
    (952, 'GONZALO PICON FEBRES', 'parroquia', 190),
    (953, 'OSUNA RODRIGUEZ', 'parroquia', 190),
    (954, 'LASSO DE LA VEGA', 'parroquia', 190),
    (955, 'CARACCIOLO PARRA P', 'parroquia', 190),
    (956, 'MARIANO PICON SALAS', 'parroquia', 190),
    (957, 'ANTONIO SPINETTI DINI', 'parroquia', 190),
    (958, 'EL MORRO', 'parroquia', 190),
    (959, 'LOS NEVADOS', 'parroquia', 190),
    (960, 'CM. TIMOTES', 'parroquia', 191),
    (961, 'ANDRES ELOY BLANCO', 'parroquia', 191),
    (962, 'PIÑANGO', 'parroquia', 191),
    (963, 'LA VENTA', 'parroquia', 191),
    (964, 'CM. STA ELENA DE ARENALES', 'parroquia', 192),
    (965, 'ELOY PAREDES', 'parroquia', 192),
    (966, 'PQ R DE ALCAZAR', 'parroquia', 192),
    (967, 'CM. STA MARIA DE CAPARO', 'parroquia', 193),
    (968, 'CM. PUEBLO LLANO', 'parroquia', 194),
    (969, 'CM. MUCUCHIES', 'parroquia', 195),
    (970, 'MUCURUBA', 'parroquia', 195),
    (971, 'SAN RAFAEL', 'parroquia', 195),
    (972, 'CACUTE', 'parroquia', 195),
    (973, 'LA TOMA', 'parroquia', 195),
    (974, 'CM. BAILADORES', 'parroquia', 196),
    (975, 'GERONIMO MALDONADO', 'parroquia', 196),
    (976, 'CM. TABAY', 'parroquia', 197),
    (977, 'CM. LAGUNILLAS', 'parroquia', 198),
    (978, 'CHIGUARA', 'parroquia', 198),
    (979, 'ESTANQUES', 'parroquia', 198),
    (980, 'SAN JUAN', 'parroquia', 198),
    (981, 'PUEBLO NUEVO DEL SUR', 'parroquia', 198),
    (982, 'LA TRAMPA', 'parroquia', 198),
    (983, 'EL LLANO', 'parroquia', 199),
    (984, 'TOVAR', 'parroquia', 199),
    (985, 'EL AMPARO', 'parroquia', 199),
    (986, 'SAN FRANCISCO', 'parroquia', 199),
    (987, 'CM. NUEVA BOLIVIA', 'parroquia', 200),
    (988, 'INDEPENDENCIA', 'parroquia', 200),
    (989, 'MARIA C PALACIOS', 'parroquia', 200),
    (990, 'SANTA APOLONIA', 'parroquia', 200),
    (991, 'CM. ZEA', 'parroquia', 201),
    (992, 'CAÑO EL TIGRE', 'parroquia', 201),
    (993, 'CAUCAGUA', 'parroquia', 202),
    (994, 'ARAGUITA', 'parroquia', 202),
    (995, 'AREVALO GONZALEZ', 'parroquia', 202),
    (996, 'CAPAYA', 'parroquia', 202),
    (997, 'PANAQUIRE', 'parroquia', 202),
    (998, 'RIBAS', 'parroquia', 202),
    (999, 'EL CAFE', 'parroquia', 202),
    (1000, 'MARIZAPA', 'parroquia', 202),
    (1001, 'SAN JOSE DE BARLOVENTO', 'parroquia', 203),
    (1002, 'CUMBO', 'parroquia', 203),
    (1003, 'BARUTA', 'parroquia', 204),
    (1004, 'EL CAFETAL', 'parroquia', 204),
    (1005, 'LAS MINAS DE BARUTA', 'parroquia', 204),
    (1006, 'SAN FCO DE YARE', 'parroquia', 205),
    (1007, 'S ANTONIO DE YARE', 'parroquia', 205),
    (1008, 'HIGUEROTE', 'parroquia', 206),
    (1009, 'CURIEPE', 'parroquia', 206),
    (1010, 'TACARIGUA', 'parroquia', 206),
    (1011, 'MAMPORAL', 'parroquia', 207),
    (1012, 'CARRIZAL', 'parroquia', 208),
    (1013, 'CHACAO', 'parroquia', 209),
    (1014, 'CHARALLAVE', 'parroquia', 210),
    (1015, 'LAS BRISAS', 'parroquia', 210),
    (1016, 'EL HATILLO', 'parroquia', 211),
    (1017, 'LOS TEQUES', 'parroquia', 212),
    (1018, 'CECILIO ACOSTA', 'parroquia', 212),
    (1019, 'PARACOTOS', 'parroquia', 212),
    (1020, 'SAN PEDRO', 'parroquia', 212),
    (1021, 'TACATA', 'parroquia', 212),
    (1022, 'EL JARILLO', 'parroquia', 212),
    (1023, 'ALTAGRACIA DE LA M', 'parroquia', 212),
    (1024, 'CUPIRA', 'parroquia', 213),
    (1025, 'MACHURUCUTO', 'parroquia', 213),
    (1026, 'STA TERESA DEL TUY', 'parroquia', 214),
    (1027, 'EL CARTANAL', 'parroquia', 214),
    (1028, 'OCUMARE DEL TUY', 'parroquia', 215),
    (1029, 'LA DEMOCRACIA', 'parroquia', 215),
    (1030, 'SANTA BARBARA', 'parroquia', 215),
    (1031, 'SAN ANTONIO LOS ALTOS', 'parroquia', 216),
    (1032, 'RIO CHICO', 'parroquia', 217),
    (1033, 'EL GUAPO', 'parroquia', 217),
    (1034, 'TACARIGUA DE LA LAGUNA', 'parroquia', 217),
    (1035, 'PAPARO', 'parroquia', 217),
    (1036, 'SN FERNANDO DEL GUAPO', 'parroquia', 217),
    (1037, 'SANTA LUCIA', 'parroquia', 218),
    (1038, 'GUARENAS', 'parroquia', 219),
    (1039, 'PETARE', 'parroquia', 220),
    (1040, 'LEONCIO MARTINEZ', 'parroquia', 220),
    (1041, 'CAUCAGUITA', 'parroquia', 220),
    (1042, 'FILAS DE MARICHES', 'parroquia', 220),
    (1043, 'LA DOLORITA', 'parroquia', 220),
    (1044, 'CUA', 'parroquia', 221),
    (1045, 'NUEVA CUA', 'parroquia', 221),
    (1046, 'GUATIRE', 'parroquia', 222),
    (1047, 'ARAIRA', 'parroquia', 222),
    (1048, 'CM. SAN ANTONIO', 'parroquia', 223),
    (1049, 'SAN FRANCISCO', 'parroquia', 223),
    (1050, 'CM. AGUASAY', 'parroquia', 224),
    (1051, 'CM. CARIPITO', 'parroquia', 225),
    (1052, 'CM. CARIPE', 'parroquia', 226),
    (1053, 'TERESEN', 'parroquia', 226),
    (1054, 'EL GUACHARO', 'parroquia', 226),
    (1055, 'SAN AGUSTIN', 'parroquia', 226),
    (1056, 'LA GUANOTA', 'parroquia', 226),
    (1057, 'SABANA DE PIEDRA', 'parroquia', 226),
    (1058, 'CM. CAICARA', 'parroquia', 227),
    (1059, 'AREO', 'parroquia', 227),
    (1060, 'SAN FELIX', 'parroquia', 227),
    (1061, 'VIENTO FRESCO', 'parroquia', 227),
    (1062, 'CM. TEMBLADOR', 'parroquia', 228),
    (1063, 'TABASCA', 'parroquia', 228),
    (1064, 'LAS ALHUACAS', 'parroquia', 228),
    (1065, 'CHAGUARAMAS', 'parroquia', 228),
    (1066, 'EL FURRIAL', 'parroquia', 229),
    (1067, 'JUSEPIN', 'parroquia', 229),
    (1068, 'EL COROZO', 'parroquia', 229),
    (1069, 'SAN VICENTE', 'parroquia', 229),
    (1070, 'LA PICA', 'parroquia', 229),
    (1071, 'ALTO DE LOS GODOS', 'parroquia', 229),
    (1072, 'BOQUERON', 'parroquia', 229),
    (1073, 'LAS COCUIZAS', 'parroquia', 229),
    (1074, 'SANTA CRUZ', 'parroquia', 229),
    (1075, 'SAN SIMON', 'parroquia', 229),
    (1076, 'CM. ARAGUA', 'parroquia', 230),
    (1077, 'CHAGUARAMAL', 'parroquia', 230),
    (1078, 'GUANAGUANA', 'parroquia', 230),
    (1079, 'APARICIO', 'parroquia', 230),
    (1080, 'TAGUAYA', 'parroquia', 230),
    (1081, 'EL PINTO', 'parroquia', 230),
    (1082, 'LA TOSCANA', 'parroquia', 230),
    (1083, 'CM. QUIRIQUIRE', 'parroquia', 231),
    (1084, 'CACHIPO', 'parroquia', 231),
    (1085, 'MORON', 'parroquia', 232),
    (1086, 'CM. SANTA BARBARA', 'parroquia', 232),
    (1087, 'CM. BARRANCAS', 'parroquia', 233),
    (1088, 'LOS BARRANCOS DE FAJARDO', 'parroquia', 233),
    (1089, 'CM. URACOA', 'parroquia', 234),
    (1090, 'CM. PUNTA DE MATA', 'parroquia', 235),
    (1091, 'EL TEJERO', 'parroquia', 235),
    (1092, 'ANTOLIN DEL CAMPO', 'parroquia', 236),
    (1093, 'CM.LA PLAZA DE PARAGUACHI', 'parroquia', 236),
    (1094, 'CM. SAN JUAN BAUTISTA', 'parroquia', 237),
    (1095, 'ZABALA', 'parroquia', 237),
    (1096, 'ARISMENDI', 'parroquia', 238),
    (1097, 'CM. LA ASUNCION', 'parroquia', 238),
    (1098, 'CM. VALLE ESP SANTO', 'parroquia', 239),
    (1099, 'FRANCISCO FAJARDO', 'parroquia', 239),
    (1100, 'CM. SANTA ANA', 'parroquia', 240),
    (1101, 'GUEVARA', 'parroquia', 240),
    (1102, 'MATASIETE', 'parroquia', 240),
    (1103, 'BOLIVAR', 'parroquia', 240),
    (1104, 'SUCRE', 'parroquia', 240),
    (1105, 'CM. BOCA DEL RIO', 'parroquia', 241),
    (1106, 'SAN FRANCISCO', 'parroquia', 241),
    (1107, 'CM. PAMPATAR', 'parroquia', 242),
    (1108, 'AGUIRRE', 'parroquia', 242),
    (1109, 'CM. JUAN GRIEGO', 'parroquia', 243),
    (1110, 'ADRIAN', 'parroquia', 243),
    (1111, 'MARIÑO', 'parroquia', 244),
    (1112, 'CM. PORLAMAR', 'parroquia', 244),
    (1113, 'CM. PUNTA DE PIEDRAS', 'parroquia', 245),
    (1114, 'LOS BARALES', 'parroquia', 245),
    (1115, 'CM. SAN PEDRO DE COCHE', 'parroquia', 246),
    (1116, 'VICENTE FUENTES', 'parroquia', 246),
    (1117, 'CM. AGUA BLANCA', 'parroquia', 247),
    (1118, 'CM. ARAURE', 'parroquia', 248),
    (1119, 'RIO ACARIGUA', 'parroquia', 248),
    (1120, 'CM. PIRITU', 'parroquia', 249),
    (1121, 'UVERAL', 'parroquia', 249),
    (1122, 'CM. GUANARE', 'parroquia', 250),
    (1123, 'CORDOBA', 'parroquia', 250),
    (1124, 'SAN JUAN GUANAGUANARE', 'parroquia', 250),
    (1125, 'VIRGEN DE LA COROMOTO', 'parroquia', 250),
    (1126, 'SAN JOSE DE LA MONTAÑA', 'parroquia', 250),
    (1127, 'CM. GUANARITO', 'parroquia', 251),
    (1128, 'TRINIDAD DE LA CAPILLA', 'parroquia', 251),
    (1129, 'DIVINA PASTORA', 'parroquia', 251),
    (1130, 'CM. CHABASQUEN', 'parroquia', 252),
    (1131, 'PEÑA BLANCA', 'parroquia', 252),
    (1132, 'CM. OSPINO', 'parroquia', 253),
    (1133, 'APARICION', 'parroquia', 253),
    (1134, 'LA ESTACION', 'parroquia', 253),
    (1135, 'CM. ACARIGUA', 'parroquia', 254),
    (1136, 'PAYARA', 'parroquia', 254),
    (1137, 'PIMPINELA', 'parroquia', 254),
    (1138, 'RAMON PERAZA', 'parroquia', 254),
    (1139, 'CM. PAPELON', 'parroquia', 255),
    (1140, 'CAÑO DELGADITO', 'parroquia', 255),
    (1141, 'CM. BOCONOITO', 'parroquia', 256),
    (1142, 'ANTOLIN TOVAR AQUINO', 'parroquia', 256),
    (1143, 'CM. SAN RAFAEL DE ONOTO', 'parroquia', 257),
    (1144, 'SANTA FE', 'parroquia', 257),
    (1145, 'THERMO MORLES', 'parroquia', 257),
    (1146, 'CM. EL PLAYON', 'parroquia', 258),
    (1147, 'FLORIDA', 'parroquia', 258),
    (1148, 'CM. BISCUCUY', 'parroquia', 259),
    (1149, 'CONCEPCION', 'parroquia', 259),
    (1150, 'SAN RAFAEL PALO ALZADO', 'parroquia', 259),
    (1151, 'UVENCIO A VELASQUEZ', 'parroquia', 259),
    (1152, 'SAN JOSE DE SAGUAZ', 'parroquia', 259),
    (1153, 'VILLA ROSA', 'parroquia', 259),
    (1154, 'CM. VILLA BRUZUAL', 'parroquia', 260),
    (1155, 'CANELONES', 'parroquia', 260),
    (1156, 'SANTA CRUZ', 'parroquia', 260),
    (1157, 'SAN ISIDRO LABRADOR', 'parroquia', 260),
    (1158, 'MARIÑO', 'parroquia', 261),
    (1159, 'ROMULO GALLEGOS', 'parroquia', 261),
    (1160, 'SAN JOSE DE AREOCUAR', 'parroquia', 262),
    (1161, 'TAVERA ACOSTA', 'parroquia', 262),
    (1162, 'RIO CARIBE', 'parroquia', 263),
    (1163, 'SAN JUAN GALDONAS', 'parroquia', 263),
    (1164, 'PUERTO SANTO', 'parroquia', 263),
    (1165, 'EL MORRO DE PTO SANTO', 'parroquia', 263),
    (1166, 'ANTONIO JOSE DE SUCRE', 'parroquia', 263),
    (1167, 'EL PILAR', 'parroquia', 264),
    (1168, 'EL RINCON', 'parroquia', 264),
    (1169, 'GUARAUNOS', 'parroquia', 264),
    (1170, 'TUNAPUICITO', 'parroquia', 264),
    (1171, 'UNION', 'parroquia', 264),
    (1172, 'GRAL FCO. A VASQUEZ', 'parroquia', 264),
    (1173, 'SANTA CATALINA', 'parroquia', 265),
    (1174, 'SANTA ROSA', 'parroquia', 265),
    (1175, 'SANTA TERESA', 'parroquia', 265),
    (1176, 'BOLIVAR', 'parroquia', 265),
    (1177, 'MACARAPANA', 'parroquia', 265),
    (1178, 'CM. MARIGUITAR', 'parroquia', 266),
    (1179, 'YAGUARAPARO', 'parroquia', 267),
    (1180, 'LIBERTAD', 'parroquia', 267),
    (1181, 'PAUJIL', 'parroquia', 267),
    (1182, 'ARAYA', 'parroquia', 268),
    (1183, 'MANICUARE', 'parroquia', 268),
    (1184, 'CHACOPATA', 'parroquia', 268),
    (1185, 'TUNAPUY', 'parroquia', 269),
    (1186, 'CAMPO ELIAS', 'parroquia', 269),
    (1187, 'IRAPA', 'parroquia', 270),
    (1188, 'CAMPO CLARO', 'parroquia', 270),
    (1189, 'SORO', 'parroquia', 270),
    (1190, 'SAN ANTONIO DE IRAPA', 'parroquia', 270),
    (1191, 'MARABAL', 'parroquia', 270),
    (1192, 'CM. SAN ANT DEL GOLFO', 'parroquia', 271),
    (1193, 'CUMANACOA', 'parroquia', 272),
    (1194, 'ARENAS', 'parroquia', 272),
    (1195, 'ARICAGUA', 'parroquia', 272),
    (1196, 'COCOLLAR', 'parroquia', 272),
    (1197, 'SAN FERNANDO', 'parroquia', 272),
    (1198, 'SAN LORENZO', 'parroquia', 272),
    (1199, 'CARIACO', 'parroquia', 273),
    (1200, 'CATUARO', 'parroquia', 273),
    (1201, 'RENDON', 'parroquia', 273),
    (1202, 'SANTA CRUZ', 'parroquia', 273),
    (1203, 'SANTA MARIA', 'parroquia', 273),
    (1204, 'ALTAGRACIA', 'parroquia', 274),
    (1205, 'AYACUCHO', 'parroquia', 274),
    (1206, 'SANTA INES', 'parroquia', 274),
    (1207, 'VALENTIN VALIENTE', 'parroquia', 274),
    (1208, 'SAN JUAN', 'parroquia', 274),
    (1209, 'GRAN MARISCAL', 'parroquia', 274),
    (1210, 'RAUL LEONI', 'parroquia', 274),
    (1211, 'GUIRIA', 'parroquia', 275),
    (1212, 'CRISTOBAL COLON', 'parroquia', 275),
    (1213, 'PUNTA DE PIEDRA', 'parroquia', 275),
    (1214, 'BIDEAU', 'parroquia', 275),
    (1215, 'CM. CORDERO', 'parroquia', 276),
    (1216, 'CM. LAS MESAS', 'parroquia', 277),
    (1217, 'CM. COLON', 'parroquia', 278),
    (1218, 'RIVAS BERTI', 'parroquia', 278),
    (1219, 'SAN PEDRO DEL RIO', 'parroquia', 278),
    (1220, 'CM. SAN ANT DEL TACHIRA', 'parroquia', 279),
    (1221, 'PALOTAL', 'parroquia', 279),
    (1222, 'JUAN VICENTE GOMEZ', 'parroquia', 279),
    (1223, 'ISAIAS MEDINA ANGARITA', 'parroquia', 279),
    (1224, 'CM. TARIBA', 'parroquia', 280),
    (1225, 'LA FLORIDA', 'parroquia', 280),
    (1226, 'AMENODORO RANGEL LAMU', 'parroquia', 280),
    (1227, 'CM. STA. ANA  DEL TACHIRA', 'parroquia', 281),
    (1228, 'CM.SAN RAFAEL DEL PINAL', 'parroquia', 282),
    (1229, 'SANTO DOMINGO', 'parroquia', 282),
    (1230, 'ALBERTO ADRIANI', 'parroquia', 282),
    (1231, 'CM. SAN JOSE DE BOLIVAR', 'parroquia', 283),
    (1232, 'CM. LA FRIA', 'parroquia', 284),
    (1233, 'BOCA DE GRITA', 'parroquia', 284),
    (1234, 'JOSE ANTONIO PAEZ', 'parroquia', 284),
    (1235, 'CM. PALMIRA', 'parroquia', 285),
    (1236, 'CM. CAPACHO NUEVO', 'parroquia', 286),
    (1237, 'JUAN GERMAN ROSCIO', 'parroquia', 286),
    (1238, 'ROMAN CARDENAS', 'parroquia', 286),
    (1239, 'CM. LA GRITA', 'parroquia', 287),
    (1240, 'EMILIO C. GUERRERO', 'parroquia', 287),
    (1241, 'MONS. MIGUEL A SALAS', 'parroquia', 287),
    (1242, 'CM. EL COBRE', 'parroquia', 288),
    (1243, 'CM. RUBIO', 'parroquia', 289),
    (1244, 'BRAMON', 'parroquia', 289),
    (1245, 'LA PETROLEA', 'parroquia', 289),
    (1246, 'QUINIMARI', 'parroquia', 289),
    (1247, 'CM. CAPACHO VIEJO', 'parroquia', 290),
    (1248, 'CIPRIANO CASTRO', 'parroquia', 290),
    (1249, 'MANUEL FELIPE RUGELES', 'parroquia', 290),
    (1250, 'CM. ABEJALES', 'parroquia', 291),
    (1251, 'SAN JOAQUIN DE NAVAY', 'parroquia', 291),
    (1252, 'DORADAS', 'parroquia', 291),
    (1253, 'EMETERIO OCHOA', 'parroquia', 291),
    (1254, 'CM. LOBATERA', 'parroquia', 292),
    (1255, 'CONSTITUCION', 'parroquia', 292),
    (1256, 'CM. MICHELENA', 'parroquia', 293),
    (1257, 'CM. COLONCITO', 'parroquia', 294),
    (1258, 'LA PALMITA', 'parroquia', 294),
    (1259, 'CM. UREÑA', 'parroquia', 295),
    (1260, 'NUEVA ARCADIA', 'parroquia', 295),
    (1261, 'CM. DELICIAS', 'parroquia', 296),
    (1262, 'CM. LA TENDIDA', 'parroquia', 297),
    (1263, 'BOCONO', 'parroquia', 297),
    (1264, 'HERNANDEZ', 'parroquia', 297),
    (1265, 'LA CONCORDIA', 'parroquia', 298),
    (1266, 'PEDRO MARIA MORANTES', 'parroquia', 298),
    (1267, 'SN JUAN BAUTISTA', 'parroquia', 298),
    (1268, 'SAN SEBASTIAN', 'parroquia', 298),
    (1269, 'DR. FCO. ROMERO LOBO', 'parroquia', 298),
    (1270, 'CM. UMUQUENA', 'parroquia', 299),
    (1271, 'CM. SEBORUCO', 'parroquia', 300),
    (1272, 'CM. SAN SIMON', 'parroquia', 301),
    (1273, 'CM. QUENIQUEA', 'parroquia', 302),
    (1274, 'SAN PABLO', 'parroquia', 302),
    (1275, 'ELEAZAR LOPEZ CONTRERA', 'parroquia', 302),
    (1276, 'CM. SAN JOSECITO', 'parroquia', 303),
    (1277, 'CM. PREGONERO', 'parroquia', 304),
    (1278, 'CARDENAS', 'parroquia', 304),
    (1279, 'POTOSI', 'parroquia', 304),
    (1280, 'JUAN PABLO PEÑALOZA', 'parroquia', 304),
    (1281, 'SANTA ISABEL', 'parroquia', 305),
    (1282, 'ARAGUANEY', 'parroquia', 305),
    (1283, 'EL JAGUITO', 'parroquia', 305),
    (1284, 'LA ESPERANZA', 'parroquia', 305),
    (1285, 'BOCONO', 'parroquia', 306),
    (1286, 'EL CARMEN', 'parroquia', 306),
    (1287, 'MOSQUEY', 'parroquia', 306),
    (1288, 'AYACUCHO', 'parroquia', 306),
    (1289, 'BURBUSAY', 'parroquia', 306),
    (1290, 'GENERAL RIVAS', 'parroquia', 306),
    (1291, 'MONSEÑOR JAUREGUI', 'parroquia', 306),
    (1292, 'RAFAEL RANGEL', 'parroquia', 306),
    (1293, 'SAN JOSE', 'parroquia', 306),
    (1294, 'SAN MIGUEL', 'parroquia', 306),
    (1295, 'GUARAMACAL', 'parroquia', 306),
    (1296, 'LA VEGA DE GUARAMACAL', 'parroquia', 306),
    (1297, 'SABANA GRANDE', 'parroquia', 307),
    (1298, 'CHEREGUE', 'parroquia', 307),
    (1299, 'GRANADOS', 'parroquia', 307),
    (1300, 'CHEJENDE', 'parroquia', 308),
    (1301, 'CARRILLO', 'parroquia', 308),
    (1302, 'CEGARRA', 'parroquia', 308),
    (1303, 'BOLIVIA', 'parroquia', 308),
    (1304, 'MANUEL SALVADOR ULLOA', 'parroquia', 308),
    (1305, 'SAN JOSE', 'parroquia', 308),
    (1306, 'ARNOLDO GABALDON', 'parroquia', 308),
    (1307, 'CARACHE', 'parroquia', 309),
    (1308, 'LA CONCEPCION', 'parroquia', 309),
    (1309, 'CUICAS', 'parroquia', 309),
    (1310, 'PANAMERICANA', 'parroquia', 309),
    (1311, 'SANTA CRUZ', 'parroquia', 309),
    (1312, 'CARVAJAL', 'parroquia', 310),
    (1313, 'ANTONIO N BRICEÑO', 'parroquia', 310),
    (1314, 'CAMPO ALEGRE', 'parroquia', 310),
    (1315, 'JOSE LEONARDO SUAREZ', 'parroquia', 310),
    (1316, 'ESCUQUE', 'parroquia', 311),
    (1317, 'SABANA LIBRE', 'parroquia', 311),
    (1318, 'LA UNION', 'parroquia', 311),
    (1319, 'SANTA RITA', 'parroquia', 311),
    (1320, 'CAMPO ELIAS', 'parroquia', 312),
    (1321, 'ARNOLDO GABALDON', 'parroquia', 312),
    (1322, 'SANTA APOLONIA', 'parroquia', 312),
    (1323, 'LA CEIBA', 'parroquia', 313),
    (1324, 'EL PROGRESO', 'parroquia', 313),
    (1325, 'TRES DE FEBRERO', 'parroquia', 313),
    (1326, 'EL SOCORRO', 'parroquia', 314),
    (1327, 'LOS CAPRICHOS', 'parroquia', 314),
    (1328, 'ANTONIO JOSE DE SUCRE', 'parroquia', 314),
    (1329, 'EL DIVIDIVE', 'parroquia', 315),
    (1330, 'AGUA CALIENTE', 'parroquia', 315),
    (1331, 'EL CENIZO', 'parroquia', 315),
    (1332, 'AGUA SANTA', 'parroquia', 315),
    (1333, 'VALERITA', 'parroquia', 315),
    (1334, 'MONTE CARMELO', 'parroquia', 316),
    (1335, 'BUENA VISTA', 'parroquia', 316),
    (1336, 'STA MARIA DEL HORCON', 'parroquia', 316),
    (1337, 'MOTATAN', 'parroquia', 317),
    (1338, 'EL BAÑO', 'parroquia', 317),
    (1339, 'JALISCO', 'parroquia', 317),
    (1340, 'PAMPAN', 'parroquia', 318),
    (1341, 'SANTA ANA', 'parroquia', 318),
    (1342, 'LA PAZ', 'parroquia', 318),
    (1343, 'FLOR DE PATRIA', 'parroquia', 318),
    (1344, 'PAMPANITO', 'parroquia', 319),
    (1345, 'PAMPANITO II', 'parroquia', 319),
    (1346, 'LA CONCEPCION', 'parroquia', 319),
    (1347, 'BETIJOQUE', 'parroquia', 320),
    (1348, 'JOSE G HERNANDEZ', 'parroquia', 320),
    (1349, 'LA PUEBLITA', 'parroquia', 320),
    (1350, 'EL CEDRO', 'parroquia', 320),
    (1351, 'SABANA DE MENDOZA', 'parroquia', 321),
    (1352, 'JUNIN', 'parroquia', 321),
    (1353, 'VALMORE RODRIGUEZ', 'parroquia', 321),
    (1354, 'EL PARAISO', 'parroquia', 321),
    (1355, 'CRISTOBAL MENDOZA', 'parroquia', 322),
    (1356, 'CHIQUINQUIRA', 'parroquia', 322),
    (1357, 'MATRIZ', 'parroquia', 322),
    (1358, 'MONSEÑOR CARRILLO', 'parroquia', 322),
    (1359, 'CRUZ CARRILLO', 'parroquia', 322);

INSERT INTO Lugar (ID_LUGAR, NOMBRE_LUGAR, TIPO_LUGAR, FK_LUGAR) VALUES
    (1360, 'ANDRES LINARES', 'parroquia', 322),
    (1361, 'TRES ESQUINAS', 'parroquia', 322),
    (1362, 'LA QUEBRADA', 'parroquia', 323),
    (1363, 'JAJO', 'parroquia', 323),
    (1364, 'LA MESA', 'parroquia', 323),
    (1365, 'SANTIAGO', 'parroquia', 323),
    (1366, 'CABIMBU', 'parroquia', 323),
    (1367, 'TUÑAME', 'parroquia', 323),
    (1368, 'MERCEDES DIAZ', 'parroquia', 324),
    (1369, 'JUAN IGNACIO MONTILLA', 'parroquia', 324),
    (1370, 'LA BEATRIZ', 'parroquia', 324),
    (1371, 'MENDOZA', 'parroquia', 324),
    (1372, 'LA PUERTA', 'parroquia', 324),
    (1373, 'SAN LUIS', 'parroquia', 324),
    (1374, 'CM. SAN PABLO', 'parroquia', 325),
    (1375, 'CM. AROA', 'parroquia', 326),
    (1376, 'CM. CHIVACOA', 'parroquia', 327),
    (1377, 'CAMPO ELIAS', 'parroquia', 327),
    (1378, 'CM. COCOROTE', 'parroquia', 328),
    (1379, 'CM. INDEPENDENCIA', 'parroquia', 329),
    (1380, 'CM. SABANA DE PARRA', 'parroquia', 330),
    (1381, 'CM. BORAURE', 'parroquia', 331),
    (1382, 'CM. YUMARE', 'parroquia', 332),
    (1383, 'CM. NIRGUA', 'parroquia', 333),
    (1384, 'SALOM', 'parroquia', 333),
    (1385, 'TEMERLA', 'parroquia', 333),
    (1386, 'CM. YARITAGUA', 'parroquia', 334),
    (1387, 'SAN ANDRES', 'parroquia', 334),
    (1388, 'CM. SAN FELIPE', 'parroquia', 335),
    (1389, 'ALBARICO', 'parroquia', 335),
    (1390, 'SAN JAVIER', 'parroquia', 335),
    (1391, 'CM. GUAMA', 'parroquia', 336),
    (1392, 'CM. URACHICHE', 'parroquia', 337),
    (1393, 'CM. FARRIAR', 'parroquia', 338),
    (1394, 'EL GUAYABO', 'parroquia', 338),
    (1395, 'MONAGAS', 'parroquia', 339),
    (1396, 'ISLA DE TOAS', 'parroquia', 339),
    (1397, 'GENERAL URDANETA', 'parroquia', 340),
    (1398, 'LIBERTADOR', 'parroquia', 340),
    (1399, 'MANUEL GUANIPA MATOS', 'parroquia', 340),
    (1400, 'MARCELINO BRICEÑO', 'parroquia', 340),
    (1401, 'SAN TIMOTEO', 'parroquia', 340),
    (1402, 'PUEBLO NUEVO', 'parroquia', 340),
    (1403, 'AMBROSIO', 'parroquia', 341),
    (1404, 'GERMAN RIOS LINARES', 'parroquia', 341),
    (1405, 'JORGE HERNANDEZ', 'parroquia', 341),
    (1406, 'LA ROSA', 'parroquia', 341),
    (1407, 'PUNTA GORDA', 'parroquia', 341),
    (1408, 'CARMEN HERRERA', 'parroquia', 341),
    (1409, 'SAN BENITO', 'parroquia', 341),
    (1410, 'ROMULO BETANCOURT', 'parroquia', 341),
    (1411, 'ARISTIDES CALVANI', 'parroquia', 341),
    (1412, 'UDON PEREZ', 'parroquia', 342),
    (1413, 'ENCONTRADOS', 'parroquia', 342),
    (1414, 'SANTA CRUZ DEL ZULIA', 'parroquia', 343),
    (1415, 'URRIBARRI', 'parroquia', 343),
    (1416, 'MORALITO', 'parroquia', 343),
    (1417, 'SAN CARLOS DEL ZULIA', 'parroquia', 343),
    (1418, 'SANTA BARBARA', 'parroquia', 343),
    (1419, 'SIMON RODRIGUEZ', 'parroquia', 344),
    (1420, 'CARLOS QUEVEDO', 'parroquia', 344),
    (1421, 'FRANCISCO J PULGAR', 'parroquia', 344),
    (1422, 'GOAJIRA', 'parroquia', 345),
    (1423, 'ELIAS SANCHEZ RUBIO', 'parroquia', 345),
    (1424, 'SINAMAICA', 'parroquia', 345),
    (1425, 'ALTA GUAJIRA', 'parroquia', 345),
    (1426, 'JOSE RAMON YEPEZ', 'parroquia', 346),
    (1427, 'LA CONCEPCION', 'parroquia', 346),
    (1428, 'SAN JOSE', 'parroquia', 346),
    (1429, 'MARIANO PARRA LEON', 'parroquia', 346),
    (1430, 'BARI', 'parroquia', 347),
    (1431, 'JESUS M SEMPRUN', 'parroquia', 347),
    (1432, 'ANDRES BELLO', 'parroquia', 348),
    (1433, 'POTRERITOS', 'parroquia', 348),
    (1434, 'EL CARMELO', 'parroquia', 348),
    (1435, 'CHIQUINQUIRA', 'parroquia', 348),
    (1436, 'CONCEPCION', 'parroquia', 348),
    (1437, 'ELEAZAR LOPEZ C', 'parroquia', 349),
    (1438, 'ALONSO DE OJEDA', 'parroquia', 349),
    (1439, 'VENEZUELA', 'parroquia', 349),
    (1440, 'CAMPO LARA', 'parroquia', 349),
    (1441, 'LIBERTAD', 'parroquia', 349),
    (1442, 'SAN JOSE DE PERIJA', 'parroquia', 350),
    (1443, 'BARTOLOME DE LAS CASAS', 'parroquia', 350),
    (1444, 'LIBERTAD', 'parroquia', 350),
    (1445, 'RIO NEGRO', 'parroquia', 350),
    (1446, 'LUIS DE VICENTE', 'parroquia', 351),
    (1447, 'RICAURTE', 'parroquia', 351),
    (1448, 'MONS.MARCOS SERGIO G', 'parroquia', 351),
    (1449, 'SAN RAFAEL', 'parroquia', 351),
    (1450, 'LAS PARCELAS', 'parroquia', 351),
    (1451, 'TAMARE', 'parroquia', 351),
    (1452, 'LA SIERRITA', 'parroquia', 351),
    (1453, 'BOLIVAR', 'parroquia', 352),
    (1454, 'COQUIVACOA', 'parroquia', 352),
    (1455, 'CRISTO DE ARANZA', 'parroquia', 352),
    (1456, 'CHIQUINQUIRA', 'parroquia', 352),
    (1457, 'SANTA LUCIA', 'parroquia', 352),
    (1458, 'OLEGARIO VILLALOBOS', 'parroquia', 352),
    (1459, 'JUANA DE AVILA', 'parroquia', 352),
    (1460, 'CARACCIOLO PARRA PEREZ', 'parroquia', 352),
    (1461, 'IDELFONZO VASQUEZ', 'parroquia', 352),
    (1462, 'CACIQUE MARA', 'parroquia', 352),
    (1463, 'CECILIO ACOSTA', 'parroquia', 352),
    (1464, 'RAUL LEONI', 'parroquia', 352),
    (1465, 'FRANCISCO EUGENIO B', 'parroquia', 352),
    (1466, 'MANUEL DAGNINO', 'parroquia', 352),
    (1467, 'LUIS HURTADO HIGUERA', 'parroquia', 352),
    (1468, 'VENANCIO PULGAR', 'parroquia', 352),
    (1469, 'ANTONIO BORJAS ROMERO', 'parroquia', 352),
    (1470, 'SAN ISIDRO', 'parroquia', 352),
    (1471, 'FARIA', 'parroquia', 353),
    (1472, 'SAN ANTONIO', 'parroquia', 353),
    (1473, 'ANA MARIA CAMPOS', 'parroquia', 353),
    (1474, 'SAN JOSE', 'parroquia', 353),
    (1475, 'ALTAGRACIA', 'parroquia', 353),
    (1476, 'DONALDO GARCIA', 'parroquia', 354),
    (1477, 'SIXTO ZAMBRANO', 'parroquia', 354),
    (1478, 'EL ROSARIO', 'parroquia', 354),
    (1479, 'MARCIAL HERNANDEZ', 'parroquia', 355),
    (1480, 'FRANCISCO OCHOA', 'parroquia', 355),
    (1481, 'SAN FRANCISCO', 'parroquia', 355),
    (1482, 'EL BAJO', 'parroquia', 355),
    (1483, 'DOMITILA FLORES', 'parroquia', 355),
    (1484, 'LOS CORTIJOS', 'parroquia', 355),
    (1485, 'PEDRO LUCAS URRIBARRI', 'parroquia', 356),
    (1486, 'SANTA RITA', 'parroquia', 356),
    (1487, 'JOSE CENOVIO URRIBARR', 'parroquia', 356),
    (1488, 'EL MENE', 'parroquia', 356),
    (1489, 'RAFAEL MARIA BARALT', 'parroquia', 357),
    (1490, 'MANUEL MANRIQUE', 'parroquia', 357),
    (1491, 'RAFAEL URDANETA', 'parroquia', 357),
    (1492, 'GIBRALTAR', 'parroquia', 358),
    (1493, 'HERAS', 'parroquia', 358),
    (1494, 'M.ARTURO CELESTINO A', 'parroquia', 358),
    (1495, 'ROMULO GALLEGOS', 'parroquia', 358),
    (1496, 'BOBURES', 'parroquia', 358),
    (1497, 'EL BATEY', 'parroquia', 358),
    (1498, 'RAUL CUENCA', 'parroquia', 359),
    (1499, 'LA VICTORIA', 'parroquia', 359),
    (1500, 'RAFAEL URDANETA', 'parroquia', 359);



INSERT INTO estatus_orden_compra_b2c (ID_ESTATUS_B2C, nombre_estatus_orden_b2c,descripcion_estatus_orden_b2c)
VALUES
    (1,'Emitida', 'La orden fue creada pero no validada'),
    (2,'Validada', 'La pasarela de pago confirmó la transacción'),
    (3,'En preparación ', 'El almacén está preparando el pedido para su envío'),
    (4,'Despachada', 'El paquete fue entregado al courier'),
    (5,'Entregada', 'Confirmación de recepción final'),
    (6,'Facturada', 'Documento fiscal generado'),
    (7,'Cobrada', 'El dinero ingresó a la cuenta de MATTELUCAB'),
    (8,'Cancelada', 'Solo es posible si la orden no ha entrado en estado despachada'),
    (9,'Devuelta', 'Proceso de logística inversa por defectos de la calidad');

INSERT INTO estatus_orden_b2b (ID_ESTATUS_ORDEN_B2B,nombre_estatus_orden_b2b,descripcion_orden_b2b)
VALUES
    (1,'Emitida', 'La orden fue creada pero no validada'),
    (2,'Validada', 'Se verificó el credito del cliente'),
    (3,'En preparación ', 'El almacén está preparando el pedido para su envío'),
    (4,'Despachada', 'El paquete fue entregado al courier'),
    (5,'Entregada', 'Confirmación de recepción final'),
    (6,'Facturada', 'Documento fiscal generado'),
    (7,'Cobrada', 'El dinero ingresó a la cuenta de MATTELUCAB'),
    (8,'Cancelada', 'Solo es posible si la orden no ha entrado en estado despachada'),
    (9,'Devuelta', 'Proceso de logística inversa por defectos de la calidad');

-- NAYKARID
INSERT INTO EMPLEADO (ID_PERSONA_NATURAL, FK_LUGAR, RIF_PERSONA_NATURAL, DIRECCION_PERSONA_NATURAL, CEDULA_PERSONA_NATURAL, P_NOMBRE_PERSONA_NATURAL, S_NOMBRE_PERSONA_NATURAL, P_APELLIDO_PERSONA_NATURAL, S_APELLIDO_PERSONA_NATURAL, FECHA_NAC_PERSONA_NATURAL) VALUES 
    (1, 1, 'V-12345678-9', 'Av. Francisco de Miranda, Edif. Centro, Caracas', 'V-12345678', 'Carlos', 'Luis', 'Pérez', 'Gómez', '1985-04-12'),
    (2, 2, 'V-18765432-1', 'Urb. La Viña, Calle 14, Valencia', 'V-18765432', 'María', 'Alejandra', 'Rodríguez', 'López', '1990-08-25'),
    (3, 3, 'V-20123456-0', 'Sector 18 de Octubre, Av. 2, Maracaibo', 'V-20123456', 'Juan', 'Carlos', 'Martínez', 'Ruiz', '1992-11-03'),
    (4, 4, 'V-15987654-3', 'Centro, Carrera 19 con Calle 25, Barquisimeto', 'V-15987654', 'Ana', 'Karina', 'González', 'Fernández', '1988-01-15'),
    (5, 5, 'V-19345678-2', 'Alta Vista, Torre A, Puerto Ordaz', 'V-19345678', 'Luis', 'Eduardo', 'Díaz', 'Silva', '1991-05-20'),
    (6, 6, 'V-14567890-5', 'Barrio Obrero, Carrera 20, San Cristóbal', 'V-14567890', 'Pedro', 'José', 'García', 'Mendoza', '1982-09-30'),
    (7, 7, 'V-21098765-4', 'Av. Las Delicias, Maracay', 'V-21098765', 'Laura', 'Victoria', 'Hernández', 'Rojas', '1994-12-10'),
    (8, 8, 'V-17654321-8', 'Sector Las Garzas, Lechería', 'V-17654321', 'Diego', 'Alejandro', 'Torres', 'Castillo', '1989-07-08'),
    (9, 9, 'V-22334455-6', 'Urb. Miranda, Guarenas', 'V-22334455', 'Carmen', 'Alicia', 'Flores', 'Pineda', '1995-02-18'),
    (10,10, 'V-11223344-7', 'Av. 4 de Mayo, Porlamar', 'V-11223344', 'José', 'Gregorio', 'Romero', 'Vargas', '1979-10-05');
-- NAYKARID
INSERT INTO CONTRATO_PERSONAL (ID_CONTRATO, FK_EMPLEADO, CONTRATO_FECHA_INICIO, CONTRATO_FECHA_FIN) VALUES 
    (1, 1, '2024-01-15', NULL),          
    (2, 2, '2024-02-01', NULL),          
    (3, 3, '2024-03-10', NULL),
    (4, 4, '2025-01-10', '2025-12-31'), 
    (5, 5, '2025-06-01', NULL),
    (6, 6, '2025-08-15', NULL),
    (7, 7, '2026-01-05', NULL),
    (8, 8, '2026-02-20', NULL),
    (9, 9, '2026-03-01', NULL),
    (10,10, '2026-04-10', NULL);

-- NAYKARID Y DEVONY
INSERT INTO HORARIO (ID_HORARIO, DIA_HORARIO, HORA_ENTRADA_HORARIO, HORA_ENTRADA_SALIDA, TURNO_HORARIO) VALUES 
    (1, 'Lunes', '06:00:00', '14:00:00', 'mañana'),
    (2, 'Martes', '06:00:00', '14:00:00', 'mañana'),
    (3, 'Miercoles', '06:00:00', '14:00:00', 'mañana'),
    (4, 'Jueves', '06:00:00', '14:00:00', 'mañana'),
    (5, 'Viernes', '06:00:00', '14:00:00', 'mañana'),
    (6, 'Lunes', '14:00:00', '22:00:00', 'tarde'),
    (7, 'Martes', '14:00:00', '22:00:00', 'tarde'),
    (8, 'Sabado', '06:00:00', '14:00:00', 'mañana'),
    (9, 'Domingo', '22:00:00', '06:00:00', 'noche'),
    (10, 'Lunes', '08:00:00', '17:00:00', 'mañana');

--DEVONY Y NAYKARID
INSERT INTO TABULADOR_SALARIAL (ID_TABULADOR_SALARIAL, SUELDO_MENSUAL, SUELDO_HORA) VALUES 
    (1, 200.00, 1.25),
    (2, 280.00, 1.75),
    (3, 350.00, 2.19),
    (4, 400.00, 2.50),
    (5, 600.00, 3.75),
    (6, 500.00, 3.13),
    (7, 800.00, 5.00),
    (8, 900.00, 5.63),
    (9, 1200.00, 7.50),
    (10, 2000.00, 12.50);
-- NAYKARID
INSERT INTO DEPARTAMENTO (ID_DEPARTAMENTO, NOMBRE_DEPARTAMENTO) VALUES 
    (1, 'Investigación y Desarrollo (I+D)'), 
    (2, 'Diseño de Modas y Textil'),
    (3, 'Manufactura e Inyección'), 
    (4, 'Pintura y Estética Facial'),
    (5, 'Control de Calidad (QA)'), 
    (6, 'Logística y Distribución Hub'),
    (7, 'Ventas Corporativas B2B'), 
    (8, 'Mercadeo y Trade Marketing'),
    (9, 'Administración y Finanzas'), 
    (10, 'Gestión de Talento Humano');
-- NAYKARID
INSERT INTO CARGO (ID_CARGO, FK_TABULADOR_SALARIAL, FK_DEPARTAMENTO, NOMBRE_CARGO, DESCRIPCION_CARGO) VALUES 
    (1, 1, 3, 'Operador de Inyección', 'Encargado de operar las máquinas inyectoras de polímeros ABS y PVC.'),
    (2, 2, 4, 'Pintor Facial Especializado', 'Aplica tampografía y pintura detallada en los rostros de las piezas.'),
    (3, 3, 3, 'Supervisor de Manufactura', 'Supervisa la línea de ensamblaje en la planta principal.'),
    (4, 4, 7, 'Ejecutivo de Cuentas B2B', 'Atiende a distribuidores mayoristas de nivel de entrada.'),
    (5, 5, 7, 'Vendedor', 'Gestiona ventas de cada una de las ordenes.'),
    (6, 6, 1, 'Escultor de Prototipos 3D', 'Moldea en software 3D los nuevos conceptos de la marca.'),
    (7, 7, 2, 'Diseñador de Modas Senior', 'Crea los patrones textiles para la línea Signature y Black Label.'),
    (8, 8, 5, 'Ingeniero de Calidad (QA)', 'Ejecuta pruebas de estrés, toxicidad y caída libre a las piezas.'),
    (9, 9, 7, 'Gerente Nacional B2B', 'Dirige toda la estrategia de ventas corporativas a nivel nacional.'),
    (10, 10, 9, 'Director Financiero (CFO)', 'Administra el presupuesto, márgenes de rentabilidad y cuentas.');
-- NAYKARID
INSERT INTO CONTRATO_CARGO (ID_CONTRATO_CARGO, FK_CARGO, FK_CONTRATO, FECHA_INICIO_CONTRATO_CARGO, FECHA_FIN_CONTRATO_CARGO, HORAS_SEMANALES_CC, MOTIVO_CAMBIO_CARGO) VALUES 
    (1, 1, 1, '2024-01-15', NULL, 40, 'Asignación Inicial'),
    (2, 2, 2, '2024-02-01', NULL, 40, 'Asignación Inicial'),
    (3, 3, 3, '2024-03-10', NULL, 40, 'Asignación Inicial'),
    (4, 4, 4, '2025-01-10', '2025-12-31', 40, 'Contrato por Tiempo Determinado'),
    (5, 5, 5, '2025-06-01', NULL, 40, 'Promoción por Cumplimiento de Metas'),
    (6, 6, 6, '2025-08-15', NULL, 24, 'Medio Tiempo Fines de Semana'),
    (7, 7, 7, '2026-01-05', NULL, 24, 'Medio Tiempo Fines de Semana'),
    (8, 8, 8, '2026-02-20', NULL, 40, 'Asignación Inicial'),
    (9, 9, 9, '2026-03-01', NULL, 40, 'Asignación Inicial'),
    (10, 10, 10, '2026-04-10', NULL, 40, 'Contratación Ejecutiva Directa');
-- NAYKARID
INSERT INTO CONTRATO_HORARIO (ID_CONTRATO_HORARIO, FK_CONTRATO, FK_HORARIO) VALUES 
    (1, 1, 1),  
    (2, 2, 2),  
    (3, 3, 3),  
    (4, 4, 10), 
    (5, 5, 10), 
    (6, 6, 4),  
    (7, 7, 5),  
    (8, 8, 1),  
    (9, 9, 2),  
    (10, 10, 3);
-- NAYKARID y DEVONY
INSERT INTO BENEFICIO (ID_BENEFICIO, NOMBRE_BENEFICIO, DESCRIPCION_BENEFICIO, TIPO_BENEFICIO) VALUES 
    (1, 'Recargo Nocturno', 'Recargo salarial por laborar en turnos nocturnos', 'Bonificación'),
    (2, 'Prima Feriado/Descanso', 'Prima por laborar en días feriados', 'Bonificación'),
    (3, 'Comisión Volumen Máster', 'Comisión porcentual por volumen facturado', 'Desempeño'),
    (4, 'Bono Cumplimiento Metas', 'Bono asignado por alcanzar o superar metas', 'Desempeño'),
    (5, 'Regalía de Diseño (I+D)', 'Bono especial para autores de diseños', 'Desempeño'),
    (6, 'Regalía Black Label', 'Incentivo especial piezas Black Label', 'Desempeño'),
    (7, 'Bono Eficiencia', 'Bono de productividad métricas de planta', 'Desempeño'),
    (8, 'Seguro HCM', 'Póliza de salud para el trabajador', 'Salud'),
    (9, 'Bono de Alimentación', 'Subsidio de ley para alimentación', 'Otros'),
    (10, 'Bono por Antigüedad', 'Incentivo que premia la lealtad', 'Bonificación');
--NAYKARID Y DEVONY 
INSERT INTO CONTRATO_BENEFICIO (ID_CONTRATO_BENEFICIO, FK_CONTRATO_PERSONAL, FK_BENEFICIO, MONTO_CONTRATO_BENEFICIO, CANTIDAD_INCIDENCIAS) VALUES 
    (1, 1, 8, 150.00, 1),   
    (2, 1, 9, 40.00, 1),    
    (3, 2, 1, 25.50, 5),    
    (4, 3, 1, 45.00, 10), 
    (5, 4, 8, 150.00, 1),   
    (6, 5, 4, 300.00, 1),  
    (7, 6, 2, 50.00, 2),    
    (8, 7, 2, 50.00, 2),    
    (9, 8, 7, 100.00, 1),   
    (10, 10, 5, 500.00, 1);

--NAYKARID Y DEVONY 
INSERT INTO COLOR (ID_COLOR, NOMBRE_COLOR, CODIGO_HEX) VALUES 
    (1, 'Claro', '#F7E7CE'), 
    (2, 'Medio', '#E1B899'), 
    (3, 'Bronceado ', '#B1846A'), 
    (4, 'Oscuro', '#4A2E2B'), 
    (5, 'Fantasia', '#21c4ae'), 
    (6, 'Azul Profundo', '#204060'), 
    (7, 'Verde Esmeralda', '#2ECC71'), 
    (8, 'Miel Dorado', '#C59B27'), 
    (9, 'Castaño Oscuro', '#3E2723'), 
    (10, 'Violeta', '#9B59B6');
--DEVONY 
INSERT INTO META_MENSUAL (ID_META_MENSUAL, FK_CONTRATO_CARGO, FECHAINICIO_META, FECHAFIN_META, MONTO_META) VALUES 
    (1, 4, '2026-01-01', '2026-01-31', 5000.00),   
    (2, 5, '2026-01-01', '2026-01-31', 12000.00),  
    (3, 9, '2026-01-01', '2026-01-31', 25000.00),  
    (4, 4, '2026-02-01', '2026-02-28', 55000.00),  
    (5, 5, '2026-02-01', '2026-02-28', 13000.00),  
    (6, 9, '2026-02-01', '2026-02-28', 27000.00),  
    (7, 4, '2026-03-01', '2026-03-31', 6000.00),   
    (8, 5, '2026-03-01', '2026-03-31', 14000.00),  
    (9, 9, '2026-03-01', '2026-03-31', 30000.00),  
    (10, 4, '2026-04-01', '2026-04-30', 6500.00);
--NAYKARID Y DEVONY 
INSERT INTO ASISTENCIA (ID_ASISTENCIA, FK_CONTRATO, FECHA_HORA_ENTRADA_ASISTENCIA, FECHA_HORA_SALIDA_ASISTENCIA) VALUES 
    (1, 1, '2026-05-02 06:00:00', '2026-05-02 14:00:00'),
    (2, 2, '2026-05-02 14:00:00', '2026-05-02 22:00:00'),
    (3, 3, '2026-05-02 22:00:00', '2026-05-03 06:00:00'),
    (4, 4, '2026-05-02 08:00:00', '2026-05-02 17:00:00'),
    (5, 5, '2026-05-02 08:00:00', '2026-05-02 17:00:00'),
    (6, 6, '2026-05-03 06:00:00', '2026-05-03 14:00:00'),
    (7, 7, '2026-05-03 14:00:00', '2026-05-03 22:00:00'),
    (8, 8, '2026-05-04 06:00:00', '2026-05-04 14:00:00'),
    (9, 9, '2026-05-04 14:00:00', '2026-05-04 22:00:00'),
    (10, 10, '2026-05-04 22:00:00', '2026-05-05 06:00:00');
-- NAYKARID
INSERT INTO CATEGORIA (ID_CATEGORIA, FK_CATEGORIA_RECURSIVA, NOMBRE_CATEGORIA, DESCRIPCION_CATEGORIA) VALUES 
    (1, NULL, 'Muñecas Clásicas', 'Línea de muñecas de escala estándar y exhibición.'),
    (2, NULL, 'Accesorios', 'Complementos, ropa, zapatos y joyería en miniatura.'),
    (3, NULL, 'Playsets', 'Sets de juego y escenarios temáticos interactivos.'),
    (4, NULL, 'Vehículos', 'Autos, campers, aviones y transporte a escala.'),
    (5, NULL, 'Coleccionables', 'Piezas de exhibición Premium y Black Label.'),
    (6, 1, 'Fantasía', 'Sirenas, hadas, princesas y personajes míticos.'),
    (7, 1, 'Profesionales', 'Línea inspiracional con temática laboral y carreras.'),
    (8, 2, 'Ropa Casual', 'Atuendos de uso diario y moda urbana.'),
    (9, 3, 'Casas y Mansiones', 'Estructuras habitacionales grandes (Dreamhouse).'),
    (10, 4, 'Convertibles', 'Coches deportivos de techo abierto.');
--NAYKARID Y DEVONY 
INSERT INTO CATEGORIA_CATEGORIA (ID_CATEGORIA_CATEGORIA, FK_CATEGORIA_MADRE, FK_CATEGORIA_PADRE) VALUES 
    (1, 1, 3), 
    (2, 2, 1), 
    (3, 3, 1), 
    (4, 4, 2), 
    (5, 5, 2),
    (6, 6, 3), 
    (7, 7, 3), 
    (8, 8, 4), 
    (9, 9, 4), 
    (10, 10, 5);
--NAYKARID
INSERT INTO BANCO (ID_BANCO, NOMBRE_BANCO) VALUES 
    (1, 'Banco de Venezuela'),
    (2, 'Banesco'), 
    (3, 'Mercantil'), 
    (4, 'BBVA Provincial'), 
    (5, 'Banco del Tesoro'), 
    (6, 'Banco Bicentenario'), 
    (7, 'Banco Exterior'), 
    (8, 'Banco Caroní'), 
    (9, 'Banco Nacional de Crédito'), 
    (10, 'Banco Sofitasa');
--NAYKARID Y DEVONY 
INSERT INTO CARACTERISTICA (ID_CARACTERISTICA, NOMBRE_CARACTERISTICA, DESCRIPCION_CARACTERISTICA) VALUES 
    (1, 'Tipo de Ojos', 'Metodología visual y material de la mirada.'),
    (2, 'Pestañas Enraizadas', 'Especificación de filamentos en los párpados.'),
    (3, 'Acabado de Piel', 'Efecto estético de la superficie cutánea.'),
    (4, 'Densidad Cabello', 'Medición de folículos implantados por cm2.'),
    (5, 'Puntos Articulación', 'Métricas de uniones mecánicas del cuerpo.'),
    (6, 'Conector de Cuello', 'Tipo de anclaje físico de la cabeza.'),
    (7, 'Resistencia UV', 'Nivel de tolerancia a la degradación solar.'),
    (8, 'Complejidad Maquillaje', 'Número de fases de pintura facial.'),
    (9, 'Moldeado Pies', 'Formato estructural de la extremidad inferior.'),
    (10, 'Escala Proporción', 'Relación y dimensión paramétrica de la pieza.');
--NAYKARID Y DEVONY 
INSERT INTO PRUEBA (ID_PRUEBA, NOMBRE_PRUEBA, DESCRIPCION_PRUEBA) VALUES 
    (1, 'Caída Libre (Drop Test)', 'Evaluación del impacto físico estructural por liberación vertical.'), 
    (2, 'Toxicidad de Polímeros', 'Análisis químico de componentes pesados en compuestos plásticos.'), 
    (3, 'Tracción de Extremidades', 'Medición de la fuerza límite de desprendimiento en partes móviles.'),
    (4, 'Flamabilidad Textil', 'Prueba de resistencia a la ignición y propagación de llama en telas.'), 
    (5, 'Inspección Estética', 'Evaluación visual de acabados, pintura, fallas superficiales y empaque.'), 
    (6, 'Fatiga de Articulación', 'Ciclos continuos de movimiento para medir el desgaste de uniones.'),
    (7, 'Voltaje de Batería', 'Verificación del potencial eléctrico y estabilidad de celdas de energía.'), 
    (8, 'Resistencia al Agua', 'Prueba de estanqueidad y filtración de fluidos en compartimentos.'), 
    (9, 'Alérgenos Textiles', 'Detección de sustancias irritantes o nocivas en componentes textiles.'),
    (10, 'Compresión en Caja Máster', 'Medición de la resistencia de carga vertical en el empaque de despacho.');
--NAYKARID Y DEVONY 
INSERT INTO PROFESION (ID_PROFESION, NOMBRE_PROFESION, DESCRIPCION_PROFESION) VALUES 
    (1, 'Astronauta', 'Especialista entrenado para tripular, operar y realizar experimentos en naves espaciales.'), 
    (2, 'Cirujana', 'Médico especialista en el tratamiento de enfermedades mediante procedimientos quirúrgicos.'), 
    (3, 'Presidenta', 'Máxima autoridad ejecutiva responsable de la dirección política y administrativa.'), 
    (4, 'Ingeniera de Software', 'Profesional dedicada al diseño, desarrollo y mantenimiento de sistemas y aplicaciones.'),
    (5, 'Veterinaria de Mascotas', 'Especialista en la prevención, diagnóstico y tratamiento médico de animales domésticos.'), 
    (6, 'Piloto de Aviación', 'Técnico certificado a cargo de la navegación y operación de aeronaves comerciales o privadas.'), 
    (7, 'Chef Ejecutiva', 'Responsable de la gestión de cocina, diseño de menús y supervisión de la producción alimentaria.'),
    (8, 'Científica de Laboratorio', 'Investigadora encargada de ejecutar análisis, experimentos y pruebas biológicas o químicas.'), 
    (9, 'Arquitecta de Interiores', 'Diseñadora enfocada en la optimización espacial, estética y funcional de ambientes internos.'), 
    (10, 'Bombera de Rescate', 'Personal de emergencia capacitado para la extinción de incendios y salvamento en zonas de riesgo.');
--NAYKARID Y DEVONY
INSERT INTO CLASIFICACION (ID_CLASIFICACION, NOMBRE_CLASIFICACION, DESCRIPCION_CLASIFICACION) VALUES 
    (1, 'Black Label', 'Línea de colección orientada al público coleccionista'),
    (2, 'Gold Label', 'Ediciones exclusivas limitadas a un máximo de 25,000 unidades globales'),
    (3, 'Platinum Label', 'Ediciones ultra exclusivas numeradas consecutivamente con menos de 1,000 unidades'),
    (4, 'Pink Label', 'Línea de colección orientada a la venta masiva');
--NAYKARID Y DEVONY
INSERT INTO SET_REGALO (ID_SET_REGALO, NOMBRE_SET_REGALO) VALUES 
    (1, 'Aventura de Camping'), 
    (2, 'Boda de Ensueño'), 
    (3, 'Viajeros del Mundo'),
    (4, 'Colección Vintage 65'), 
    (5, 'Guardería de Cachorros'), 
    (6, 'Estudio Diseño de Moda'),
    (7, 'Concierto de Rock'), 
    (8, 'Paseo en Convertible'), 
    (9, 'Escuadrón STEM'),
    (10, 'Fiesta Sorpresa');
--NAYKARID Y DEVONY
INSERT INTO COLECCION (ID_COLECCION, NOMBRE_COLECCION, DESCRIPCION_COLECCION) VALUES 
    (1, 'Barbie Fashionistas', 'Línea de alta diversidad con múltiples cuerpos, pieles y ojos; base para el diseño de empaquetado optimizado en paletas de distribución.'),
    (2, 'Barbie Signature', 'Colección premium para adultos entusiastas, vinculada a membresías Gold y Platinum para otorgar acceso prioritario a lanzamientos.'),
    (3, 'Dreamhouse (Bienes Raíces)', 'Línea de activos inmobiliarios (casas, campers) que gestiona una estructura de ambientes, mobiliario y compatibilidad.'),
    (4, 'Día de Muertos', 'Edición especial de colección limitada con restricciones estrictas de compra por persona para mitigar la reventa web.'),
    (5, 'Barbie Sirena', 'Línea temática de fantasía de alta demanda comercial, solicitada habitualmente en órdenes de compra masivas por clientes B2B.'),
    (6, 'Inspiring Women', 'Serie de colección dedicada a figuras históricas femeninas, orientada a un mercado educativo y de exhibición premium.'),
    (7, 'Barbie Color Reveal', 'Línea basada en empaque ciego y experiencia de desempaquetado interactivo mediante agua, con alta rotación en inventario minorista.'),
    (8, 'Barbie Pop Reveal', 'Colección interactiva con temáticas sensoriales y de texturas, enfocada en el enganche del consumidor infantil y canales digitales.'),
    (9, 'Totally Hair Retro', 'Ediciones especiales inspiradas en modelos clásicos de gran volumen de cabello, enfocada en la nostalgia y coleccionistas veteranos.'),
    (10, 'Barbie Career Dolls', 'Modelos orientados a la representación de diversas profesiones técnicas y científicas, vinculada a campañas de responsabilidad social.');
--NAYKARID
INSERT INTO TIPO_CUERPO (ID_TIPO_CUERPO, NOMBRE_TIPO_CUERPO, DESCRIPCION_TIPO_CUERPO) VALUES 
    (1, 'Original', 'El cuerpo tradicional esbelto con las proporciones históricas'),
    (2, 'Curvy', 'Cuerpo con proporciones más realistas y curvas pronunciadas'),
    (3, 'Tall', 'Estructura de mayor estatura y extremidades alargadas'),
    (4, 'Petite', 'Estructura de menor estatura y contextura compacta'),
    (5, 'Made to Move', 'Cuerpo ultra articulado con 22 puntos de pivote');
--NAYKARID
INSERT INTO ERA (ID_ERA, NOMBRE_ERA, DESCRIPCION_ERA) VALUES 
    (1, 'Vintage', 'Período inicial desde 1959 con molde original'),
    (2, 'Mod Era', 'Época de finales de los 60 con colores psicodélicos'),
    (3, 'Superstar Era', 'Iniciada en 1977, icónica sonrisa amplia'),
    (4, 'Modern Era', 'Abarca los años 90 y principios de los 2000');
--DEVONY
INSERT INTO FASE (ID_FASE, NOMBRE_FASE, DESCRIPCION_FASE) VALUES 
    (1, 'Investigación y Desarrollo', 'Análisis de mercado, viabilidad técnica y conceptualización inicial del producto.'),
    (2, 'Diseño y Modelado 3D', 'Creación de planos digitales, prototipos tridimensionales y especificaciones técnicas.'),
    (3, 'Escultura y Moldes', 'Desarrollo de matrices físicas y moldes de acero para la inyección de las piezas.'),
    (4, 'Planificación de Producción', 'Asignación de recursos, turnos de personal y cronograma de la planta manufacturera.'),
    (5, 'Inyección y Moldeo', 'Proceso industrial de fundición y soplado de polímeros para crear las partes físicas.'),
    (6, 'Pintura y Estética', 'Aplicación de tampografía facial, detalles de color y acabados superficiales.'),
    (7, 'Ensamblaje y Confección', 'Unión mecánica de extremidades, implantación de cabello y colocación de vestimenta.'),
    (8, 'Control de Calidad (QA)', 'Ejecución de pruebas de estrés, toxicidad, caída libre e inspección visual.'),
    (9, 'Empacado y Paletizado', 'Sellado del producto en su caja comercial y optimización de bultos en paletas de carga.'),
    (10, 'Distribución Logística', 'Despacho hacia canales de venta, almacenamiento central y entregas a clientes B2B.');
--NAYKARID
INSERT INTO MONEDA (ID_MONEDA, NOMBRE_MONEDA, SIMBOLO_MONEDA, TIPO_MONEDA) VALUES
    (1, 'Dólar estadounidense', '$', 'Externa'),
    (2, 'Bolívares', 'Bs.', 'Externa'),
    (3, 'Tether', 'USDT', 'Criptomoneda'),
    (4, 'Bitcoin', 'BTC', 'Criptomoneda'),
    (5, 'BarbieCoins', '฿', 'Interna'),
    (6, 'Euro', '€', 'Externa'),
    (7, 'Peso Mexicano', '$', 'Externa'),
    (8, 'Ethereum', 'ETH', 'Criptomoneda'),
    (9, 'MattelPoints', 'MP', 'Interna'),
    (10, 'Libra Esterlina', '£', 'Externa');
--NAYKARID
INSERT INTO TIPO_TRANSPORTE (ID_TIPO_TRANSPORTE, NOMBRE_TIPO_TRANSPORTE, DESCRIPCION_TIPO_TRANSPORTE) VALUES 
    (1, 'Carga Consolidada B2B', 'Despachos masivos a grandes cadenas.'),
    (2, 'Paquetería B2C', 'Despacho individualizado consumidor final.'),
    (3, 'Marítimo', 'Mercancía en contenedores oceánicos.'),
    (4, 'Aéreo Express', 'Importación de emergencia.'),
    (5, 'Hub-to-Hub', 'Traslado masivo de stock interurbano.'),
    (6, 'Última Milla', 'Distribución urbana rápida.'),
    (7, 'Multimodal Internacional', 'Combinación terrestre y marítima.'),
    (8, 'Carga Química Controlada', 'Logística especial con temperatura.'),
    (9, 'Suministros y Cartonaje', 'Movimiento de cajas vacías y etiquetas.'),
    (10, 'Material POP', 'Distribución de exhibidores.');
--NAYKARID
INSERT INTO DESCUENTO (ID_DESCUENTO, NOMBRE_DESCUENTO, DESCRIPCION_DESCUENTO, PORCENTAJE_DESCUENTO) VALUES 
    (1, 'Lanzamiento Gold', 'Rebaja del 5% preventas.', 0.0500),
    (2, 'Aniversario Pink Box', 'Descuento especial del 10%.', 0.1000),
    (3, 'VIP Platinum', 'Reducción del 15% subastas.', 0.1500),
    (4, 'Black Friday', 'Descuento del 30% web.', 0.3000),
    (5, 'Volumen B2B', 'Incentivo del 12% por compras masivas.', 0.1200),
    (6, 'Liquidación Dreamtopia', 'Descuento del 50% remanentes.', 0.5000),
    (7, 'Bono Registro', 'Cortesía de bienvenida del 8%.', 0.0800),
    (8, 'Cumpleaños Premium', 'Beneficio del 20% aniversario.', 0.2000),
    (9, 'Suscripción Anual', 'Descuento del 25% transición.', 0.2500),
    (10, 'Saldos Outlet', 'Rebaja del 40% piezas de exhibición.', 0.4000);
--NAYKARID
INSERT INTO PIEZA (ID_PIEZA, NOMBRE_PIEZA, DESCRIPCION_PIEZA) VALUES 
    (1, 'Cabeza Vinyl Estándar', 'Pieza craneal externa fabricada en vinilo moldeado.'), 
    (2, 'Cuerpo Curvy Articulado', 'Estructura corporal completa con proporciones volumétricas y uniones móviles.'), 
    (3, 'Brazo Derecho Made-to-Move', 'Extremidad superior derecha diseñada para un rango de movimiento multiarticulado.'),
    (4, 'Mecanismo de Sonido Interno', 'Componente electrónico modular para la reproducción de audio interno.'), 
    (5, 'Torso Tall de Inyección', 'Bloque central del cuerpo con dimensiones alargadas fabricado por inyección.'), 
    (6, 'Cabeza de Goma Colectora', 'Pieza craneal de alta densidad orientada a ediciones especiales.'),
    (7, 'Pierna Izquierda Petite', 'Extremidad inferior izquierda con dimensiones de escala reducida.'), 
    (8, 'Fibra Textil de Sarán', 'Filamento sintético de alta calidad utilizado para la implantación de cabello.'), 
    (9, 'Pie Izquierdo Articulado', 'Componente terminal inferior izquierdo con eje de movimiento para calzado.'),
    (10, 'Micro-articulación de Codo', 'Conector mecánico a pequeña escala para la flexión de la extremidad.');

INSERT INTO MOLDE (ID_MOLDE, NOMBRE_MOLDE, DESCRIPCION_MOLDE) VALUES 
    (1, 'Superstar', 'Molde clásico de cara con sonrisa amplia y ojos mirando al frente.'), 
    (2, 'Mackie', 'Molde de rostro estilizado y boca cerrada, diseñado originalmente para ediciones de colección.'), 
    (3, 'Millie', 'Esculpido facial contemporáneo de facciones suaves y sonrisa sutil de apariencia moderna.'), 
    (4, 'Steffie', 'Molde de expresión nostálgica con labios redondeados y levemente fruncidos.'), 
    (5, 'Generation Girl', 'Diseño de rostro juvenil de finales de los noventa con sonrisa de dientes visibles.'),
    (6, 'Lara', 'Molde de facciones delgadas, pómulos marcados y boca cerrada con expresión seria.'), 
    (7, 'Goddess', 'Esculpido de facciones simétricas y estética madura orientado a ediciones de gala.'), 
    (8, 'Aphrodite', 'Molde de nariz perfilada y labios carnosos diseñado para líneas de diseñador premium.'), 
    (9, 'Claudette', 'Diseño de rostro contemporáneo y angular optimizado para rasgos étnicos específicos.'), 
    (10, 'Diva', 'Molde clásico con sutil apertura de boca, pómulos altos y expresión sofisticada.');
--MATHIAS Y DEVONY 
INSERT INTO PERSONA_JURIDICA
  (ID_PERSONA_JURIDICA, FK_LUGAR_DIR_FISICA, FK_LUGAR_DIR_FISCAL, RIF_PERSONA_JURIDICA,
   DIR_FISCAL_PERSONA_JURIDICA, RAZON_SOCIAL_PERSONA_JURIDICA,
   DIR_FISICA_PERSONA_JURIDICA, DENOM_COMERCIAL_PERJUR)
VALUES
(1, 360, 367, 'J-20000001-0', 'Av. Bolívar, Torre Empresarial, piso 1, oficina 1', 'Inversiones Andina C.A.', 'Av. Libertador, Galpón 1, Zona Industrial', 'MattelMax Bolivariana'),
(2, 361, 368, 'J-20000002-1', 'Calle Sucre, Torre Empresarial, piso 2, oficina 2', 'Corporación del Caribe S.A.', 'Calle Miranda, Galpón 2, Zona Industrial', 'ToyVen Capital'),
(3, 362, 369, 'J-20000003-2', 'Av. Urdaneta, Torre Empresarial, piso 3, oficina 3', 'Distribuidora Bolivariana S.R.L.', 'Av. Andrés Bello, Galpón 3, Zona Industrial', 'JuguetesYA Continental'),
(4, 363, 370, 'J-20000004-3', 'Calle Páez, Torre Empresarial, piso 4, oficina 4', 'Comercializadora Capital C.A.', 'Calle Comercio, Galpón 4, Zona Industrial', 'PlayCenter Venezolana'),
(5, 364, 371, 'J-20000005-4', 'Av. Libertador, Torre Empresarial, piso 5, oficina 5', 'Importadora Continental S.A.', 'Av. Principal, Galpón 5, Zona Industrial', 'KidsZone Atlántica'),
(6, 365, 372, 'J-20000006-5', 'Calle Miranda, Torre Empresarial, piso 6, oficina 6', 'Industrias Venezolana C.A.', 'Calle Real, Galpón 6, Zona Industrial', 'FunBox del Centro'),
(7, 366, 373, 'J-20000007-6', 'Av. Andrés Bello, Torre Empresarial, piso 7, oficina 7', 'Servicios Atlántica S.A.', 'Av. Bolívar, Galpón 7, Zona Industrial', 'LudoMarket Global'),
(8, 367, 374, 'J-20000008-7', 'Calle Comercio, Torre Empresarial, piso 8, oficina 8', 'Grupo del Centro S.R.L.', 'Calle Sucre, Galpón 8, Zona Industrial', 'MegaToys Pacífico'),
(9, 368, 375, 'J-20000009-8', 'Av. Principal, Torre Empresarial, piso 9, oficina 9', 'Constructora Global C.A.', 'Av. Urdaneta, Galpón 9, Zona Industrial', 'HappyKids Real'),
(10, 369, 376, 'J-20000010-9', 'Calle Real, Torre Empresarial, piso 10, oficina 10', 'Tecnología Pacífico S.A.', 'Calle Páez, Galpón 10, Zona Industrial', 'StarToys Premium');
--MATHIAS Y DEVONY
INSERT INTO CLIENTE_B2C
  (ID_PERSONA_NATURAL, FK_LUGAR, RIF_PERSONA_NATURAL, DIRECCION_PERSONA_NATURAL, CEDULA_PERSONA_NATURAL,
   P_NOMBRE_PERSONA_NATURAL, S_NOMBRE_PERSONA_NATURAL, P_APELLIDO_PERSONA_NATURAL,
   S_APELLIDO_PERSONA_NATURAL, FECHA_NAC_PERSONA_NATURAL)
VALUES
  (1, 360, 'V-10000001-0', 'Calle Zamora, edif. J, apto 14-5', 'V-10000001', 'Isabel', 'Benjamín', 'Escalona', NULL, DATE '1962-09-03'),
  (2, 361, 'V-10000002-1', 'Calle La Hoyada, urb. Altamira, casa 102', 'V-10000002', 'Roberto', 'Manuel', 'Paredes', NULL, DATE '1984-12-15'),
  (3, 362, 'V-10000003-2', 'Calle Los Palos Grandes, residencias Doña Rosa 3, apto 49', 'V-10000003', 'María', 'Tomás', 'Santana', 'Caldera', DATE '1968-09-04'),
  (4, 363, 'V-10000004-3', 'Av. Francisco de Miranda, quinta San Antonio, casa 104', 'V-10000004', 'Germán', 'Diego', 'Villalobos', 'Peña', DATE '1977-04-01'),
  (5, 364, 'V-10000005-4', 'Av. Chacaíto, quinta La Paz, casa 105', 'V-10000005', 'Patricia', 'Carmen', 'Marcano', 'Fuenmayor', DATE '1992-09-23'),
  (6, 365, 'V-10000006-5', 'Calle Real, edificio Sur 47, piso 4, oficina 11', 'V-10000006', 'Arturo', NULL, 'Gallo', 'Fonseca', DATE '2001-06-21'),
  (7, 366, 'V-10000007-6', 'Calle La Candelaria, quinta El Paraíso, casa 107', 'V-10000007', 'Adrián', 'Daniel', 'Escobar', 'Machado', DATE '1978-12-05'),
  (8, 367, 'V-10000008-7', 'Av. San Martín, edificio Plaza 9, piso 4, oficina 48', 'V-10000008', 'Eugenia', NULL, 'Ocando', 'Estrada', DATE '1983-07-28'),
  (9, 368, 'V-10000009-8', 'Calle Caracas, condominio El Encantado 25, casa 109', 'V-10000009', 'Irene', 'Elena', 'Orozco', NULL, DATE '1964-03-23'),
  (10, 369, 'V-10000010-9', 'Av. Chacaíto, condominio Colinas de Bello Monte 9, casa 110', 'V-10000010', 'Carolina', 'Inés', 'Escalante', NULL, DATE '1961-01-11'),
  (11, 370, 'V-10000011-0', 'Av. Boyacá, quinta El Carmen, casa 111', 'V-10000011', 'Alejandra', 'Wanda', 'Gallo', 'Morales', DATE '1974-03-10'),
  (12, 371, 'V-10000012-1', 'Av. La Marina, urb. El Bosque, casa 112', 'V-10000012', 'Sergio', 'Arturo', 'Rincón', 'Uribe', DATE '1993-07-18'),
  (13, 372, 'V-10000013-2', 'Av. Urdaneta, edif. F, apto 10-31', 'V-10000013', 'Zoraida', 'Úrsula', 'González', 'España', DATE '1965-03-13'),
  (14, 373, 'V-10000014-3', 'Av. Roosevelt, edificio Este 31, piso 9, oficina 11', 'V-10000014', 'Alejandro', NULL, 'Dugarte', 'Alvarado', DATE '1983-10-12'),
  (15, 374, 'V-10000015-4', 'Calle El Rosal, condominio Colinas de Bello Monte 15, casa 115', 'V-10000015', 'Irene', 'Yamilet', 'Cova', 'Ramos', DATE '1970-11-09'),
  (16, 375, 'V-10000016-5', 'Calle Real, casa 116', 'V-10000016', 'Jorge', 'Yonathan', 'Carrasquero', NULL, DATE '1980-07-15'),
  (17, 376, 'V-10000017-6', 'Av. Orinoco, urb. Los Palos Grandes, casa 117', 'V-10000017', 'Pedro', 'Lucas', 'Tineo', NULL, DATE '1971-11-14'),
  (18, 377, 'V-10000018-7', 'Av. Páez, edif. G, apto 12-55', 'V-10000018', 'Olivia', NULL, 'Arvelo', 'Cordero', DATE '1996-11-17'),
  (19, 378, 'V-10000019-8', 'Calle Zamora, urb. La Lagunita, casa 119', 'V-10000019', 'Manuel', 'Ignacio', 'Romero', 'Moreno', DATE '1977-01-23'),
  (20, 379, 'V-10000020-9', 'Calle Real, condominio Colinas de Bello Monte 4, casa 120', 'V-10000020', 'Natalia', 'Ana', 'Villanueva', NULL, DATE '1964-07-15'),
  (21, 380, 'V-10000021-0', 'Av. Orinoco, condominio Valle Arriba 28, casa 121', 'V-10000021', 'Zoraida', 'Enrique', 'Fajardo', NULL, DATE '1995-12-24'),
  (22, 381, 'V-10000022-1', 'Av. La Bandera, townhouse 45, casa 122', 'V-10000022', 'Jimena', 'Adriana', 'Galindo', 'Velásquez', DATE '2003-08-30'),
  (23, 382, 'V-10000023-2', 'Calle Comercio, residencias Doña Rosa 2, apto 75', 'V-10000023', 'Julio', NULL, 'Castillo', 'Carrasco', DATE '2002-10-10'),
  (24, 383, 'V-10000024-3', 'Calle Los Naranjos, edif. J, apto 3-87', 'V-10000024', 'Wanda', NULL, 'Sarmiento', NULL, DATE '1981-02-06'),
  (25, 384, 'V-10000025-4', 'Av. El Hatillo, quinta Santa María, casa 125', 'V-10000025', 'Víctor', 'Alejandro', 'Páez', NULL, DATE '1988-03-09'),
  (26, 385, 'V-10000026-5', 'Calle Real, casa 126', 'V-10000026', 'Kevin', NULL, 'Fonseca', 'Machado', DATE '2001-02-11'),
  (27, 386, 'V-10000027-6', 'Av. El Valle, edif. D, apto 12-37', 'V-10000027', 'Mariana', NULL, 'Dorta', 'Araujo', DATE '1974-02-25'),
  (28, 387, 'V-10000028-7', 'Av. La Marina, edif. C, apto 9-15', 'V-10000028', 'Hernán', 'Úrsula', 'Pérez', 'Henríquez', DATE '1969-08-08'),
  (29, 388, 'V-10000029-8', 'Calle El Paraíso, urb. La Trinidad, casa 129', 'V-10000029', 'Carolina', NULL, 'Hurtado', NULL, DATE '2005-05-05'),
  (30, 389, 'V-10000030-9', 'Av. Bolívar, residencias San Carlos 9, apto 21', 'V-10000030', 'Manuel', NULL, 'Santana', 'Rivas', DATE '1999-08-22'),
  (31, 390, 'V-10000031-0', 'Av. Libertador, residencias Los Pinos 18, apto 19', 'V-10000031', 'Irene', 'Adrián', 'Blanco', 'Cabrera', DATE '1998-07-23'),
  (32, 391, 'V-10000032-1', 'Calle La California, edif. F, apto 18-53', 'V-10000032', 'Pablo', 'Alejandro', 'Oliveros', NULL, DATE '1973-11-12'),
  (33, 392, 'V-10000033-2', 'Av. El Silencio, townhouse 43, casa 133', 'V-10000033', 'Liliana', 'Arturo', 'Rojas', NULL, DATE '1982-04-06'),
  (34, 393, 'V-10000034-3', 'Av. San Martín, residencias El Paraíso 8, apto 29', 'V-10000034', 'Gabriel', 'Ricardo', 'Zapata', NULL, DATE '1962-02-14'),
  (35, 394, 'V-10000035-4', 'Calle La Candelaria, residencias Doña Rosa 4, apto 34', 'V-10000035', 'Florencia', 'Martín', 'Graterol', 'Sarmiento', DATE '1976-01-08'),
  (36, 395, 'V-10000036-5', 'Calle San Martín, edif. G, apto 19-25', 'V-10000036', 'Gloria', NULL, 'Escalante', 'Machado', DATE '1982-11-07'),
  (37, 396, 'V-10000037-6', 'Av. El Dorado, townhouse 5, casa 137', 'V-10000037', 'Valentín', NULL, 'Barreto', 'Cortez', DATE '1989-08-15'),
  (38, 397, 'V-10000038-7', 'Calle El Marqués, townhouse 45, casa 138', 'V-10000038', 'Andrea', 'Daniela', 'Rincón', 'Reyes', DATE '1986-07-11'),
  (39, 398, 'V-10000039-8', 'Calle La Candelaria, casa 139', 'V-10000039', 'Emma', 'Teresa', 'Cedeño', 'Landaeta', DATE '1987-04-06'),
  (40, 399, 'V-10000040-9', 'Av. Río de Janeiro, edificio Este 6, piso 5, oficina 33', 'V-10000040', 'Valentín', 'Mariana', 'Zambrano', 'Dorta', DATE '1990-01-26'),
  (41, 400, 'V-10000041-0', 'Calle Miranda, urb. Altamira, casa 141', 'V-10000041', 'Héctor', 'Xavier', 'Cortez', NULL, DATE '1966-07-14'),
  (42, 401, 'V-10000042-1', 'Av. Bolívar, edif. G, apto 8-23', 'V-10000042', 'Ramón', 'Cristina', 'Maita', 'Bravo', DATE '2001-09-04'),
  (43, 402, 'V-10000043-2', 'Calle Anauco, residencias La Arboleda 20, apto 93', 'V-10000043', 'Víctor', 'Víctor', 'Velásquez', NULL, DATE '2005-04-14'),
  (44, 403, 'V-10000044-3', 'Calle La Hoyada, condominio Valle Arriba 9, casa 144', 'V-10000044', 'Xavier', 'Florencia', 'Vega', 'Figuera', DATE '1999-06-18'),
  (45, 404, 'V-10000045-4', 'Av. Francisco de Miranda, edificio Centro 15, piso 7, oficina 45', 'V-10000045', 'César', NULL, 'Molina', 'Carrasco', DATE '1973-09-16'),
  (46, 405, 'V-10000046-5', 'Av. Los Ruices, townhouse 25, casa 146', 'V-10000046', 'Sofía', 'Alejandra', 'Carrasco', 'Romero', DATE '1961-10-02'),
  (47, 406, 'V-10000047-6', 'Av. Los Cortijos, condominio Valle Arriba 9, casa 147', 'V-10000047', 'Cecilia', 'Paula', 'Jaimes', 'Ruiz', DATE '1999-02-06'),
  (48, 407, 'V-10000048-7', 'Calle Páez, townhouse 38, casa 148', 'V-10000048', 'Joel', 'Gloria', 'Cárdenas', 'Aguilera', DATE '1962-06-07'),
  (49, 408, 'V-10000049-8', 'Calle La Candelaria, townhouse 21, casa 149', 'V-10000049', 'Samuel', NULL, 'Villanueva', NULL, DATE '1978-12-27'),
  (50, 409, 'V-10000050-9', 'Av. La Urbina, edif. H, apto 1-96', 'V-10000050', 'Iván', 'Teresa', 'Graterol', 'Ruiz', DATE '1964-09-02'),
  (51, 410, 'V-10000051-0', 'Calle Miranda, casa 151', 'V-10000051', 'Valle', NULL, 'Mendoza', 'Jiménez', DATE '1982-03-08'),
  (52, 411, 'V-10000052-1', 'Calle Los Palos Grandes, condominio Lomas del Ávila 25, casa 152', 'V-10000052', 'Luis', 'Alfredo', 'Aguilera', 'Goncalves', DATE '1993-02-03'),
  (53, 412, 'V-10000053-2', 'Calle Páez, quinta El Carmen, casa 153', 'V-10000053', 'Daniel', 'Emilio', 'León', NULL, DATE '1995-08-02'),
  (54, 413, 'V-10000054-3', 'Av. La Marina, edif. J, apto 2-45', 'V-10000054', 'Julia', NULL, 'Uribe', NULL, DATE '1998-06-07'),
  (55, 414, 'V-10000055-4', 'Calle Zamora, townhouse 24, casa 155', 'V-10000055', 'Sofía', 'Natalia', 'Hernández', 'España', DATE '2001-03-30'),
  (56, 415, 'V-10000056-5', 'Calle Caroní, condominio Terrazas del Ávila 27, casa 156', 'V-10000056', 'Jacinta', NULL, 'Vielma', 'Gil', DATE '1984-01-29'),
  (57, 416, 'V-10000057-6', 'Calle Anauco, townhouse 22, casa 157', 'V-10000057', 'Víctor', 'Antonio', 'Graterol', 'Ferrer', DATE '1962-07-29'),
  (58, 417, 'V-10000058-7', 'Calle El Paraíso, quinta La Concepción, casa 158', 'V-10000058', 'Emilio', NULL, 'Dorta', 'Fuentes', DATE '1960-11-28'),
  (59, 418, 'V-10000059-8', 'Av. Río de Janeiro, condominio Terrazas del Ávila 26, casa 159', 'V-10000059', 'Emma', NULL, 'Reyes', 'Fermín', DATE '1961-07-19'),
  (60, 419, 'V-10000060-9', 'Av. Río de Janeiro, residencias La Arboleda 18, apto 43', 'V-10000060', 'Adrián', 'Benjamín', 'Leal', 'Pacheco', DATE '1991-07-25'),
  (61, 420, 'V-10000061-0', 'Calle Vargas, edificio Centro 14, piso 12, oficina 31', 'V-10000061', 'Milagros', 'Zacarías', 'Da', 'Machado', DATE '1984-10-21'),
  (62, 421, 'V-10000062-1', 'Av. Los Ilustres, quinta La Esperanza, casa 162', 'V-10000062', 'Wanda', 'Ignacio', 'Correa', 'Orozco', DATE '1971-05-10'),
  (63, 422, 'V-10000063-2', 'Calle Zamora, casa 163', 'V-10000063', 'Manuel', 'Raúl', 'Carrero', 'España', DATE '1985-07-05'),
  (64, 423, 'V-10000064-3', 'Av. Boyacá, edif. G, apto 16-10', 'V-10000064', 'Walter', 'Gabriel', 'Figueroa', 'Boscan', DATE '1964-10-22'),
  (65, 424, 'V-10000065-4', 'Calle La Hoyada, urb. Los Palos Grandes, casa 165', 'V-10000065', 'Leonardo', NULL, 'Figuera', NULL, DATE '1994-02-15'),
  (66, 425, 'V-10000066-5', 'Calle Comercio, edif. D, apto 7-34', 'V-10000066', 'Walter', NULL, 'Carrasquero', 'Leal', DATE '1967-04-14'),
  (67, 426, 'V-10000067-6', 'Av. Río de Janeiro, quinta La Esperanza, casa 167', 'V-10000067', 'Antonio', 'Tomás', 'González', 'Escalante', DATE '1980-10-07'),
  (68, 427, 'V-10000068-7', 'Calle Los Pinos, townhouse 8, casa 168', 'V-10000068', 'César', 'Aurora', 'Guerra', 'Galindo', DATE '1980-03-02'),
  (69, 428, 'V-10000069-8', 'Calle La Floresta, quinta La Paz, casa 169', 'V-10000069', 'Milagros', 'Lucas', 'Romero', NULL, DATE '1971-02-26'),
  (70, 429, 'V-10000070-9', 'Av. Francisco de Miranda, casa 170', 'V-10000070', 'Leonardo', 'Hernán', 'Padrón', 'Valero', DATE '1998-10-04'),
  (71, 430, 'V-10000071-0', 'Av. Urdaneta, quinta La Esperanza, casa 171', 'V-10000071', 'Elena', NULL, 'Escobar', 'Alvarez', DATE '1975-09-19'),
  (72, 431, 'V-10000072-1', 'Calle Carabobo, condominio Lomas del Ávila 14, casa 172', 'V-10000072', 'Walter', 'Ernesto', 'Camacho', 'España', DATE '1989-11-25'),
  (73, 432, 'V-10000073-2', 'Calle La Candelaria, casa 173', 'V-10000073', 'Gabriel', 'Alejandra', 'Rojas', 'Gutiérrez', DATE '2000-10-20'),
  (74, 433, 'V-10000074-3', 'Calle Anauco, townhouse 4, casa 174', 'V-10000074', 'Raúl', 'Gloria', 'Tineo', 'González', DATE '1976-10-29'),
  (75, 434, 'V-10000075-4', 'Av. La Bandera, condominio Terrazas del Ávila 4, casa 175', 'V-10000075', 'Silvia', 'Gabriel', 'Cruz', 'Araujo', DATE '1962-08-03'),
  (76, 435, 'V-10000076-5', 'Av. Baralt, edif. D, apto 4-60', 'V-10000076', 'Liliana', 'Valentina', 'Henríquez', NULL, DATE '1970-07-16'),
  (77, 436, 'V-10000077-6', 'Calle Caroní, condominio Valle Arriba 15, casa 177', 'V-10000077', 'Carolina', 'Carmen', 'Sarmiento', 'Rosales', DATE '1972-12-22'),
  (78, 437, 'V-10000078-7', 'Calle El Paraíso, quinta La Esperanza, casa 178', 'V-10000078', 'Damián', 'Omar', 'Mendoza', 'Rosales', DATE '1985-05-17'),
  (79, 438, 'V-10000079-8', 'Av. Chacaíto, condominio Lomas del Ávila 28, casa 179', 'V-10000079', 'Reina', 'Valle', 'Barreto', 'Molina', DATE '1976-12-03'),
  (80, 439, 'V-10000080-9', 'Av. Río de Janeiro, townhouse 25, casa 180', 'V-10000080', 'Liliana', 'Zacarías', 'Rojas', NULL, DATE '1973-08-24'),
  (81, 440, 'V-10000081-0', 'Av. Fuerzas Armadas, edif. I, apto 15-2', 'V-10000081', 'Pedro', NULL, 'Dávila', 'Fuenmayor', DATE '1972-12-06'),
  (82, 441, 'V-10000082-1', 'Av. Francisco de Miranda, residencias Las Mercedes 18, apto 49', 'V-10000082', 'Ángel', NULL, 'Galindo', 'Puente', DATE '1988-05-29'),
  (83, 442, 'V-10000083-2', 'Av. La Bandera, urb. Las Acacias, casa 183', 'V-10000083', 'Reina', 'Ricardo', 'Páez', NULL, DATE '1998-12-07'),
  (84, 443, 'V-10000084-3', 'Calle Comercio, quinta San Antonio, casa 184', 'V-10000084', 'Mariana', 'Daniela', 'Sánchez', NULL, DATE '1993-08-17'),
  (85, 444, 'V-10000085-4', 'Av. Chacaíto, urb. Altamira, casa 185', 'V-10000085', 'Víctor', 'Ernesto', 'Carrillo', NULL, DATE '1972-11-02'),
  (86, 445, 'V-10000086-5', 'Av. Los Próceres, edif. H, apto 12-76', 'V-10000086', 'Raúl', 'Luis', 'Zambrano', 'De', DATE '1986-11-02'),
  (87, 446, 'V-10000087-6', 'Calle Chacao, condominio El Encantado 8, casa 187', 'V-10000087', 'Irene', 'Aurora', 'Landaeta', NULL, DATE '1994-03-19'),
  (88, 447, 'V-10000088-7', 'Av. Sabana Grande, quinta La Esperanza, casa 188', 'V-10000088', 'Pilar', 'Patricia', 'Martínez', 'Salas', DATE '1964-05-26'),
  (89, 448, 'V-10000089-8', 'Av. Los Cortijos, urb. La Florida, casa 189', 'V-10000089', 'Silvia', 'Isabel', 'Escobar', 'Ochoa', DATE '1982-06-26'),
  (90, 449, 'V-10000090-9', 'Av. El Dorado, edificio Torre 19, piso 6, oficina 48', 'V-10000090', 'Natalia', 'Alejandro', 'León', 'Ramírez', DATE '1997-04-11'),
  (91, 450, 'V-10000091-0', 'Calle Los Mangos, quinta La Paz, casa 191', 'V-10000091', 'Sebastián', 'Antonella', 'Acosta', 'Gil', DATE '1986-06-24'),
  (92, 451, 'V-10000092-1', 'Av. Los Cortijos, townhouse 36, casa 192', 'V-10000092', 'del', 'Dolores', 'Blanco', NULL, DATE '1992-10-24'),
  (93, 452, 'V-10000093-2', 'Calle El Rosal, quinta El Carmen, casa 193', 'V-10000093', 'Kevin', NULL, 'Barreto', NULL, DATE '1993-04-29'),
  (94, 453, 'V-10000094-3', 'Av. Principal, condominio Lomas del Ávila 21, casa 194', 'V-10000094', 'Roberto', 'Gabriela', 'Mora', NULL, DATE '1996-08-18'),
  (95, 454, 'V-10000095-4', 'Av. La Trinidad, edificio Norte 30, piso 6, oficina 43', 'V-10000095', 'Andrés', 'Laura', 'Maita', NULL, DATE '1997-08-07'),
  (96, 455, 'V-10000096-5', 'Av. Libertador, residencias San Carlos 15, apto 57', 'V-10000096', 'Carolina', 'Ignacio', 'España', 'Graterol', DATE '1981-03-07'),
  (97, 456, 'V-10000097-6', 'Calle El Cementerio, casa 197', 'V-10000097', 'Mariana', 'Emma', 'De', 'Fonseca', DATE '1995-09-20'),
  (98, 457, 'V-10000098-7', 'Av. Urdaneta, casa 198', 'V-10000098', 'Mateo', 'Aurora', 'Contreras', 'Estrada', DATE '1989-12-02'),
  (99, 458, 'V-10000099-8', 'Av. Los Ruices, urb. La Lagunita, casa 199', 'V-10000099', 'Sebastián', 'Nicolás', 'Mendoza', 'Henríquez', DATE '1989-06-23'),
  (100, 459, 'V-10000100-9', 'Av. La Urbina, edificio Torre 43, piso 14, oficina 2', 'V-10000100', 'María', NULL, 'Bravo', 'Carrasco', DATE '1971-10-28'),
  (101, 460, 'V-10000101-0', 'Calle La Hoyada, edif. B, apto 16-58', 'V-10000101', 'Héctor', 'Pedro', 'Cedeño', 'Aguilera', DATE '1992-06-24'),
  (102, 461, 'V-10000102-1', 'Av. La Marina, condominio El Encantado 2, casa 202', 'V-10000102', 'Gabriela', 'Walter', 'Ojeda', NULL, DATE '2002-12-21'),
  (103, 462, 'V-10000103-2', 'Av. Francisco de Miranda, residencias Los Pinos 5, apto 9', 'V-10000103', 'Irene', 'Jacinta', 'Vargas', NULL, DATE '1971-04-28'),
  (104, 463, 'V-10000104-3', 'Calle San Martín, edif. B, apto 18-93', 'V-10000104', 'Emilio', 'Úrsula', 'Ibarra', 'Hurtado', DATE '1979-04-16'),
  (105, 464, 'V-10000105-4', 'Av. El Hatillo, townhouse 21, casa 205', 'V-10000105', 'Roberto', 'Aurora', 'Ramos', 'Querales', DATE '1982-11-13'),
  (106, 465, 'V-10000106-5', 'Av. Francisco de Miranda, edif. G, apto 4-96', 'V-10000106', 'Ángel', 'Florencia', 'Mendoza', NULL, DATE '1993-06-06'),
  (107, 466, 'V-10000107-6', 'Av. Andrés Bello, quinta La Concepción, casa 207', 'V-10000107', 'Laura', 'Alejandra', 'Silva', 'Santana', DATE '1991-07-19'),
  (108, 467, 'V-10000108-7', 'Av. El Valle, residencias Doña Rosa 9, apto 74', 'V-10000108', 'Cristóbal', NULL, 'Salas', 'Salazar', DATE '1980-04-15'),
  (109, 468, 'V-10000109-8', 'Calle La Floresta, residencias El Paraíso 1, apto 24', 'V-10000109', 'Isabel', 'Giovanni', 'Sánchez', NULL, DATE '1972-11-07'),
  (110, 469, 'V-10000110-9', 'Calle Los Palos Grandes, townhouse 27, casa 210', 'V-10000110', 'Florencia', NULL, 'Bustamante', 'Contreras', DATE '2000-09-12'),
  (111, 470, 'V-10000111-0', 'Calle Los Cedros, edificio Oeste 40, piso 1, oficina 44', 'V-10000111', 'Félix', 'Gabriela', 'Yánez', 'Díaz', DATE '1967-04-27'),
  (112, 471, 'V-10000112-1', 'Av. Boyacá, residencias La Arboleda 4, apto 37', 'V-10000112', 'Samuel', 'del', 'Rosales', 'Tineo', DATE '2003-08-28'),
  (113, 472, 'V-10000113-2', 'Av. Bolívar, urb. La Trinidad, casa 213', 'V-10000113', 'Beatriz', NULL, 'Puente', 'Castillo', DATE '1978-12-13'),
  (114, 473, 'V-10000114-3', 'Calle San Martín, edificio Centro 25, piso 9, oficina 46', 'V-10000114', 'Elena', NULL, 'Da', NULL, DATE '1980-08-23'),
  (115, 474, 'V-10000115-4', 'Calle Real, residencias Los Pinos 14, apto 74', 'V-10000115', 'Alberta', NULL, 'Flores', 'Villalobos', DATE '1996-04-13'),
  (116, 475, 'V-10000116-5', 'Calle El Marqués, edificio Oeste 40, piso 8, oficina 45', 'V-10000116', 'Haydée', NULL, 'Rangel', NULL, DATE '1992-06-18'),
  (117, 476, 'V-10000117-6', 'Av. Sabana Grande, quinta San Antonio, casa 217', 'V-10000117', 'Gabriel', NULL, 'Carrasquero', 'Marcano', DATE '1979-11-17'),
  (118, 477, 'V-10000118-7', 'Av. Los Samanes, residencias El Paraíso 5, apto 31', 'V-10000118', 'Miguel', NULL, 'Bustamante', NULL, DATE '1969-03-22'),
  (119, 478, 'V-10000119-8', 'Calle Real, edificio Oeste 41, piso 8, oficina 30', 'V-10000119', 'Ignacio', NULL, 'Caldera', 'Narváez', DATE '2000-04-09'),
  (120, 479, 'V-10000120-9', 'Av. Fuerzas Armadas, quinta La Concepción, casa 220', 'V-10000120', 'Coromoto', 'Camila', 'Cabrera', 'Zapata', DATE '1965-01-14'),
  (121, 480, 'V-10000121-0', 'Av. La Bandera, edif. B, apto 20-77', 'V-10000121', 'Ricardo', 'Alberta', 'Torres', NULL, DATE '2005-06-28'),
  (122, 481, 'V-10000122-1', 'Calle Los Cedros, casa 222', 'V-10000122', 'Andrés', 'Gustavo', 'Marín', 'Padrón', DATE '2000-06-01'),
  (123, 482, 'V-10000123-2', 'Calle La California, condominio Terrazas del Ávila 17, casa 223', 'V-10000123', 'Iván', 'Miguel', 'Rincón', 'Flores', DATE '1974-03-29'),
  (124, 483, 'V-10000124-3', 'Av. El Silencio, edif. F, apto 4-72', 'V-10000124', 'César', 'Fernanda', 'Ferrari', NULL, DATE '1994-09-05'),
  (125, 484, 'V-10000125-4', 'Av. Sabana Grande, edificio Sur 46, piso 2, oficina 20', 'V-10000125', 'Ángel', 'César', 'Núñez', 'Narváez', DATE '1993-10-17'),
  (126, 485, 'V-10000126-5', 'Av. El Dorado, casa 226', 'V-10000126', 'Auxiliadora', 'Tatiana', 'Contreras', 'Santana', DATE '1992-07-12'),
  (127, 486, 'V-10000127-6', 'Calle Caracas, edificio Torre 19, piso 14, oficina 7', 'V-10000127', 'Eduardo', 'Irene', 'Correa', NULL, DATE '2005-07-18'),
  (128, 487, 'V-10000128-7', 'Av. Roosevelt, townhouse 10, casa 228', 'V-10000128', 'Wanda', NULL, 'Moreno', 'Páez', DATE '1974-07-22'),
  (129, 488, 'V-10000129-8', 'Av. Fuerzas Armadas, quinta La Paz, casa 229', 'V-10000129', 'Miguel', 'Diego', 'Rojas', 'Fajardo', DATE '1980-12-28'),
  (130, 489, 'V-10000130-9', 'Av. Fuerzas Armadas, condominio Lomas del Ávila 25, casa 230', 'V-10000130', 'Beatriz', 'Esther', 'Correa', 'Zerpa', DATE '1994-04-05'),
  (131, 490, 'V-10000131-0', 'Av. La Urbina, casa 231', 'V-10000131', 'Haydée', 'Marcos', 'Hurtado', NULL, DATE '2003-02-11'),
  (132, 491, 'V-10000132-1', 'Av. La Paz, condominio Colinas de Bello Monte 5, casa 232', 'V-10000132', 'Adelina', 'Reina', 'Silva', 'Canache', DATE '1999-04-01'),
  (133, 492, 'V-10000133-2', 'Calle El Rosal, urb. La Castellana, casa 233', 'V-10000133', 'Adrián', 'Carolina', 'López', 'Puente', DATE '1967-04-28'),
  (134, 493, 'V-10000134-3', 'Calle Caracas, casa 234', 'V-10000134', 'Juan', 'Ignacio', 'Jiménez', 'Bravo', DATE '1985-09-26'),
  (135, 494, 'V-10000135-4', 'Av. Francisco de Miranda, casa 235', 'V-10000135', 'Olivia', 'Nelson', 'Zapata', 'Rodríguez', DATE '1982-12-17'),
  (136, 495, 'V-10000136-5', 'Av. La Bandera, urb. La Trinidad, casa 236', 'V-10000136', 'Ángel', 'Úrsula', 'Santana', NULL, DATE '1970-12-06'),
  (137, 496, 'V-10000137-6', 'Calle Amazonas, casa 237', 'V-10000137', 'Oscar', 'Belinda', 'Suárez', NULL, DATE '1981-09-14'),
  (138, 497, 'V-10000138-7', 'Av. Francisco de Miranda, residencias Doña Rosa 17, apto 70', 'V-10000138', 'Pilar', 'Paula', 'Fermín', 'Colmenares', DATE '2005-07-07'),
  (139, 498, 'V-10000139-8', 'Calle Chacao, residencias El Paraíso 1, apto 46', 'V-10000139', 'Tatiana', 'Adriana', 'Zapata', NULL, DATE '1966-01-22'),
  (140, 499, 'V-10000140-9', 'Calle El Paraíso, edificio Oeste 50, piso 11, oficina 30', 'V-10000140', 'Gabriel', 'Andrea', 'Barrios', NULL, DATE '2002-12-06'),
  (141, 500, 'V-10000141-0', 'Calle Los Pinos, casa 241', 'V-10000141', 'Natalia', NULL, 'Villalobos', NULL, DATE '1977-11-23'),
  (142, 501, 'V-10000142-1', 'Av. Río de Janeiro, quinta La Esperanza, casa 242', 'V-10000142', 'Eugenia', 'Priscila', 'Puente', 'De', DATE '1977-02-22'),
  (143, 502, 'V-10000143-2', 'Calle El Rosal, townhouse 26, casa 243', 'V-10000143', 'Manuel', 'Alejandra', 'Gil', NULL, DATE '1999-06-14'),
  (144, 503, 'V-10000144-3', 'Av. La Paz, edif. G, apto 3-56', 'V-10000144', 'Dolores', 'Félix', 'Ocando', 'Pacheco', DATE '1976-03-10'),
  (145, 504, 'V-10000145-4', 'Calle Monte de Piedad, townhouse 11, casa 245', 'V-10000145', 'Coromoto', NULL, 'Medina', 'Leal', DATE '1999-10-28'),
  (146, 505, 'V-10000146-5', 'Calle Comercio, edif. G, apto 12-66', 'V-10000146', 'Andrés', 'Paula', 'Ojeda', 'Giménez', DATE '1974-05-09'),
  (147, 506, 'V-10000147-6', 'Av. La Trinidad, residencias El Paraíso 13, apto 73', 'V-10000147', 'Victoria', 'Auxiliadora', 'Ramírez', NULL, DATE '1962-11-27'),
  (148, 507, 'V-10000148-7', 'Calle Caracas, residencias La Arboleda 11, apto 84', 'V-10000148', 'Leticia', 'Julia', 'Vargas', 'Zerpa', DATE '1985-01-01'),
  (149, 508, 'V-10000149-8', 'Calle Vargas, quinta La Concepción, casa 249', 'V-10000149', 'Daniel', NULL, 'Colmenares', 'Pinto', DATE '2000-01-14'),
  (150, 509, 'V-10000150-9', 'Calle Real, condominio Valle Arriba 29, casa 250', 'V-10000150', 'César', 'Jacinta', 'Cova', NULL, DATE '1999-12-07'),
  (151, 510, 'V-10000151-0', 'Av. Los Próceres, edificio Oeste 24, piso 9, oficina 15', 'V-10000151', 'Eugenia', 'Sebastián', 'Sousa', 'Jaimes', DATE '1970-11-20'),
  (152, 511, 'V-10000152-1', 'Calle El Rosal, condominio Colinas de Bello Monte 5, casa 252', 'V-10000152', 'Natalia', NULL, 'Maita', NULL, DATE '1967-09-26'),
  (153, 512, 'V-10000153-2', 'Calle Real, edificio Plaza 42, piso 2, oficina 29', 'V-10000153', 'Kevin', 'Graciela', 'Yépez', 'Reyes', DATE '2001-10-16'),
  (154, 513, 'V-10000154-3', 'Av. Roosevelt, townhouse 33, casa 254', 'V-10000154', 'Valle', NULL, 'Henríquez', 'Chirinos', DATE '1964-12-20'),
  (155, 514, 'V-10000155-4', 'Av. Los Cortijos, residencias Los Pinos 10, apto 11', 'V-10000155', 'Verónica', NULL, 'Cárdenas', NULL, DATE '1982-06-25'),
  (156, 515, 'V-10000156-5', 'Calle Los Mangos, edificio Centro 43, piso 10, oficina 47', 'V-10000156', 'Nelson', NULL, 'Landaeta', 'Contreras', DATE '1990-04-16'),
  (157, 516, 'V-10000157-6', 'Calle La Candelaria, urb. La Florida, casa 257', 'V-10000157', 'Patricia', 'Francisco', 'Marcano', NULL, DATE '1997-05-16'),
  (158, 517, 'V-10000158-7', 'Calle Caroní, urb. La Castellana, casa 258', 'V-10000158', 'Isabel', 'Zoraida', 'Herrera', 'Landaeta', DATE '1986-09-07'),
  (159, 518, 'V-10000159-8', 'Calle El Paraíso, edificio Plaza 46, piso 6, oficina 47', 'V-10000159', 'Francisco', NULL, 'Rosales', 'Cruz', DATE '1990-12-26'),
  (160, 519, 'V-10000160-9', 'Av. La Trinidad, condominio El Encantado 9, casa 260', 'V-10000160', 'Fernanda', 'Priscila', 'Paredes', NULL, DATE '2000-05-02'),
  (161, 520, 'V-10000161-0', 'Calle La California, edificio Oeste 21, piso 15, oficina 37', 'V-10000161', 'Fernando', NULL, 'Piñero', 'Ruiz', DATE '1988-01-21'),
  (162, 521, 'V-10000162-1', 'Calle Amazonas, casa 262', 'V-10000162', 'Rafael', 'Priscila', 'Zambrano', 'Leal', DATE '1968-01-29'),
  (163, 522, 'V-10000163-2', 'Av. Andrés Bello, quinta La Paz, casa 263', 'V-10000163', 'Tatiana', 'Alfredo', 'Duarte', 'Gómez', DATE '2002-03-21'),
  (164, 523, 'V-10000164-3', 'Calle La Candelaria, residencias Doña Rosa 13, apto 7', 'V-10000164', 'Carlos', 'Eugenia', 'Barrios', 'Ortega', DATE '1977-06-18'),
  (165, 524, 'V-10000165-4', 'Calle La Hoyada, edif. C, apto 4-51', 'V-10000165', 'César', NULL, 'Rincón', 'Sousa', DATE '1993-06-24'),
  (166, 525, 'V-10000166-5', 'Calle La Candelaria, casa 266', 'V-10000166', 'del', 'Antonella', 'Bello', NULL, DATE '1964-01-24'),
  (167, 526, 'V-10000167-6', 'Calle Caracas, residencias Los Pinos 11, apto 21', 'V-10000167', 'Hugo', 'Reina', 'Velásquez', NULL, DATE '1995-04-03'),
  (168, 527, 'V-10000168-7', 'Av. La Marina, condominio El Encantado 12, casa 268', 'V-10000168', 'Inés', 'Nancy', 'Sarmiento', 'Uzcátegui', DATE '1989-09-19'),
  (169, 528, 'V-10000169-8', 'Calle Los Chaguaramos, casa 269', 'V-10000169', 'Haydée', 'Manuel', 'Escalante', 'Narváez', DATE '2003-02-07'),
  (170, 529, 'V-10000170-9', 'Av. Boyacá, urb. Los Samanes, casa 270', 'V-10000170', 'Gustavo', NULL, 'Ferrer', NULL, DATE '1999-07-26'),
  (171, 530, 'V-10000171-0', 'Av. Río de Janeiro, casa 271', 'V-10000171', 'Ángel', 'Nicolás', 'Rojas', 'Mora', DATE '1972-05-21'),
  (172, 531, 'V-10000172-1', 'Av. San Martín, residencias Los Pinos 12, apto 87', 'V-10000172', 'Coromoto', 'Graciela', 'Yépez', 'Cedeño', DATE '1983-09-19'),
  (173, 532, 'V-10000173-2', 'Av. La Bandera, urb. Altamira, casa 273', 'V-10000173', 'Emma', 'Ana', 'Orellana', 'Jaimes', DATE '1988-06-10'),
  (174, 533, 'V-10000174-3', 'Av. Sabana Grande, residencias San Carlos 10, apto 6', 'V-10000174', 'Nelson', NULL, 'Zerpa', 'Pineda', DATE '1985-10-21'),
  (175, 534, 'V-10000175-4', 'Calle Los Palos Grandes, urb. Los Palos Grandes, casa 275', 'V-10000175', 'Camila', 'del', 'Narváez', 'Boscan', DATE '1984-04-28'),
  (176, 535, 'V-10000176-5', 'Calle La California, casa 276', 'V-10000176', 'Milagros', NULL, 'Ojeda', 'Fermín', DATE '1980-03-30'),
  (177, 536, 'V-10000177-6', 'Calle Caracas, casa 277', 'V-10000177', 'Daniela', NULL, 'Mejías', 'Fuenmayor', DATE '1974-03-03'),
  (178, 537, 'V-10000178-7', 'Calle Comercio, edif. J, apto 8-69', 'V-10000178', 'Abraham', 'Marcos', 'Gutiérrez', 'Fonseca', DATE '1963-05-07'),
  (179, 538, 'V-10000179-8', 'Calle Amazonas, edificio Este 19, piso 15, oficina 3', 'V-10000179', 'Valeria', 'Arturo', 'Torres', 'Puente', DATE '1960-10-30'),
  (180, 539, 'V-10000180-9', 'Calle Amazonas, edificio Oeste 33, piso 8, oficina 18', 'V-10000180', 'Gabriel', 'Andrea', 'Guevara', 'Estrada', DATE '1977-04-19'),
  (181, 540, 'V-10000181-0', 'Calle Sucre, residencias El Paraíso 19, apto 87', 'V-10000181', 'Auxiliadora', NULL, 'Villalobos', 'Colmenares', DATE '1977-04-30'),
  (182, 541, 'V-10000182-1', 'Av. Páez, edificio Centro 31, piso 6, oficina 16', 'V-10000182', 'Marcos', 'Priscila', 'Medina', NULL, DATE '1960-08-11'),
  (183, 542, 'V-10000183-2', 'Calle Sucre, quinta San Antonio, casa 283', 'V-10000183', 'Héctor', 'Giovanni', 'Mejías', 'Zerpa', DATE '1981-03-14'),
  (184, 543, 'V-10000184-3', 'Calle Vargas, quinta San Antonio, casa 284', 'V-10000184', 'Mateo', 'Tomás', 'Rangel', 'León', DATE '1979-10-24'),
  (185, 544, 'V-10000185-4', 'Av. Río de Janeiro, urb. La Lagunita, casa 285', 'V-10000185', 'Martín', 'Aurora', 'Lara', 'Sousa', DATE '1967-05-06'),
  (186, 545, 'V-10000186-5', 'Calle Los Pinos, edificio Centro 21, piso 14, oficina 34', 'V-10000186', 'Wanda', 'Ángel', 'Uzcátegui', NULL, DATE '1999-08-22'),
  (187, 546, 'V-10000187-6', 'Calle Comercio, condominio Valle Arriba 17, casa 287', 'V-10000187', 'Jesús', 'Jacinta', 'Contreras', 'Vásquez', DATE '1997-04-08'),
  (188, 547, 'V-10000188-7', 'Calle Los Palos Grandes, edif. A, apto 14-45', 'V-10000188', 'Francisco', 'Sofía', 'Martínez', 'González', DATE '1965-09-20'),
  (189, 548, 'V-10000189-8', 'Av. Baralt, edificio Oeste 9, piso 13, oficina 42', 'V-10000189', 'Laura', 'Martín', 'Zapata', NULL, DATE '1997-09-17'),
  (190, 549, 'V-10000190-9', 'Calle Caracas, residencias Doña Rosa 6, apto 69', 'V-10000190', 'Gustavo', 'Marta', 'Peña', NULL, DATE '1995-04-06'),
  (191, 550, 'V-10000191-0', 'Av. México, townhouse 15, casa 291', 'V-10000191', 'Cristina', 'Andrés', 'Jaimes', 'De', DATE '1982-03-16'),
  (192, 551, 'V-10000192-1', 'Calle La Hoyada, casa 292', 'V-10000192', 'Ángel', NULL, 'Montilla', NULL, DATE '1981-08-04'),
  (193, 552, 'V-10000193-2', 'Calle La California, casa 293', 'V-10000193', 'Fernando', 'Valle', 'Ferrari', 'Gómez', DATE '1996-02-02'),
  (194, 553, 'V-10000194-3', 'Calle La Llaguna, urb. La Florida, casa 294', 'V-10000194', 'Hernán', NULL, 'Castillo', NULL, DATE '1988-08-10'),
  (195, 554, 'V-10000195-4', 'Av. Los Cortijos, townhouse 20, casa 295', 'V-10000195', 'Coromoto', NULL, 'Bello', 'Vielma', DATE '1984-09-07'),
  (196, 555, 'V-10000196-5', 'Av. Chacaíto, residencias Las Mercedes 14, apto 53', 'V-10000196', 'Antonio', 'Beatriz', 'Orellana', 'Navarro', DATE '1973-05-21'),
  (197, 556, 'V-10000197-6', 'Av. Las Américas, condominio El Encantado 18, casa 297', 'V-10000197', 'Enrique', 'Florencia', 'Fermín', 'Jaimes', DATE '1997-01-08'),
  (198, 557, 'V-10000198-7', 'Av. Francisco de Miranda, condominio Lomas del Ávila 3, casa 298', 'V-10000198', 'Wanda', NULL, 'Ferrer', 'Mejías', DATE '1977-02-01'),
  (199, 558, 'V-10000199-8', 'Calle Los Palos Grandes, condominio Valle Arriba 28, casa 299', 'V-10000199', 'Gustavo', 'Alejandro', 'Guerra', NULL, DATE '1989-11-14'),
  (200, 559, 'V-10000200-9', 'Calle Caroní, urb. La Florida, casa 300', 'V-10000200', 'Carlos', NULL, 'Cordero', 'Da', DATE '1978-05-07'),
  (201, 560, 'V-10000201-0', 'Calle El Cementerio, quinta La Concepción, casa 301', 'V-10000201', 'Héctor', 'Rosa', 'Pineda', 'Jiménez', DATE '1992-04-06'),
  (202, 561, 'V-10000202-1', 'Av. El Hatillo, townhouse 3, casa 302', 'V-10000202', 'Silvia', 'Esther', 'Maldonado', 'Pacheco', DATE '1979-11-07'),
  (203, 562, 'V-10000203-2', 'Calle La Llaguna, edificio Centro 22, piso 4, oficina 25', 'V-10000203', 'Rosa', NULL, 'Camacho', 'Rosales', DATE '1982-01-17'),
  (204, 563, 'V-10000204-3', 'Av. Orinoco, condominio Valle Arriba 24, casa 304', 'V-10000204', 'Iván', NULL, 'España', 'Estrada', DATE '1991-08-06'),
  (205, 564, 'V-10000205-4', 'Av. Libertador, edif. A, apto 1-53', 'V-10000205', 'Hernán', 'Yamilet', 'Estrada', 'Yépez', DATE '1972-05-02'),
  (206, 565, 'V-10000206-5', 'Av. San Martín, residencias Doña Rosa 20, apto 82', 'V-10000206', 'Adriana', NULL, 'Cabrera', NULL, DATE '2003-05-08'),
  (207, 566, 'V-10000207-6', 'Calle La Hoyada, quinta La Esperanza, casa 307', 'V-10000207', 'Rosa', NULL, 'Henríquez', 'García', DATE '2005-01-20'),
  (208, 567, 'V-10000208-7', 'Calle Los Cedros, urb. La Lagunita, casa 308', 'V-10000208', 'Jacinta', 'Arturo', 'Salazar', 'Yépez', DATE '1982-08-24'),
  (209, 568, 'V-10000209-8', 'Calle La California, urb. La Trinidad, casa 309', 'V-10000209', 'Milagros', 'Rafael', 'Palacios', 'Villalobos', DATE '1967-03-26'),
  (210, 569, 'V-10000210-9', 'Calle Comercio, casa 310', 'V-10000210', 'Carmen', NULL, 'Pineda', 'Arvelo', DATE '1975-05-17'),
  (211, 570, 'V-10000211-0', 'Calle Miranda, urb. La Lagunita, casa 311', 'V-10000211', 'Valentín', 'Alejandra', 'Uzcátegui', 'Querales', DATE '2002-08-29'),
  (212, 571, 'V-10000212-1', 'Av. Los Ilustres, residencias Doña Rosa 7, apto 76', 'V-10000212', 'Ricardo', 'Ana', 'De', 'Ramírez', DATE '1972-12-07'),
  (213, 572, 'V-10000213-2', 'Calle Chacao, residencias La Arboleda 5, apto 89', 'V-10000213', 'Esther', 'Daniela', 'Canache', 'Yánez', DATE '1967-01-13'),
  (214, 573, 'V-10000214-3', 'Calle Real, residencias Los Pinos 20, apto 77', 'V-10000214', 'Valle', NULL, 'Valbuena', NULL, DATE '1995-08-04'),
  (215, 574, 'V-10000215-4', 'Av. Orinoco, urb. El Cafetal, casa 315', 'V-10000215', 'Coromoto', NULL, 'Gil', 'Vega', DATE '1993-09-05'),
  (216, 575, 'V-10000216-5', 'Calle Real, edif. E, apto 5-49', 'V-10000216', 'Gustavo', NULL, 'Páez', 'Figuera', DATE '1973-11-03'),
  (217, 576, 'V-10000217-6', 'Av. El Dorado, quinta El Paraíso, casa 317', 'V-10000217', 'Eugenia', 'Enrique', 'Rodríguez', 'Vargas', DATE '1971-11-20'),
  (218, 577, 'V-10000218-7', 'Calle Carabobo, residencias Los Pinos 3, apto 77', 'V-10000218', 'Valentín', 'Priscila', 'Reyes', NULL, DATE '1989-02-07'),
  (219, 578, 'V-10000219-8', 'Calle La California, edificio Este 25, piso 3, oficina 9', 'V-10000219', 'Ana', NULL, 'Pinto', 'Paredes', DATE '1984-02-15'),
  (220, 579, 'V-10000220-9', 'Av. La Marina, condominio El Encantado 12, casa 320', 'V-10000220', 'Bruno', NULL, 'Cárdenas', 'Ruiz', DATE '1982-07-31'),
  (221, 580, 'V-10000221-0', 'Av. La Marina, casa 321', 'V-10000221', 'Silvia', 'Kevin', 'Villalobos', NULL, DATE '1995-07-02'),
  (222, 581, 'V-10000222-1', 'Calle Caracas, quinta San Antonio, casa 322', 'V-10000222', 'Gustavo', 'Alejandra', 'Valero', 'Jiménez', DATE '1978-01-07'),
  (223, 582, 'V-10000223-2', 'Av. Orinoco, urb. El Cafetal, casa 323', 'V-10000223', 'Antonio', 'Luciana', 'Herrera', 'Bustamante', DATE '1993-09-26'),
  (224, 583, 'V-10000224-3', 'Calle Páez, condominio Valle Arriba 15, casa 324', 'V-10000224', 'Kevin', 'Marcos', 'Dávila', 'Chirinos', DATE '1986-02-19'),
  (225, 584, 'V-10000225-4', 'Av. La Marina, urb. La Trinidad, casa 325', 'V-10000225', 'Sofía', 'Milagros', 'Ocando', NULL, DATE '1973-10-29'),
  (226, 585, 'V-10000226-5', 'Calle La Hoyada, casa 326', 'V-10000226', 'Cecilia', NULL, 'Ferrari', 'Ramos', DATE '1992-04-03'),
  (227, 586, 'V-10000227-6', 'Calle El Cementerio, edificio Este 40, piso 1, oficina 37', 'V-10000227', 'Yamilet', 'Miguel', 'Salazar', 'Salas', DATE '1995-11-07'),
  (228, 587, 'V-10000228-7', 'Calle La Candelaria, urb. Los Palos Grandes, casa 328', 'V-10000228', 'Auxiliadora', 'Eugenia', 'Salazar', NULL, DATE '1979-10-30'),
  (229, 588, 'V-10000229-8', 'Calle Caroní, edif. E, apto 14-11', 'V-10000229', 'Kevin', 'Magdalena', 'Cabrera', 'López', DATE '1970-05-31'),
  (230, 589, 'V-10000230-9', 'Calle Caroní, residencias La Arboleda 4, apto 57', 'V-10000230', 'Victoria', 'Natalia', 'Velásquez', 'Vielma', DATE '2000-08-03'),
  (231, 590, 'V-10000231-0', 'Calle El Paraíso, edif. C, apto 8-67', 'V-10000231', 'Leonardo', NULL, 'Goncalves', NULL, DATE '1975-08-26'),
  (232, 591, 'V-10000232-1', 'Calle Los Naranjos, edificio Este 43, piso 7, oficina 26', 'V-10000232', 'Auxiliadora', 'Cecilia', 'Espinoza', 'Amaya', DATE '1962-08-14'),
  (233, 592, 'V-10000233-2', 'Calle Los Palos Grandes, urb. La Trinidad, casa 333', 'V-10000233', 'Julia', 'Beatriz', 'Pinto', NULL, DATE '1965-08-12'),
  (234, 593, 'V-10000234-3', 'Av. Boyacá, quinta La Paz, casa 334', 'V-10000234', 'Yamilet', NULL, 'Medina', NULL, DATE '1988-02-12'),
  (235, 594, 'V-10000235-4', 'Av. Los Ilustres, quinta El Paraíso, casa 335', 'V-10000235', 'Esther', 'Carolina', 'Ochoa', 'Páez', DATE '1972-01-07'),
  (236, 595, 'V-10000236-5', 'Calle Chacao, townhouse 39, casa 336', 'V-10000236', 'Héctor', 'Ernesto', 'Palacios', 'Sarmiento', DATE '1972-05-14'),
  (237, 596, 'V-10000237-6', 'Av. Los Ilustres, edificio Norte 19, piso 3, oficina 12', 'V-10000237', 'Irene', NULL, 'Bustamante', 'Fonseca', DATE '1988-03-22'),
  (238, 597, 'V-10000238-7', 'Calle Chacao, condominio Terrazas del Ávila 22, casa 338', 'V-10000238', 'Daniela', 'Luis', 'Dugarte', NULL, DATE '2004-02-11'),
  (239, 598, 'V-10000239-8', 'Av. Los Cortijos, quinta La Esperanza, casa 339', 'V-10000239', 'Walter', 'Miguel', 'Uzcátegui', NULL, DATE '1984-08-28'),
  (240, 599, 'V-10000240-9', 'Av. Boyacá, edif. E, apto 18-47', 'V-10000240', 'César', NULL, 'Villalobos', 'Maita', DATE '1963-09-25'),
  (241, 600, 'V-10000241-0', 'Calle La California, quinta La Esperanza, casa 341', 'V-10000241', 'Karina', 'Inés', 'Quintero', 'Narváez', DATE '2000-05-06'),
  (242, 601, 'V-10000242-1', 'Av. El Valle, townhouse 11, casa 342', 'V-10000242', 'Diego', 'Héctor', 'Fajardo', NULL, DATE '1972-06-28'),
  (243, 602, 'V-10000243-2', 'Calle Los Mangos, residencias Las Mercedes 10, apto 38', 'V-10000243', 'Marta', 'Carolina', 'Alvarado', 'Barreto', DATE '1983-12-26'),
  (244, 603, 'V-10000244-3', 'Calle Comercio, quinta San José, casa 344', 'V-10000244', 'Úrsula', 'Ramón', 'Barrios', 'Rojas', DATE '1971-11-27'),
  (245, 604, 'V-10000245-4', 'Av. La Paz, townhouse 25, casa 345', 'V-10000245', 'Emilio', 'Liliana', 'España', NULL, DATE '2000-07-19'),
  (246, 605, 'V-10000246-5', 'Calle El Marqués, casa 346', 'V-10000246', 'Diego', 'Ana', 'Pacheco', 'Dugarte', DATE '1968-05-10'),
  (247, 606, 'V-10000247-6', 'Calle Los Palos Grandes, townhouse 14, casa 347', 'V-10000247', 'Magdalena', 'Jimena', 'Suárez', 'Puente', DATE '2004-05-19'),
  (248, 607, 'V-10000248-7', 'Av. Andrés Bello, casa 348', 'V-10000248', 'César', 'Sergio', 'Uzcátegui', 'Morales', DATE '1968-12-06'),
  (249, 608, 'V-10000249-8', 'Av. México, urb. El Bosque, casa 349', 'V-10000249', 'Magdalena', NULL, 'Camejo', 'González', DATE '1987-01-30'),
  (250, 609, 'V-10000250-9', 'Calle Los Mangos, casa 350', 'V-10000250', 'Nelson', NULL, 'Orozco', 'Palacios', DATE '1995-07-23'),
  (251, 610, 'V-10000251-0', 'Calle Caroní, edif. C, apto 19-29', 'V-10000251', 'Adriana', 'Enrique', 'Querales', NULL, DATE '1999-12-05'),
  (252, 611, 'V-10000252-1', 'Calle Chacao, edif. B, apto 4-41', 'V-10000252', 'Iván', 'Inés', 'Araujo', 'Escobar', DATE '1992-12-22'),
  (253, 612, 'V-10000253-2', 'Av. Principal, casa 353', 'V-10000253', 'Natalia', 'Omar', 'Estrada', 'Bello', DATE '1974-09-21'),
  (254, 613, 'V-10000254-3', 'Calle Los Palos Grandes, edif. B, apto 5-97', 'V-10000254', 'Eduardo', 'Leonardo', 'Rojas', 'Vargas', DATE '1971-01-18'),
  (255, 614, 'V-10000255-4', 'Calle La Hoyada, edif. D, apto 18-77', 'V-10000255', 'Dolores', 'Beatriz', 'Machado', 'Figuera', DATE '1985-07-24'),
  (256, 615, 'V-10000256-5', 'Av. Los Samanes, townhouse 19, casa 356', 'V-10000256', 'Isabel', 'Laura', 'Cruz', 'Sarmiento', DATE '1964-11-23'),
  (257, 616, 'V-10000257-6', 'Calle Real, casa 357', 'V-10000257', 'Liliana', 'Adrián', 'Fermín', 'Escalante', DATE '1992-05-24'),
  (258, 617, 'V-10000258-7', 'Av. Río de Janeiro, edif. A, apto 19-9', 'V-10000258', 'Fernanda', 'Pilar', 'Ortega', 'Cedeño', DATE '1961-03-27'),
  (259, 618, 'V-10000259-8', 'Calle La Hoyada, townhouse 45, casa 359', 'V-10000259', 'Andrés', 'Diana', 'Rincón', 'Padrón', DATE '1996-02-02'),
  (260, 619, 'V-10000260-9', 'Av. Francisco de Miranda, urb. El Bosque, casa 360', 'V-10000260', 'Giovanni', 'Pablo', 'Graterol', NULL, DATE '1989-04-24'),
  (261, 620, 'V-10000261-0', 'Calle Carabobo, townhouse 8, casa 361', 'V-10000261', 'Jorge', 'Coromoto', 'Fermín', NULL, DATE '2000-09-03'),
  (262, 621, 'V-10000262-1', 'Calle Caracas, casa 362', 'V-10000262', 'Laura', 'Germán', 'Da', NULL, DATE '1974-09-12'),
  (263, 622, 'V-10000263-2', 'Calle Vargas, casa 363', 'V-10000263', 'Germán', 'Esteban', 'Cárdenas', 'Gallo', DATE '1990-01-20'),
  (264, 623, 'V-10000264-3', 'Av. San Martín, residencias Doña Rosa 16, apto 73', 'V-10000264', 'Milagros', 'Fabian', 'Alvarez', 'Ocando', DATE '1974-12-21'),
  (265, 624, 'V-10000265-4', 'Calle Miranda, casa 365', 'V-10000265', 'Raúl', 'Roberto', 'Escobar', 'González', DATE '1981-12-09'),
  (266, 625, 'V-10000266-5', 'Calle La Hoyada, urb. El Cafetal, casa 366', 'V-10000266', 'Ernesto', 'Leonardo', 'Chacón', 'Torres', DATE '1982-04-10'),
  (267, 626, 'V-10000267-6', 'Av. Andrés Bello, edificio Centro 34, piso 1, oficina 26', 'V-10000267', 'Tomás', NULL, 'Blanco', 'Da', DATE '1966-03-08'),
  (268, 627, 'V-10000268-7', 'Av. San Martín, casa 368', 'V-10000268', 'Consuelo', 'Valentina', 'Medina', NULL, DATE '1993-02-04'),
  (269, 628, 'V-10000269-8', 'Calle Los Pinos, urb. El Bosque, casa 369', 'V-10000269', 'Leonardo', 'Benjamín', 'Villanueva', 'Maita', DATE '1960-07-27'),
  (270, 629, 'V-10000270-9', 'Av. El Silencio, casa 370', 'V-10000270', 'Isabel', NULL, 'Navarro', 'Pérez', DATE '1993-10-03'),
  (271, 630, 'V-10000271-0', 'Av. Orinoco, casa 371', 'V-10000271', 'Beatriz', NULL, 'Acosta', 'Ruiz', DATE '1972-10-09'),
  (272, 631, 'V-10000272-1', 'Av. Baralt, residencias La Arboleda 3, apto 75', 'V-10000272', 'Luciana', NULL, 'Espinoza', 'Vielma', DATE '1968-07-28'),
  (273, 632, 'V-10000273-2', 'Av. Roosevelt, urb. La Trinidad, casa 373', 'V-10000273', 'Esther', NULL, 'Yánez', NULL, DATE '1983-06-01'),
  (274, 633, 'V-10000274-3', 'Calle Real, urb. El Bosque, casa 374', 'V-10000274', 'Esther', 'Gabriela', 'Maldonado', 'Espinoza', DATE '1969-10-10'),
  (275, 634, 'V-10000275-4', 'Calle El Cementerio, urb. Altamira, casa 375', 'V-10000275', 'Miguel', 'Camila', 'Reyes', NULL, DATE '1987-08-29'),
  (276, 635, 'V-10000276-5', 'Calle Miranda, urb. El Cafetal, casa 376', 'V-10000276', 'Mateo', NULL, 'Landaeta', 'Hurtado', DATE '1973-04-22'),
  (277, 636, 'V-10000277-6', 'Av. La Marina, quinta San José, casa 377', 'V-10000277', 'Víctor', 'Diana', 'Tineo', NULL, DATE '1962-10-15'),
  (278, 637, 'V-10000278-7', 'Calle Zamora, edificio Torre 1, piso 1, oficina 50', 'V-10000278', 'Leticia', 'Adelina', 'Figuera', NULL, DATE '1979-12-10'),
  (279, 638, 'V-10000279-8', 'Av. Urdaneta, edif. D, apto 15-17', 'V-10000279', 'Marcos', 'Miguel', 'Camacho', 'Blanco', DATE '1968-04-01'),
  (280, 639, 'V-10000280-9', 'Calle San Martín, townhouse 32, casa 380', 'V-10000280', 'Auxiliadora', NULL, 'Villanueva', NULL, DATE '1962-08-24'),
  (281, 640, 'V-10000281-0', 'Calle La Hoyada, condominio Valle Arriba 2, casa 381', 'V-10000281', 'Samuel', NULL, 'Dorta', 'Giménez', DATE '1982-01-18'),
  (282, 641, 'V-10000282-1', 'Calle La Hoyada, townhouse 9, casa 382', 'V-10000282', 'Silvia', 'Adelina', 'Boscan', NULL, DATE '1997-08-11'),
  (283, 642, 'V-10000283-2', 'Calle El Cementerio, condominio Colinas de Bello Monte 26, casa 383', 'V-10000283', 'Fabian', NULL, 'De', 'Pineda', DATE '2003-06-25'),
  (284, 643, 'V-10000284-3', 'Av. Los Cortijos, casa 384', 'V-10000284', 'Cristóbal', 'Hernán', 'Chirinos', NULL, DATE '1985-03-15'),
  (285, 644, 'V-10000285-4', 'Av. La Trinidad, quinta La Esperanza, casa 385', 'V-10000285', 'Abraham', 'Zacarías', 'Camejo', NULL, DATE '1979-09-07'),
  (286, 645, 'V-10000286-5', 'Av. El Hatillo, residencias Los Pinos 1, apto 91', 'V-10000286', 'Dolores', 'Germán', 'Chacón', NULL, DATE '1991-07-20'),
  (287, 646, 'V-10000287-6', 'Av. Orinoco, casa 387', 'V-10000287', 'Victoria', 'Gustavo', 'Maita', 'Cedeño', DATE '1968-02-05'),
  (288, 647, 'V-10000288-7', 'Calle Los Pinos, edificio Plaza 46, piso 3, oficina 21', 'V-10000288', 'Adrián', NULL, 'Boscan', NULL, DATE '1965-05-05'),
  (289, 648, 'V-10000289-8', 'Av. Sabana Grande, edif. F, apto 10-42', 'V-10000289', 'Lucas', 'Tatiana', 'Ortega', 'Palacios', DATE '1972-03-29'),
  (290, 649, 'V-10000290-9', 'Calle El Cementerio, urb. La Florida, casa 390', 'V-10000290', 'Jacinta', 'Irene', 'Jiménez', 'Paredes', DATE '1975-09-24'),
  (291, 650, 'V-10000291-0', 'Av. Sabana Grande, casa 391', 'V-10000291', 'Julio', NULL, 'González', 'Zerpa', DATE '1976-05-02'),
  (292, 651, 'V-10000292-1', 'Calle Real, urb. El Cafetal, casa 392', 'V-10000292', 'Cristina', 'Jesús', 'Ocando', NULL, DATE '1988-08-30'),
  (293, 652, 'V-10000293-2', 'Av. Los Ruices, urb. Las Acacias, casa 393', 'V-10000293', 'Diego', 'Andrea', 'Vásquez', NULL, DATE '1991-06-11'),
  (294, 653, 'V-10000294-3', 'Calle Los Mangos, townhouse 32, casa 394', 'V-10000294', 'Gabriel', 'Fernando', 'Piñero', 'Ruiz', DATE '1993-12-22'),
  (295, 654, 'V-10000295-4', 'Av. Los Cortijos, edificio Norte 5, piso 13, oficina 3', 'V-10000295', 'Gustavo', NULL, 'Boscan', 'Alvarez', DATE '1986-06-16'),
  (296, 655, 'V-10000296-5', 'Av. Chacaíto, edificio Este 5, piso 9, oficina 6', 'V-10000296', 'Sergio', 'Lucas', 'Morales', NULL, DATE '1990-04-26'),
  (297, 656, 'V-10000297-6', 'Calle San Martín, edificio Torre 7, piso 6, oficina 14', 'V-10000297', 'Priscila', 'Eugenia', 'Narváez', NULL, DATE '1977-01-16'),
  (298, 657, 'V-10000298-7', 'Av. Andrés Bello, townhouse 37, casa 398', 'V-10000298', 'Hernán', NULL, 'Guevara', 'Querales', DATE '2004-01-17'),
  (299, 658, 'V-10000299-8', 'Calle Caroní, urb. Las Acacias, casa 399', 'V-10000299', 'Ernesto', NULL, 'Bermúdez', 'Uribe', DATE '1962-04-23'),
  (300, 659, 'V-10000300-9', 'Av. Río de Janeiro, condominio Lomas del Ávila 3, casa 400', 'V-10000300', 'Julio', 'Florencia', 'Goncalves', 'Puente', DATE '1994-10-07'),
  (301, 660, 'V-10000301-0', 'Calle La Candelaria, urb. La Trinidad, casa 401', 'V-10000301', 'Gustavo', 'Valle', 'Rivas', 'Zambrano', DATE '1965-07-12'),
  (302, 661, 'V-10000302-1', 'Calle Los Chaguaramos, casa 402', 'V-10000302', 'Fernando', NULL, 'Navarro', 'Rojas', DATE '1994-09-23'),
  (303, 662, 'V-10000303-2', 'Av. La Marina, edif. G, apto 2-65', 'V-10000303', 'Haydée', 'Florencia', 'Zerpa', 'Arvelo', DATE '1973-03-24'),
  (304, 663, 'V-10000304-3', 'Av. Roosevelt, casa 404', 'V-10000304', 'Xavier', NULL, 'Cárdenas', 'Correa', DATE '1997-12-25'),
  (305, 664, 'V-10000305-4', 'Calle La Candelaria, residencias Las Mercedes 3, apto 12', 'V-10000305', 'Valentín', NULL, 'Uribe', NULL, DATE '1994-10-26'),
  (306, 665, 'V-10000306-5', 'Calle La Hoyada, edif. G, apto 5-19', 'V-10000306', 'Adelina', 'María', 'Vielma', 'Hernández', DATE '1968-12-27'),
  (307, 666, 'V-10000307-6', 'Calle Chacao, condominio Colinas de Bello Monte 20, casa 407', 'V-10000307', 'Mariana', 'Wanda', 'Navarro', 'Galindo', DATE '2002-06-09'),
  (308, 667, 'V-10000308-7', 'Av. La Trinidad, casa 408', 'V-10000308', 'Nelson', 'Elena', 'Torres', 'Mejías', DATE '2002-08-19'),
  (309, 668, 'V-10000309-8', 'Av. Páez, urb. El Bosque, casa 409', 'V-10000309', 'Belinda', NULL, 'Landaeta', 'España', DATE '1986-12-16'),
  (310, 669, 'V-10000310-9', 'Calle Carabobo, urb. Altamira, casa 410', 'V-10000310', 'Karina', 'Mariana', 'Gallo', 'Hurtado', DATE '1978-12-18'),
  (311, 670, 'V-10000311-0', 'Av. Los Próceres, edif. E, apto 17-52', 'V-10000311', 'Graciela', 'Reina', 'Palacios', 'Tineo', DATE '1972-03-02'),
  (312, 671, 'V-10000312-1', 'Calle Los Pinos, casa 412', 'V-10000312', 'Wanda', 'Francisco', 'Cedeño', NULL, DATE '1982-05-20'),
  (313, 672, 'V-10000313-2', 'Av. Sabana Grande, edif. A, apto 8-48', 'V-10000313', 'Manuel', 'Kevin', 'Giménez', 'Villanueva', DATE '2003-11-07'),
  (314, 673, 'V-10000314-3', 'Av. Los Próceres, quinta El Paraíso, casa 414', 'V-10000314', 'Valeria', 'Florencia', 'Carrasquero', 'Navarro', DATE '1985-07-29'),
  (315, 674, 'V-10000315-4', 'Av. Los Cortijos, urb. La Lagunita, casa 415', 'V-10000315', 'Manuel', NULL, 'Zerpa', 'Dorta', DATE '1984-02-21'),
  (316, 675, 'V-10000316-5', 'Av. Los Ilustres, casa 416', 'V-10000316', 'Úrsula', NULL, 'Pérez', 'Araujo', DATE '1980-01-28'),
  (317, 676, 'V-10000317-6', 'Av. San Martín, quinta Santa María, casa 417', 'V-10000317', 'Pablo', 'María', 'Santana', 'Núñez', DATE '2001-11-13'),
  (318, 677, 'V-10000318-7', 'Calle El Rosal, quinta La Concepción, casa 418', 'V-10000318', 'Esteban', 'Diana', 'Camacho', NULL, DATE '1969-09-12'),
  (319, 678, 'V-10000319-8', 'Av. La Marina, urb. El Bosque, casa 419', 'V-10000319', 'Iván', 'Gabriela', 'Giménez', 'Jiménez', DATE '1981-07-23'),
  (320, 679, 'V-10000320-9', 'Calle La Candelaria, townhouse 26, casa 420', 'V-10000320', 'Florencia', 'Nelson', 'López', 'Ibarra', DATE '1994-10-31'),
  (321, 680, 'V-10000321-0', 'Calle El Cementerio, quinta San José, casa 421', 'V-10000321', 'Emma', 'Walter', 'Alvarado', 'Arvelo', DATE '1976-04-01'),
  (322, 681, 'V-10000322-1', 'Calle Los Naranjos, residencias Las Mercedes 3, apto 29', 'V-10000322', 'Abraham', NULL, 'Fuentes', 'Paredes', DATE '1991-11-15'),
  (323, 682, 'V-10000323-2', 'Calle Anauco, edif. H, apto 2-82', 'V-10000323', 'Pablo', 'Alejandra', 'Palacios', 'Ibarra', DATE '1966-05-22'),
  (324, 683, 'V-10000324-3', 'Calle Los Cedros, edificio Centro 22, piso 7, oficina 37', 'V-10000324', 'Ramón', 'Teresa', 'Acosta', 'Díaz', DATE '2001-01-18'),
  (325, 684, 'V-10000325-4', 'Av. El Hatillo, casa 425', 'V-10000325', 'Enrique', 'Irene', 'Molina', 'Chacón', DATE '1960-06-03'),
  (326, 685, 'V-10000326-5', 'Calle Carabobo, edificio Sur 28, piso 11, oficina 28', 'V-10000326', 'Jesús', 'Iván', 'Alvarez', 'España', DATE '1996-03-10'),
  (327, 686, 'V-10000327-6', 'Calle El Rosal, casa 427', 'V-10000327', 'Alfredo', 'Ricardo', 'Alvarado', NULL, DATE '1988-11-27'),
  (328, 687, 'V-10000328-7', 'Av. Los Cortijos, residencias El Paraíso 5, apto 14', 'V-10000328', 'Wanda', NULL, 'Rodríguez', 'Figuera', DATE '1994-05-30'),
  (329, 688, 'V-10000329-8', 'Av. San Martín, residencias La Arboleda 5, apto 44', 'V-10000329', 'Beatriz', NULL, 'Rivas', 'Herrera', DATE '2003-12-23'),
  (330, 689, 'V-10000330-9', 'Av. Los Cortijos, edificio Centro 47, piso 1, oficina 38', 'V-10000330', 'Ramón', NULL, 'Rangel', NULL, DATE '2005-04-09'),
  (331, 690, 'V-10000331-0', 'Av. Andrés Bello, casa 431', 'V-10000331', 'Ernesto', 'Ricardo', 'Peña', 'Franco', DATE '1969-09-12'),
  (332, 691, 'V-10000332-1', 'Calle Vargas, quinta La Paz, casa 432', 'V-10000332', 'Rosa', NULL, 'Goncalves', 'Pineda', DATE '1973-09-26'),
  (333, 692, 'V-10000333-2', 'Calle Caracas, townhouse 7, casa 433', 'V-10000333', 'Carlos', 'Ignacio', 'Vielma', 'Lara', DATE '2005-11-23'),
  (334, 693, 'V-10000334-3', 'Calle Los Pinos, quinta Santa María, casa 434', 'V-10000334', 'Andrea', NULL, 'Salazar', 'Lara', DATE '1992-02-10'),
  (335, 694, 'V-10000335-4', 'Calle Caroní, residencias San Carlos 1, apto 2', 'V-10000335', 'Pilar', NULL, 'Sousa', 'Delgado', DATE '1967-12-26'),
  (336, 695, 'V-10000336-5', 'Av. Páez, quinta Santa María, casa 436', 'V-10000336', 'Silvia', NULL, 'Contreras', 'Blanco', DATE '2000-12-22'),
  (337, 696, 'V-10000337-6', 'Av. Los Ilustres, casa 437', 'V-10000337', 'Pilar', NULL, 'Gómez', NULL, DATE '1986-01-25'),
  (338, 697, 'V-10000338-7', 'Calle Sucre, edificio Este 42, piso 3, oficina 22', 'V-10000338', 'Tomás', 'Roberto', 'Querales', 'Rivas', DATE '1992-01-28'),
  (339, 698, 'V-10000339-8', 'Av. Boyacá, townhouse 26, casa 439', 'V-10000339', 'Milagros', 'Enrique', 'Palacios', 'Chirinos', DATE '2000-12-15'),
  (340, 699, 'V-10000340-9', 'Av. Boyacá, edificio Este 47, piso 1, oficina 11', 'V-10000340', 'Joel', 'Graciela', 'Ruiz', 'Cárdenas', DATE '1969-04-21'),
  (341, 700, 'V-10000341-0', 'Calle Páez, edificio Norte 32, piso 2, oficina 27', 'V-10000341', 'Alfredo', 'Auxiliadora', 'Chirinos', 'Oliveros', DATE '1999-07-15'),
  (342, 701, 'V-10000342-1', 'Av. Los Cortijos, residencias Los Pinos 17, apto 89', 'V-10000342', 'Sergio', 'Juan', 'Yépez', 'Alvarez', DATE '1968-07-17'),
  (343, 702, 'V-10000343-2', 'Av. Andrés Bello, casa 443', 'V-10000343', 'Víctor', 'Cristina', 'Cabrera', 'Orellana', DATE '1974-01-29'),
  (344, 703, 'V-10000344-3', 'Av. La Trinidad, residencias El Paraíso 2, apto 65', 'V-10000344', 'Olivia', 'Hugo', 'Blanco', 'Marín', DATE '1979-12-24'),
  (345, 704, 'V-10000345-4', 'Calle Monte de Piedad, edif. H, apto 15-41', 'V-10000345', 'Cecilia', 'Abraham', 'Marcano', 'Zerpa', DATE '1970-08-25'),
  (346, 705, 'V-10000346-5', 'Av. Bolívar, edif. J, apto 20-82', 'V-10000346', 'Rosa', NULL, 'Rojas', NULL, DATE '1987-04-30'),
  (347, 706, 'V-10000347-6', 'Av. Los Cortijos, condominio Lomas del Ávila 18, casa 447', 'V-10000347', 'Marta', 'Aurora', 'Morales', 'Díaz', DATE '2002-06-12'),
  (348, 707, 'V-10000348-7', 'Av. Bolívar, residencias El Paraíso 10, apto 71', 'V-10000348', 'Aurora', 'Roberto', 'Querales', 'Echeverría', DATE '1993-07-17'),
  (349, 708, 'V-10000349-8', 'Calle Zamora, quinta Santa María, casa 449', 'V-10000349', 'Patricia', 'Karina', 'Bastidas', 'Reyes', DATE '1976-10-28'),
  (350, 709, 'V-10000350-9', 'Calle La Hoyada, casa 450', 'V-10000350', 'Kevin', NULL, 'Cordero', 'Salazar', DATE '1971-01-20'),
  (351, 710, 'V-10000351-0', 'Av. Andrés Bello, townhouse 38, casa 451', 'V-10000351', 'Leticia', 'Nancy', 'Barrios', 'Rodríguez', DATE '2003-04-29'),
  (352, 711, 'V-10000352-1', 'Calle El Marqués, townhouse 27, casa 452', 'V-10000352', 'Valeria', 'Germán', 'Aguilera', NULL, DATE '1982-04-09'),
  (353, 712, 'V-10000353-2', 'Av. La Marina, residencias Las Mercedes 18, apto 81', 'V-10000353', 'Iván', 'Alberta', 'Barrios', NULL, DATE '1979-07-01'),
  (354, 713, 'V-10000354-3', 'Calle El Marqués, edif. F, apto 18-62', 'V-10000354', 'Julio', 'Sergio', 'Jiménez', 'Chacón', DATE '1997-06-14'),
  (355, 714, 'V-10000355-4', 'Calle Zamora, casa 455', 'V-10000355', 'Yamilet', NULL, 'Santana', 'Vielma', DATE '1994-03-03'),
  (356, 715, 'V-10000356-5', 'Av. Las Américas, casa 456', 'V-10000356', 'Francisco', NULL, 'Canache', 'Figueroa', DATE '1986-06-24'),
  (357, 716, 'V-10000357-6', 'Av. Los Cortijos, townhouse 16, casa 457', 'V-10000357', 'Hernán', NULL, 'Vega', NULL, DATE '2005-11-01'),
  (358, 717, 'V-10000358-7', 'Av. Andrés Bello, casa 458', 'V-10000358', 'Consuelo', 'Fernando', 'Pineda', 'Machado', DATE '1982-07-19'),
  (359, 718, 'V-10000359-8', 'Calle Los Pinos, urb. La Trinidad, casa 459', 'V-10000359', 'Walter', 'Emma', 'Carrasquero', 'Hurtado', DATE '2000-04-06'),
  (360, 719, 'V-10000360-9', 'Av. Chacaíto, casa 460', 'V-10000360', 'Ricardo', NULL, 'Cedeño', 'Da', DATE '1998-06-11'),
  (361, 720, 'V-10000361-0', 'Av. El Silencio, condominio Valle Arriba 2, casa 461', 'V-10000361', 'Sergio', NULL, 'Camacho', 'Rodríguez', DATE '1973-10-15'),
  (362, 721, 'V-10000362-1', 'Calle El Cementerio, edif. F, apto 17-29', 'V-10000362', 'Daniela', 'Laura', 'España', 'Sousa', DATE '1976-06-30'),
  (363, 722, 'V-10000363-2', 'Av. El Valle, urb. La Lagunita, casa 463', 'V-10000363', 'Tatiana', NULL, 'De', 'Contreras', DATE '1989-10-10'),
  (364, 723, 'V-10000364-3', 'Calle Sucre, edif. F, apto 15-31', 'V-10000364', 'Julio', NULL, 'Páez', 'Paredes', DATE '1981-11-15'),
  (365, 724, 'V-10000365-4', 'Calle Páez, residencias Los Pinos 17, apto 58', 'V-10000365', 'Coromoto', 'Roberto', 'Piñero', 'Guevara', DATE '2003-09-03'),
  (366, 725, 'V-10000366-5', 'Av. Bolívar, edif. D, apto 7-88', 'V-10000366', 'Ramón', 'Miguel', 'Querales', NULL, DATE '1998-01-21'),
  (367, 726, 'V-10000367-6', 'Calle Los Cedros, casa 467', 'V-10000367', 'Marta', 'Coromoto', 'Fonseca', 'Guerra', DATE '2001-03-13'),
  (368, 727, 'V-10000368-7', 'Av. La Urbina, edif. J, apto 8-34', 'V-10000368', 'Carmen', NULL, 'Díaz', NULL, DATE '1996-07-27'),
  (369, 728, 'V-10000369-8', 'Av. Bolívar, edif. J, apto 2-90', 'V-10000369', 'Marcos', 'Pedro', 'Pinto', 'Alvarado', DATE '1966-07-06'),
  (370, 729, 'V-10000370-9', 'Av. Fuerzas Armadas, townhouse 26, casa 470', 'V-10000370', 'Cristóbal', NULL, 'Landaeta', 'Guevara', DATE '1962-10-06'),
  (371, 730, 'V-10000371-0', 'Calle La Llaguna, edificio Plaza 44, piso 15, oficina 47', 'V-10000371', 'Giovanni', NULL, 'Prieto', 'De', DATE '1993-06-22'),
  (372, 731, 'V-10000372-1', 'Av. Sabana Grande, edif. E, apto 7-96', 'V-10000372', 'Ana', 'César', 'Silva', NULL, DATE '1990-11-06'),
  (373, 732, 'V-10000373-2', 'Av. La Urbina, urb. Las Acacias, casa 473', 'V-10000373', 'Damián', NULL, 'Colmenares', NULL, DATE '1976-04-08'),
  (374, 733, 'V-10000374-3', 'Calle La Llaguna, edif. E, apto 4-26', 'V-10000374', 'Daniela', 'Adelina', 'Villanueva', 'Guerra', DATE '2003-09-16'),
  (375, 734, 'V-10000375-4', 'Av. La Bandera, edif. D, apto 11-63', 'V-10000375', 'Alberta', NULL, 'Narváez', NULL, DATE '2000-06-05'),
  (376, 735, 'V-10000376-5', 'Av. México, edificio Torre 21, piso 4, oficina 15', 'V-10000376', 'Pablo', 'Pablo', 'Uzcátegui', 'Machado', DATE '1999-02-15'),
  (377, 736, 'V-10000377-6', 'Calle Monte de Piedad, residencias El Paraíso 16, apto 71', 'V-10000377', 'Ernesto', NULL, 'Mejías', 'Villanueva', DATE '1969-10-06'),
  (378, 737, 'V-10000378-7', 'Calle Real, edif. A, apto 17-81', 'V-10000378', 'Alejandro', 'Nelson', 'Barreto', NULL, DATE '1962-10-19'),
  (379, 738, 'V-10000379-8', 'Av. Río de Janeiro, edificio Plaza 26, piso 4, oficina 50', 'V-10000379', 'Florencia', 'Samuel', 'Torres', 'De', DATE '1986-02-08'),
  (380, 739, 'V-10000380-9', 'Calle Los Mangos, edificio Norte 11, piso 3, oficina 37', 'V-10000380', 'Cristóbal', 'Diana', 'Ortega', 'Fermín', DATE '1973-02-11'),
  (381, 740, 'V-10000381-0', 'Av. Los Próceres, edificio Centro 12, piso 8, oficina 22', 'V-10000381', 'Ricardo', 'José', 'Mendoza', 'Silva', DATE '1985-03-14'),
  (382, 741, 'V-10000382-1', 'Calle Sucre, townhouse 18, casa 471', 'V-10000382', 'Patricia', NULL, 'Blanco', 'Fuentes', DATE '1991-08-22'),
  (383, 742, 'V-10000383-2', 'Av. Urdaneta, quinta La Trinidad, casa 472', 'V-10000383', 'Luis', 'Alberto', 'Rojas', NULL, DATE '1978-11-30'),
  (384, 743, 'V-10000384-3', 'Calle Miranda, residencias San Carlos 8, apto 33', 'V-10000384', 'Carmen', 'Elena', 'Duarte', 'Páez', DATE '1963-09-18'),
  (385, 744, 'V-10000385-4', 'Av. El Hatillo, edif. B, apto 6-88', 'V-10000385', 'Jorge', NULL, 'Ferrer', 'Lara', DATE '1996-12-05'),
  (386, 745, 'V-10000386-5', 'Calle Caracas, townhouse 28, casa 474', 'V-10000386', 'Natalia', 'Isabel', 'Guerra', NULL, DATE '1980-07-08'),
  (387, 746, 'V-10000387-6', 'Av. Los Ruices, quinta La Paz, casa 475', 'V-10000387', 'Andrés', 'Felipe', 'Camacho', 'Medina', DATE '1971-04-12'),
  (388, 747, 'V-10000388-7', 'Calle La Hoyada, edificio Oeste 15, piso 5, oficina 28', 'V-10000388', 'Silvia', NULL, 'Pinto', 'Rangel', DATE '1989-01-25'),
  (389, 748, 'V-10000389-8', 'Av. Bolívar, residencias Doña Rosa 11, apto 66', 'V-10000389', 'Martín', 'Alejandro', 'Sousa', NULL, DATE '2001-10-03'),
  (390, 749, 'V-10000390-9', 'Calle Real, condominio El Encantado 15, casa 476', 'V-10000390', 'Valentina', NULL, 'Lara', 'Cordero', DATE '1975-06-19'),
  (391, 750, 'V-10000391-0', 'Av. Francisco de Miranda, townhouse 30, casa 477', 'V-10000391', 'Diego', 'Fernando', 'Acosta', 'Bello', DATE '1992-09-08');


--MATHIAS Y DEVONY
INSERT INTO MATERIAPRIMA (ID_MATERIAPRIMA, NOMBRE_MATERIAPRIMA, DESCRIPCION_MATERIAPRIMA) VALUES
  (1, 'Polimero ABS', 'Termoplástico rígido de alta resistencia al impacto, ideal para torsos, articulaciones y accesorios rígidos.'),
  (2, 'Vinil flexible', 'Compuesto polimérico blando utilizado para el moldeado de cabezas y piezas que requieren flexibilidad al tacto.'),
  (3, 'PVC rigido', 'Policloruro de vinilo de alta densidad empleado en la estructura interna y componentes estables no maleables.'),
  (4, 'Saran (cabello)', 'Filamento sintético premium de alta densidad, suave y pesado, óptimo para la implantación y peinado del cabello.'),
  (5, 'Tela algodon', 'Fibra textil natural hipoalergénica utilizada en la confección y costura de prendas de vestir básicas.'),
  (6, 'Tela poliester', 'Fibra sintética de alta durabilidad y resistencia a las arrugas, ideal para ropa con estampados y acabados complejos.'),
  (7, 'Elastomero TPE', 'Caucho termoplástico elástico empleado en articulaciones de movimiento fluido y secciones de piel flexible.'),
  (8, 'Resina', 'Compuesto líquido termoestable de alta precisión, utilizado para el vaciado de prototipos y piezas de edición especial.'),
  (9, 'Nylon', 'Poliamida sintética de gran resistencia mecánica y bajo coeficiente de fricción, ideal para engranajes y uniones mecánicas.'),
  (10, 'Caucho', 'Polímero elástico natural o sintético vulcanizado para componentes que requieren tracción, amortiguación o sellado.');
--NAYKARID y DEVONY
INSERT INTO MEMBRESIA (ID_MEMBRESIA, NOMBRE_MEMBRESIA, DESCRIPCION_MEMBRESIA, PRECIO_MEMBRESIA) VALUES 
    (1, 'Gold', 'Acceso estándar a funciones premium y soporte base.', 9.99),
    (2, 'Platinum', 'Acceso total ilimitado, herramientas avanzadas y soporte prioritario 24/7.', 24.99);

INSERT INTO MEMBRESIA_CLIENTE_B2C (ID_MEMBRESIA_CLIENTE_B2C, FK_MEMBRESIA, FK_USUARIO) VALUES 
    (1, 1, 1),  
    (2, 2, 2),  
    (3, 1, 3),  
    (4, 1, 4),  
    (5, 2, 5),  
    (6, 1, 6),  
    (7, 2, 7),  
    (8, 2, 8),  
    (9, 1, 9),  
    (10, 2, 10);

--NAYKARID y DEVONY
INSERT INTO SEDE (ID_SEDE, FK_LUGAR_SEDE, NOMBRE_SEDE, DIRECCION_SEDE) VALUES 
    (1, 114, 'Fábrica de Origen', 'Valencia, Estado Carabobo'),
    (2, 14, 'Hub La Guaira (Distribución LATAM)', 'Puerto de La Guaira, La Guaira'),
    (3, 352, 'Hub Maracaibo (Distribución Europa)', 'Puerto de Maracaibo, Zulia'),
    (4, 1, 'Sede Transcontinental', 'Ubicación Virtual - Contenedores en Océano');

INSERT INTO ROL (ID_ROL, NOMBRE_ROL, DESCRIPCION_ROL) VALUES
  (1, 'Cliente B2C', 'Consumidor final que compra por unidad en la tienda en linea'),
  (2, 'Retail Partner B2B', 'Cadena mayorista que emite ordenes de compra por caja master'),
  (3, 'Coleccionista Platinum', 'Cliente VIP con acceso a subastas y ediciones limitadas'),
  (4, 'Gerente de Inventario', 'Personal interno: ve costos de produccion y modifica stock'),
  (5, 'Vendedor', 'Personal interno: ve precios de lista y disponibilidad'),
  (6, 'Administrador', 'Acceso total al sistema'),
  (7, 'Gerente de Ventas', 'Supervisa metas y comisiones de ejecutivos de cuenta'),
  (8, 'Operador de Logistica', 'Gestiona despachos y manifiestos de carga'),
  (9, 'Diseñador I+D', 'Define especificaciones tecnicas y artisticas de productos'),
  (10, 'Auditor', 'Consulta registros historicos sin modificar');


--NAYKARID Y DEVONY
  INSERT INTO INVENTARIO_MATERIAPRIMA (ID_INVENTARIO_MATERIAPRIMA, PFK_SEDE, PFK_MATERIAPRIMA, CANTIDAD_MATERIAPRIMA_INV) VALUES 
    (1, 1, 1, 500),   
    (2, 1, 2, 350),   
    (3, 1, 3, 400),   
    (4, 2, 4, 150),   
    (5, 2, 5, 600),   
    (6, 3, 6, 800),   
    (7, 3, 7, 250),   
    (8, 1, 8, 1000),
    (9, 1, 9, 450),   
    (10,1, 10, 300); 
--NAYKARID Y DEVONY
INSERT INTO COURIER (ID_COURIER, NOMBRE_COURIER) VALUES 
    (1, 'DHL'), 
    (2, 'FedEx'), 
    (3, 'Zoom'), 
    (4, 'MRW'),
    (5, 'Tealca'),
    (6, 'Domesa'),
    (7, 'Liberty Express'),
    (8, 'UPS'),
    (9, 'Serex'),
    (10, 'Ipostel');
--NAYKARID 
INSERT INTO ESTATUS_BACKORDER (ID_ESTATUS_BACKORDER, NOMBRE_ESTATUS_BACKORDER, DESCRIPCION_ESTATUS_BACKORDER) VALUES 
    (1, 'Generado', 'El backorder ha sido creado por falta de stock en una orden B2B.'),
    (2, 'Aprobado para Producción', 'El departamento de manufactura aceptó el requerimiento.'),
    (3, 'Esperando Materia Prima', 'La producción está detenida por falta de insumos.'),
    (4, 'En Producción', 'Las piezas solicitadas se encuentran actualmente en fabricación.'),
    (5, 'Parcialmente Surtido', 'Se ha entregado una parte del lote, pero aún faltan piezas.'),
    (6, 'Listo para Envío', 'La totalidad del backorder está fabricada y en almacén.'),
    (7, 'En Tránsito', 'El pedido está en camino a las instalaciones del cliente B2B.'),
    (8, 'Completado', 'El cliente B2B recibió todas las unidades pendientes del backorder.'),
    (9, 'Cancelado por Cliente', 'El cliente B2B desistió de esperar el lote faltante.'),
    (10, 'Cancelado por Fábrica', 'Es imposible producir el lote por descontinuación de moldes.');
--NAYKARID
INSERT INTO ESTATUS_FASE_PRODUCCION (ID_ESTATUS_FP, NOMBRE_ESTATUS_FP, DESCRIPCION_ESTATUS_FP) VALUES 
    (1, 'No Iniciada', 'La fase de producción ha sido programada pero no ha comenzado.'),
    (2, 'En Progreso', 'Los empleados están trabajando actualmente en esta fase.'),
    (3, 'Pausada', 'Producción detenida temporalmente por falta de insumos o fallas.'),
    (4, 'En Revisión QA', 'Fase terminada, a la espera de aprobación de calidad.'),
    (5, 'Completada', 'Fase finalizada y aprobada con éxito.'),
    (6, 'Rechazada', 'La fase no pasó los controles de calidad y debe repetirse.'),
    (7, 'Cancelada', 'Producción abortada permanentemente.'),
    (8, 'Retrasada', 'La fase superó el tiempo estimado de finalización.'),
    (9, 'Mantenimiento', 'Maquinaria en mantenimiento durante esta fase.'),
    (10, 'Empaquetado', 'Fase final de embalaje del producto.');
--Devony
INSERT INTO ESTATUS_GANADOR (ID_ESTATUS_GANADOR, NOMBRE_ESTATUS_GANADOR, DESC_ESTATUS_GANADOR) VALUES
  (1, 'Pendiente', 'El premio o condición de ganador está a la espera de validación o reclamo.'),
  (2, 'Validado', 'La condición de ganador ha sido verificada y confirmada por la organización.'),
  (3, 'Reclamado', 'El ganador ha solicitado formalmente la entrega de su premio o beneficio.'),  
  (4, 'Entregado', 'El premio ha sido otorgado y recibido satisfactoriamente por el ganador.'),
  (5, 'Rechazado', 'La postulación o condición de ganador no cumplió con las reglas y fue anulada.'),
  (6, 'Expirado', 'El plazo legal para reclamar el premio ha vencido y se ha perdido el derecho.'),
  (7, 'En Revisión', 'Se está realizando una auditoría o verificación adicional sobre los resultados.'),
  (8, 'Suspendido', 'El estatus de ganador se encuentra congelado temporalmente por disputas o investigación.'),
  (9, 'Cancelado', 'El evento o la categoría fue anulada, invalidando la condición de ganador.'),
  (10, 'Transferido', 'El premio fue cedido o transferido a un suplente o tercero según el reglamento.');

--NAYKARID
INSERT INTO ESTATUS_INVENTARIO (ID_ESTATUS_INVENTARIO, NOMBRE_ESTATUS_INVENTARIO, DESCRIPCION_ESTATUS_INVENTARIO) VALUES 
    (1, 'Disponible', 'Producto almacenado y listo para la venta B2B o B2C.'),
    (2, 'Reservado B2C', 'Apartado para la orden de compra de un cliente B2C'),
    (3, 'En Tránsito', 'En movimiento físico entre una sede y otra (o en océano).'),
    (4, 'Vendido', 'Producto facturado y despachado al cliente.'),
    (5, 'En Subasta', 'Inventario bloqueado porque pertenece a una subasta activa.'),
    (6, 'Para subasta', 'Producto que será vendido en subasta.'),
    (7, 'Reservado B2B', 'Apartado para la orden de compra de un cliente B2B'),
    (8, 'Pedido para un backorder', 'Inventario creado para sastifacer la orden de compra B2B'),
    (9, 'En Cuarentena', 'Retenido por controles de calidad (QA).'),
    (10, 'Liquidación', 'Apartado para ventas de remate a bajo costo.');
--NAYKARID
INSERT INTO ESTATUS_MEMBRESIA (ID_ESTATUS_MEMBRESIA, NOMBRE_ESTATUS_MEMBRESIA, DESCRIPCION_ESTATUS_MEMBRESIA) VALUES 
    (1, 'Activa', 'La membresía está vigente y los pagos están al día.'),
    (2, 'Inactiva', 'La membresía fue desactivada temporalmente por el usuario.'),
    (3, 'Suspendida', 'Suspendida por el sistema por infracciones a los términos.'),
    (4, 'Cancelada', 'Membresía anulada de forma definitiva.'),
    (5, 'Vencida', 'El tiempo pagado finalizó y no se ha renovado.'),
    (6, 'Periodo de Gracia', 'Vencida recientemente, con 5 días para pagar sin perder beneficios.'),
    (7, 'Pendiente de Pago', 'Se intentó cobrar pero la tarjeta fue rechazada.'),
    (8, 'En Renovación', 'Procesando el cobro del próximo ciclo de facturación.'),
    (9, 'Prueba Gratuita', 'Usuario gozando de 30 días de cortesía de nivel Gold.'),
    (10, 'Bloqueada', 'Bloqueo preventivo por sospecha de fraude o reventa ilegal.');
--NAYKARID
INSERT INTO ESTATUS_PAGO_MEMBRESIA (ID_ESTATUS_PAGO_MEMBRESIA, NOMBRE_ESTATUS_PAGO_MEMBRESIA, DESC_ESTATUS_PAGO_MEMB) VALUES 
    (1, 'Aprobado', 'El pago fue procesado por la pasarela exitosamente.'),
    (2, 'Rechazado - Fondos', 'Transacción declinada por fondos insuficientes.'),
    (3, 'Rechazado - Banco', 'El banco emisor bloqueó la transacción.'),
    (4, 'Pendiente', 'El pago está en proceso de verificación (ej. transferencias).'),
    (5, 'Reversado', 'El pago fue devuelto al cliente por error en sistema.'),
    (6, 'Fraude Sospechoso', 'Bloqueado por el sistema antifraude.'),
    (7, 'Expirado', 'El tiempo para completar el pago caducó.'),
    (8, 'Cancelado por Usuario', 'El usuario abortó el pago antes de procesarse.'),
    (9, 'En Disputa', 'El usuario reportó el cargo (Chargeback).'),
    (10, 'Reembolsado', 'El pago se completó pero el dinero fue devuelto por solicitud.');
--NAYKARID
INSERT INTO ESTATUS_PRECIO (ID_ESTATUS_PRECIO, NOMBRE_ESTATUS_PRECIO, DESCRIPCION_ESTATUS_PRECIO) VALUES 
    (1, 'Activo - B2C', 'El precio actual vigente para el producto.'),
    (2, 'Precio especial NRFB', 'Precio para los productos que no salieron de su caja.'),
    (3, 'Precio especial MINT', 'Precio para los productos que estan en perfectas condiciones pero sin su caja'),
    (4, 'Liquidación', 'Precio de remate para agotar inventario restante.'),
    (5, 'Preventa', 'Precio especial para órdenes anticipadas antes del lanzamiento.'),
    (6, 'Descontinuado', 'Precio de un producto que ya no se fabrica.'),
    (7, 'Suscripción', 'Precio bloqueado para usuarios con membresía activa.'),
    (8, 'Oferta Relámpago', 'Descuento válido únicamente por pocas horas.'),
    (9, 'B2B', 'Precio preferencial para compradores de gran volumen.'),
    (10, 'Subasta Base', 'Precio inicial de arranque para un evento de subasta.');
--NAYKARID Y DEVONY 
INSERT INTO ESTATUS_PUJA (ID_ESTATUS_PUJA, NOMBRE_ESTATUS_PUJA, DESCRIPCION_ESTATUS_PUJA) VALUES 
    (1, 'Activa', 'La puja ha sido recibida y está compitiendo actualmente en la subasta.'),
    (2, 'Superada', 'Otro usuario ha realizado una oferta mayor a esta puja.'),
    (3, 'Ganadora', 'La puja con el monto más alto al cerrar el tiempo de la subasta.'),
    (4, 'Retirada', 'La puja fue cancelada o anulada por el administrador del sistema.'),
    (5, 'Invalida', 'La puja no cumplió con el incremento mínimo requerido para el lote.'),
    (6, 'En Procesamiento', 'La puja está siendo evaluada por el sistema para verificar la disponibilidad de fondos del usuario.'),
    (7, 'Rechazada', 'La puja fue descartada automáticamente debido a que el usuario se encuentra bloqueado o suspendido.'),
    (8, 'Expirada', 'La puja no llegó a completarse o el tiempo del lote concluyó antes de su procesamiento.'),
    (9, 'Pagada', 'La puja ganadora ha sido liquidada y el artículo ha sido facturado al comprador.'),
    (10, 'Incumplida', 'El usuario con la puja ganadora no realizó el pago en el tiempo establecido, perdiendo el derecho de compra.');
-- NAYKARID
INSERT INTO ESTATUS_SUBASTA (ID_ESTATUS_SUBASTA, NOMBRE_ESTATUS_SUBASTA, DESCRIPCION_ESTATUS_SUBASTA) VALUES 
    (1, 'Programada', 'La subasta ha sido creada pero el periodo de pujas aún no inicia.'),
    (2, 'Activa', 'La subasta está abierta y recibiendo pujas de los usuarios.'),
    (3, 'Cerrada - En Evaluación', 'El tiempo finalizó, el sistema está validando la puja ganadora.'),
    (4, 'Adjudicada', 'Se ha declarado un ganador y se generó la orden de subasta.'),
    (5, 'Desierta', 'La subasta finalizó sin recibir ninguna puja válida.'),
    (6, 'Cancelada', 'La subasta fue anulada por la administración antes de finalizar.'),
    (7, 'Suspendida', 'Pausada temporalmente por problemas técnicos o auditoría.'),
    (8, 'En Disputa', 'Existen reclamos sobre la validez de la puja ganadora.'),
    (9, 'Finalizada y Pagada', 'El ganador concretó el pago y se cerró el proceso.'),
    (10, 'Archivada', 'Subasta histórica guardada solo para fines de auditoría.');
-- MATHIAS
INSERT INTO LINEA_CREDITO (ID_LINEA_CREDITO, FK_PERSONA_JURIDICA, TOTAL_LINEA_CREDITO) VALUES
  (1, 1, 50000),
  (2, 2, 100000),
  (3, 3, 150000),
  (4, 4, 200000),
  (5, 5, 250000),
  (6, 6, 300000),
  (7, 7, 350000),
  (8, 8, 400000),
  (9, 9, 450000),
  (10, 10, 500000);
--NAYKARID
INSERT INTO TRANSPORTE (ID_TRANSPORTE, FK_TIPO_TRANSPORTE, NOMBRE_TRANSPORTE) VALUES 
    (1, 1, 'Gándola Mack Titan 001'),
    (2, 2, 'Furgoneta Mercedes Sprinter 02'),
    (3, 3, 'Buque de Carga MSC Rosalind'),
    (4, 4, 'Avión de Carga Boeing 767F'),
    (5, 5, 'Camión Volvo FH 05'),
    (6, 6, 'Moto de Carga Rápida 06'),
    (7, 7, 'Tren de Carga Multimodal 07'),
    (8, 8, 'Camión Refrigerado ThermoKing 08'),
    (9, 9, 'Camión Ligero Isuzu 09'),
    (10, 10, 'Furgón Comercial POP 10');
--MATHIAS
INSERT INTO TIPO_CRIPTOMONEDA (ID_TIPO_CRIPTOMONEDA, RED_BLOCKCHAIN) VALUES
  (1, 'Bitcoin'),
  (2, 'Ethereum (ERC-20)'),
  (3, 'Tron (TRC-20)'),
  (4, 'Binance Smart Chain'),
  (5, 'Solana'),
  (6, 'Polygon'),
  (7, 'Litecoin'),
  (8, 'Cardano'),
  (9, 'Ripple'),
  (10, 'Dogecoin');
--NAYKARID
INSERT INTO TASA_CAMBIO (ID_TASA_CAMBIO, FK_MONEDA, VALOR_USD_TASA, FECHA_EFECTIVA, FECHAFIN_PRECIO) VALUES 
    (1, 1, 1.00, '2024-01-01', NULL), 
    (2, 2, 36.20, '2024-01-01', '2024-02-15'), 
    (3, 2, 38.50, '2024-02-16', '2024-03-31'), 
    (4, 2, 39.10, '2024-04-01', NULL), 
    (5, 3, 1.00, '2024-01-01', NULL), 
    (6, 4, 62000.00, '2024-01-01', '2024-03-15'),
    (7, 4, 67500.00, '2024-03-16', NULL),
    (8, 5, 2.50, '2024-01-01', '2024-02-28'),
    (9, 5, 5.00, '2024-03-01', '2024-04-15'),
    (10, 5, 8.50, '2024-04-16', NULL);
--DEVONY 
INSERT INTO BASE_DISENO (ID_BASEDISENO, FK_ERA, FK_BASEDISENO, FK_TIPO_CUERPO, FK_COLECCION, FK_COLOR_OJOS, FK_COLOR_TONOPIEL, NOMBRE_BASEDISENO, DESCRIPCION_BASEDISENO,ALTO_BASEDISENO, ANCHO_BASEDISENO, PROFUNDIDAD_BASEDISENO) VALUES
(1, 1, NULL, NULL, 3, NULL, NULL, 'Barbie Dreamhouse', 'Casa principal de tres pisos con ascensor, piscina en terraza y accesorios completos.', 120.00, 80.00, 40.00),
(2, 3, NULL, 1, 2, 6, 2, 'Ken Fashionistas 130', 'Muñeco Ken con cabello rubio, atuendo casual y cuerpo original articulado.', 30.00, 12.00, 5.00),
(3, 1, NULL, 4, 1, 6, 1, 'Skipper Babysitters', 'Hermana menor de Barbie con cuerpo petite y look juvenil de cuidado infantil.', 25.00, 10.00, 4.00),
(4, 3, NULL, 3, 5, 9, 3, 'Teresa Sirena Dreamtopia', 'Amiga de Barbie con cuerpo tall para la línea de fantasía submarina.', 32.00, 9.00, 4.50),
(5, 1, 1, 1, 3, 6, 1, 'Barbie Dreamhouse Host', 'Barbie anfitriona diseñada para interactuar con la Dreamhouse y sus accesorios.', 29.21, 6.35, 3.81),
(6, 3, 2, 2, 2, 7, 3, 'Barbie y Ken Pareja Real', 'Barbie edición especial para coleccionar junto a Ken Fashionistas 130.', 29.21, 6.35, 3.81),
(7, 1, 3, 4, 1, 8, 2, 'Barbie Hermana Mayor', 'Barbie con cuerpo petite a juego con Skipper para escenas familiares.', 29.21, 6.35, 3.81),
(8, 3, 4, 3, 5, 6, 2, 'Barbie Sirena Dreamtopia', 'Barbie con cuerpo tall para acompañar a Teresa en aventuras submarinas.', 32.00, 9.00, 4.50),
(9, 4, NULL, 5, 6, 6, 4, 'Barbie Inspiring Women', 'Barbie con cuerpo articulado representando figuras históricas femeninas.', 29.21, 6.99, 3.81),
(10, 2, NULL, 1, 4, 6, 5, 'Barbie Dia de Muertos', 'Edición especial con tono fantasía y maquillaje tradicional mexicano.', 29.21, 6.35, 3.81);
--DEVONY
INSERT INTO BASE_DISENO_CONSTRUCCION (ID_BASEDISENO_CONSTRUCCION, PFK_PIEZA, PFK_MOLDE, PFK_MATERIAPRIMA, PFK_BASEDISENO, CANTIDAD_MATERIAPRIMA) VALUES
(1, 1, 1, 2, 5, 10),
(2, 2, 1, 1, 5, 50),
(3, 3, 1, 1, 5, 20),
(4, 1, 2, 2, 6, 12),
(5, 2, 2, 1, 6, 5),
(6, 1, 3, 2, 7, 7),
(7, 2, 3, 1, 7, 9),
(8, 1, 6, 2, 8, 11),
(9, 2, 6, 1, 8, 13),
(10, 5, 7, 1, 9, 3);
--DEVONY
INSERT INTO BASEDISENO_PRUEBA (ID_BASEDISENO_PRUEBA, FK_BASEDISENO, FK_PRUEBA) VALUES
  (1, 5, 1),
  (2, 5, 3),
  (3, 5, 5),
  (4, 6, 1),
  (5, 6, 3),
  (6, 6, 5),
  (7, 7, 1),
  (8, 7, 2),
  (9, 7, 5),
  (10, 8, 1);
--DEVONY
INSERT INTO BASEDISENO_SETREGALO (ID_BASEDISENO_SETREGALO, FK_BASEDISENO, FK_SET_REGALO) VALUES
  (1, 5, 1),
  (2, 2, 1),
  (3, 6, 2),
  (4, 3, 2),
  (5, 7, 3),
  (6, 4, 3),
  (7, 8, 4),
  (8, 9, 5),
  (9, 10, 6),
  (10, 5, 7);
--DEVONY
INSERT INTO CARACTERISTICA_BASEDISENO (ID_CARACTERISTICA_BASEDISENO, FK_BASEDISENO, FK_CARACTERISTICA, VALOR_CARACTERISITICA) VALUES
(1, 5, 1, 'Azul Profundo'),
(2, 5, 3, 'Mate Suave'),
(3, 5, 5, '5 puntos'),
(4, 6, 1, 'Verde Esmeralda'),
(5, 6, 3, 'Brillo Satinado'),
(6, 6, 5, '5 puntos'),
(7, 7, 1, 'Miel Dorado'),
(8, 7, 3, 'Mate Suave'),
(9, 7, 5, '10 puntos'),
(10, 8, 1, 'Azul Profundo');
-- DEVONY
INSERT INTO CATEGORIA_BASEDISENO (ID_CATEGORIA_BASEDISENO, FK_BASEDISENO, FK_CATEGORIA) VALUES
(1, 1, 9),
(2, 2, 1),
(3, 3, 1),
(4, 4, 6),
(5, 5, 1),
(6, 6, 1),
(7, 7, 1),
(8, 8, 6),
(9, 9, 7),
(10, 10, 6);
-- DEVONY
INSERT INTO CLASIFICACION_BASEDISENO (ID_CLASIFICACION_BASEDISENO, FK_BASEDISENO, FK_CLASIFICACION) VALUES
  (1, 1, 4),
  (2, 2, 4),
  (3, 3, 4),
  (4, 4, 4),
  (5, 5, 4),
  (6, 6, 2),
  (7, 7, 3),
  (8, 8, 4),
  (9, 9, 1),
  (10, 10, 2);
-- DEVONY
INSERT INTO FASE_DISENO (ID_FASE_DISENO, FK_PRUEBA, FK_BASEDISENO, FK_FASE, FK_CARGO, CANTIDAD_CARGO) VALUES
(1, 5, 5, 6, 2, 3),
(2, 5, 5, 7, 7, 5),
(3, 1, 5, 8, 8, 2),
(4, 5, 6, 6, 2, 3),
(5, 5, 6, 7, 7, 5),
(6, 1, 6, 8, 8, 2),
(7, 5, 7, 6, 2, 3),
(8, 5, 7, 7, 7, 5),
(9, 2, 7, 8, 8, 2),
(10, 5, 8, 6, 2, 3);
-- DEVONY
INSERT INTO FASE_PRODUCCION (ID_FASE_PRODUCCION, FK_FASE_DISENO, FK_PERSONA_NATURAL) VALUES
(1, 1, 1),
(2, 1, 2),
(3, 2, 7),
(4, 3, 8),
(5, 4, 1),
(6, 4, 2),
(7, 5, 7),
(8, 6, 8),
(9, 7, 1),
(10, 7, 2);
-- DEVONY
INSERT INTO CRIPTOMONEDA (ID_CRIPTOMONEDA, FK_TIPO_CRIPTOMONEDA, DIRECCION_WALLET_CRIPTOMONEDA) VALUES
(1, 1, 'bc1qxy2kgdygjrsqtzq2n0yrf2493p83kkfjhx0wlh'),
(2, 2, '0x71C7656EC7ab88b098defB751B7401B5f6d8976F'),
(3, 3, 'TV6MuMXfmLbBqPZvBHdwFsDnQAePK8Mw5c'),
(4, 4, '0x3f5CE5FBFe3E9af3971dD833D26bA9b5C936f0bE'),
(5, 5, '7XkBp3G4vN2mQw8YpLzRt5KfJn9HsQvTcE'),
(6, 6, '0xdAC17F958D2ee523a2206206994597C13D831ec7'),
(7, 7, 'ltc1qxy2kgdygjrsqtzq2n0yrf2493p83kkfjhx0abc'),
(8, 8, 'addr1qxy2kgdygjrsqtzq2n0yrf2493p83kkfjhx0xyz'),
(9, 9, 'rN7n7otQDd6FczFgLdlqtyMVrn3HMfHgFj'),
(10, 10, 'D6n7otQDd6FczFgLdlqtyMVrn3HMfHgFjD');

INSERT INTO CHEQUE (ID_CHEQUE, FK_BANCO_CHEQUE, NUMERO_CHEQUE) VALUES
(1, 1, '00010001'),
(2, 2, '00020002'),
(3, 3, '00030003'),
(4, 4, '00040004'),
(5, 5, '00050005'),
(6, 6, '00060006'),
(7, 7, '00070007'),
(8, 8, '00080008'),
(9, 9, '00090009'),
(10, 10, '00100010');

INSERT INTO CORREO (ID_CORREO, FK_PERSONA_JURIDICA, FK_PERSONA_NATURAL_CLIENTE, FK_PERSONA_NATURAL_EMPLEADO, NOMBRE_CORREO) VALUES
(1, 1, NULL, NULL, 'contacto@mattelmax.com'),
(2, NULL, 1, NULL, 'jose.gonzalez@email.com'),
(3, NULL, NULL, 1, 'carlos.perez@mattelucab.com'),
(4, 2, NULL, NULL, 'info@toyven.com'),
(5, NULL, 2, NULL, 'ana.rodriguez@email.com'),
(6, NULL, NULL, 2, 'maria.rodriguez@mattelucab.com'),
(7, 3, NULL, NULL, 'ventas@juguetesya.com'),
(8, NULL, 3, NULL, 'carlos.perez2@email.com'),
(9, NULL, NULL, 3, 'juan.martinez@mattelucab.com'),
(10, 4, NULL, NULL, 'soporte@playcenter.com');

INSERT INTO PAYPAL (ID_PAYPAL, FK_CORREO) VALUES
(1, 2),
(2, 5),
(3, 8),
(4, 1),
(5, 4),
(6, 7),
(7, 10),
(8, 3),
(9, 6),
(10, 9);

INSERT INTO PROFESION_BASEDISENO (ID_PROFESION_BASEDISENO, FK_PROFESION, FK_BASEDISENO) VALUES
(1, 1, 5),
(2, 2, 6),
(3, 3, 6),
(4, 4, 6),
(5, 5, 7),
(6, 6, 7),
(7, 7, 8),
(8, 8, 9),
(9, 9, 9),
(10, 10, 9);

INSERT INTO TRANSFERENCIA_BANCARIA (ID_TRANSFERENCIA_BANCARIA, FK_BANCO) VALUES
(1, 1),
(2, 2),
(3, 3),
(4, 4),
(5, 5),
(6, 6),
(7, 7),
(8, 8),
(9, 9),
(10, 10);

INSERT INTO TARJETA_CREDITO (ID_TARJETA_CREDITO, FK_BANCO, NUMERO_TARJETA_CREDITO, CVV_TARJETA_CREDITO, FECHAEXP_TARJETA_CREDITO, TARJETAHABIENTE_CREDITO) VALUES
(1, 1, '4111111111111111', '123', '2027-12-31', 'Carlos Luis Pérez Gómez'),
(2, 2, '5500000000000004', '456', '2027-11-30', 'María Alejandra Rodríguez López'),
(3, 3, '340000000000009', '789', '2028-01-31', 'Juan Carlos Martínez Ruiz'),
(4, 4, '4111111111111129', '321', '2027-10-31', 'Ana Karina González Fernández'),
(5, 5, '5500000000000012', '654', '2028-03-31', 'Luis Eduardo Díaz Silva'),
(6, 6, '340000000000019', '987', '2027-09-30', 'Pedro José García Mendoza'),
(7, 7, '4111111111111137', '147', '2028-06-30', 'Laura Victoria Hernández Rojas'),
(8, 8, '5500000000000020', '258', '2027-08-31', 'Diego Alejandro Torres Castillo'),
(9, 9, '340000000000028', '369', '2028-05-31', 'Carmen Alicia Flores Pineda'),
(10, 10, '4111111111111145', '741', '2027-07-31', 'José Gregorio Romero Vargas');

INSERT INTO TARJETA_DEBITO (ID_TARJETA_DEBITO, FK_BANCO, NUMERO_TARJETA_DEBITO, CVV_TARJETA_DEBITO, FECHAVENC_TARJETA_DEBITO, TARJETAHABIENTE_DEBITO) VALUES
(1, 1, '4111111111111152', '852', '2027-12-31', 'Rosa María Velásquez Torres'),
(2, 2, '5500000000000038', '963', '2027-11-30', 'Fernando Antonio Delgado Ruiz'),
(3, 3, '340000000000037', '159', '2028-01-31', 'Camila Estefanía Morales Pineda'),
(4, 4, '4111111111111160', '357', '2027-10-31', 'Sebastián Andrés León Castillo'),
(5, 5, '5500000000000046', '486', '2028-03-31', 'Valentina Isabel Ortega Silva'),
(6, 6, '340000000000046', '729', '2027-09-30', 'Mateo Alejandro Vargas Mendoza'),
(7, 7, '4111111111111178', '951', '2028-06-30', 'Luciana Fernanda Herrera Rojas'),
(8, 8, '5500000000000053', '753', '2027-08-31', 'Emiliano José Guerrero Bravo'),
(9, 9, '340000000000055', '624', '2028-05-31', 'Mariana Victoria Soto Quintero'),
(10, 10, '4111111111111186', '318', '2027-07-31', 'Santiago Nicolás Fuentes Lara');


INSERT INTO HISTORICO_FASE_PRODUCCION (ID_HISTORICO_FASE_PRODUCCION, FK_ESTATUS_FP, FK_FASE_PRODUCCION, FECHAHORA_INICIO_FASEP, FECHAHORA_FINAL_FASEP) VALUES
(1, 2, 1, '2026-06-01 08:00:00', '2026-06-01 16:00:00'),
(2, 5, 1, '2026-06-01 16:00:00', NULL),
(3, 2, 2, '2026-06-02 08:00:00', '2026-06-02 14:00:00'),
(4, 3, 2, '2026-06-02 14:00:00', NULL),
(5, 2, 3, '2026-06-03 06:00:00', '2026-06-03 14:00:00'),
(6, 4, 3, '2026-06-03 14:00:00', NULL),
(7, 2, 4, '2026-06-04 08:00:00', '2026-06-04 16:00:00'),
(8, 5, 4, '2026-06-04 16:00:00', NULL),
(9, 2, 5, '2026-06-05 08:00:00', '2026-06-05 12:00:00'),
(10, 6, 5, '2026-06-05 12:00:00', NULL);


INSERT INTO PRIVILEGIO (ID_PRIVILEGIO, DESCRIPCION_PRIVILEGIO, TIPO_PRIVILEGIO) VALUES
(1, 'Insert en BANCO', 'Insert'),
(2, 'Update en BANCO', 'Update'),
(3, 'Delete en BANCO', 'Delete'),
(4, 'Select en BANCO', 'Select'),
(5, 'Insert en BENEFICIO', 'Insert'),
(6, 'Update en BENEFICIO', 'Update'),
(7, 'Delete en BENEFICIO', 'Delete'),
(8, 'Select en BENEFICIO', 'Select'),
(9, 'Insert en CARACTERISTICA', 'Insert'),
(10, 'Update en CARACTERISTICA', 'Update'),
(11, 'Delete en CARACTERISTICA', 'Delete'),
(12, 'Select en CARACTERISTICA', 'Select'),
(13, 'Insert en CATEGORIA', 'Insert'),
(14, 'Update en CATEGORIA', 'Update'),
(15, 'Delete en CATEGORIA', 'Delete'),
(16, 'Select en CATEGORIA', 'Select'),
(17, 'Insert en CLASIFICACION', 'Insert'),
(18, 'Update en CLASIFICACION', 'Update'),
(19, 'Delete en CLASIFICACION', 'Delete'),
(20, 'Select en CLASIFICACION', 'Select'),
(21, 'Insert en COLECCION', 'Insert'),
(22, 'Update en COLECCION', 'Update'),
(23, 'Delete en COLECCION', 'Delete'),
(24, 'Select en COLECCION', 'Select'),
(25, 'Insert en COLOR', 'Insert'),
(26, 'Update en COLOR', 'Update'),
(27, 'Delete en COLOR', 'Delete'),
(28, 'Select en COLOR', 'Select'),
(29, 'Insert en COURIER', 'Insert'),
(30, 'Update en COURIER', 'Update'),
(31, 'Delete en COURIER', 'Delete'),
(32, 'Select en COURIER', 'Select'),
(33, 'Insert en DEPARTAMENTO', 'Insert'),
(34, 'Update en DEPARTAMENTO', 'Update'),
(35, 'Delete en DEPARTAMENTO', 'Delete'),
(36, 'Select en DEPARTAMENTO', 'Select'),
(37, 'Insert en DESCUENTO', 'Insert'),
(38, 'Update en DESCUENTO', 'Update'),
(39, 'Delete en DESCUENTO', 'Delete'),
(40, 'Select en DESCUENTO', 'Select'),
(41, 'Insert en DISTRIBUCION_PAGO_B2B', 'Insert'),
(42, 'Update en DISTRIBUCION_PAGO_B2B', 'Update'),
(43, 'Delete en DISTRIBUCION_PAGO_B2B', 'Delete'),
(44, 'Select en DISTRIBUCION_PAGO_B2B', 'Select'),
(45, 'Insert en ERA', 'Insert'),
(46, 'Update en ERA', 'Update'),
(47, 'Delete en ERA', 'Delete'),
(48, 'Select en ERA', 'Select'),
(49, 'Insert en ESTATUS_BACKORDER', 'Insert'),
(50, 'Update en ESTATUS_BACKORDER', 'Update'),
(51, 'Delete en ESTATUS_BACKORDER', 'Delete'),
(52, 'Select en ESTATUS_BACKORDER', 'Select'),
(53, 'Insert en ESTATUS_FASE_PRODUCCION', 'Insert'),
(54, 'Update en ESTATUS_FASE_PRODUCCION', 'Update'),
(55, 'Delete en ESTATUS_FASE_PRODUCCION', 'Delete'),
(56, 'Select en ESTATUS_FASE_PRODUCCION', 'Select'),
(57, 'Insert en ESTATUS_GANADOR', 'Insert'),
(58, 'Update en ESTATUS_GANADOR', 'Update'),
(59, 'Delete en ESTATUS_GANADOR', 'Delete'),
(60, 'Select en ESTATUS_GANADOR', 'Select'),
(61, 'Insert en ESTATUS_INVENTARIO', 'Insert'),
(62, 'Update en ESTATUS_INVENTARIO', 'Update'),
(63, 'Delete en ESTATUS_INVENTARIO', 'Delete'),
(64, 'Select en ESTATUS_INVENTARIO', 'Select'),
(65, 'Insert en ESTATUS_MEMBRESIA', 'Insert'),
(66, 'Update en ESTATUS_MEMBRESIA', 'Update'),
(67, 'Delete en ESTATUS_MEMBRESIA', 'Delete'),
(68, 'Select en ESTATUS_MEMBRESIA', 'Select'),
(69, 'Insert en ESTATUS_ORDEN_B2B', 'Insert'),
(70, 'Update en ESTATUS_ORDEN_B2B', 'Update'),
(71, 'Delete en ESTATUS_ORDEN_B2B', 'Delete'),
(72, 'Select en ESTATUS_ORDEN_B2B', 'Select'),
(73, 'Insert en ESTATUS_ORDEN_COMPRA_B2C', 'Insert'),
(74, 'Update en ESTATUS_ORDEN_COMPRA_B2C', 'Update'),
(75, 'Delete en ESTATUS_ORDEN_COMPRA_B2C', 'Delete'),
(76, 'Select en ESTATUS_ORDEN_COMPRA_B2C', 'Select'),
(77, 'Insert en ESTATUS_PAGO_MEMBRESIA', 'Insert'),
(78, 'Update en ESTATUS_PAGO_MEMBRESIA', 'Update'),
(79, 'Delete en ESTATUS_PAGO_MEMBRESIA', 'Delete'),
(80, 'Select en ESTATUS_PAGO_MEMBRESIA', 'Select'),
(81, 'Insert en ESTATUS_PRECIO', 'Insert'),
(82, 'Update en ESTATUS_PRECIO', 'Update'),
(83, 'Delete en ESTATUS_PRECIO', 'Delete'),
(84, 'Select en ESTATUS_PRECIO', 'Select'),
(85, 'Insert en ESTATUS_PUJA', 'Insert'),
(86, 'Update en ESTATUS_PUJA', 'Update'),
(87, 'Delete en ESTATUS_PUJA', 'Delete'),
(88, 'Select en ESTATUS_PUJA', 'Select'),
(89, 'Insert en ESTATUS_SUBASTA', 'Insert'),
(90, 'Update en ESTATUS_SUBASTA', 'Update'),
(91, 'Delete en ESTATUS_SUBASTA', 'Delete'),
(92, 'Select en ESTATUS_SUBASTA', 'Select'),
(93, 'Insert en FASE', 'Insert'),
(94, 'Update en FASE', 'Update'),
(95, 'Delete en FASE', 'Delete'),
(96, 'Select en FASE', 'Select'),
(97, 'Insert en HISTORICO_MEMBRESIA', 'Insert'),
(98, 'Update en HISTORICO_MEMBRESIA', 'Update'),
(99, 'Delete en HISTORICO_MEMBRESIA', 'Delete'),
(100, 'Select en HISTORICO_MEMBRESIA', 'Select'),
(101, 'Insert en HORARIO', 'Insert'),
(102, 'Update en HORARIO', 'Update'),
(103, 'Delete en HORARIO', 'Delete'),
(104, 'Select en HORARIO', 'Select'),
(105, 'Insert en INVENTARIO_PRODUCTO', 'Insert'),
(106, 'Update en INVENTARIO_PRODUCTO', 'Update'),
(107, 'Delete en INVENTARIO_PRODUCTO', 'Delete'),
(108, 'Select en INVENTARIO_PRODUCTO', 'Select'),
(109, 'Insert en LUGAR', 'Insert'),
(110, 'Update en LUGAR', 'Update'),
(111, 'Delete en LUGAR', 'Delete'),
(112, 'Select en LUGAR', 'Select'),
(113, 'Insert en MATERIAPRIMA', 'Insert'),
(114, 'Update en MATERIAPRIMA', 'Update'),
(115, 'Delete en MATERIAPRIMA', 'Delete'),
(116, 'Select en MATERIAPRIMA', 'Select'),
(117, 'Insert en MEMBRESIA', 'Insert'),
(118, 'Update en MEMBRESIA', 'Update'),
(119, 'Delete en MEMBRESIA', 'Delete'),
(120, 'Select en MEMBRESIA', 'Select'),
(121, 'Insert en MOLDE', 'Insert'),
(122, 'Update en MOLDE', 'Update'),
(123, 'Delete en MOLDE', 'Delete'),
(124, 'Select en MOLDE', 'Select'),
(125, 'Insert en MONEDA', 'Insert'),
(126, 'Update en MONEDA', 'Update'),
(127, 'Delete en MONEDA', 'Delete'),
(128, 'Select en MONEDA', 'Select'),
(129, 'Insert en PENALIZACION', 'Insert'),
(130, 'Update en PENALIZACION', 'Update'),
(131, 'Delete en PENALIZACION', 'Delete'),
(132, 'Select en PENALIZACION', 'Select'),
(133, 'Insert en PIEZA', 'Insert'),
(134, 'Update en PIEZA', 'Update'),
(135, 'Delete en PIEZA', 'Delete'),
(136, 'Select en PIEZA', 'Select'),
(137, 'Insert en PRIVILEGIO', 'Insert'),
(138, 'Update en PRIVILEGIO', 'Update'),
(139, 'Delete en PRIVILEGIO', 'Delete'),
(140, 'Select en PRIVILEGIO', 'Select'),
(141, 'Insert en PROFESION', 'Insert'),
(142, 'Update en PROFESION', 'Update'),
(143, 'Delete en PROFESION', 'Delete'),
(144, 'Select en PROFESION', 'Select'),
(145, 'Insert en PRUEBA', 'Insert'),
(146, 'Update en PRUEBA', 'Update'),
(147, 'Delete en PRUEBA', 'Delete'),
(148, 'Select en PRUEBA', 'Select'),
(149, 'Insert en ROL', 'Insert'),
(150, 'Update en ROL', 'Update'),
(151, 'Delete en ROL', 'Delete'),
(152, 'Select en ROL', 'Select'),
(153, 'Insert en SET_REGALO', 'Insert'),
(154, 'Update en SET_REGALO', 'Update'),
(155, 'Delete en SET_REGALO', 'Delete'),
(156, 'Select en SET_REGALO', 'Select'),
(157, 'Insert en TABULADOR_SALARIAL', 'Insert'),
(158, 'Update en TABULADOR_SALARIAL', 'Update'),
(159, 'Delete en TABULADOR_SALARIAL', 'Delete'),
(160, 'Select en TABULADOR_SALARIAL', 'Select'),
(161, 'Insert en TIPO_CRIPTOMONEDA', 'Insert'),
(162, 'Update en TIPO_CRIPTOMONEDA', 'Update'),
(163, 'Delete en TIPO_CRIPTOMONEDA', 'Delete'),
(164, 'Select en TIPO_CRIPTOMONEDA', 'Select'),
(165, 'Insert en TIPO_CUERPO', 'Insert'),
(166, 'Update en TIPO_CUERPO', 'Update'),
(167, 'Delete en TIPO_CUERPO', 'Delete'),
(168, 'Select en TIPO_CUERPO', 'Select'),
(169, 'Insert en TIPO_TRANSPORTE', 'Insert'),
(170, 'Update en TIPO_TRANSPORTE', 'Update'),
(171, 'Delete en TIPO_TRANSPORTE', 'Delete'),
(172, 'Select en TIPO_TRANSPORTE', 'Select'),
(173, 'Insert en CHEQUE', 'Insert'),
(174, 'Update en CHEQUE', 'Update'),
(175, 'Delete en CHEQUE', 'Delete'),
(176, 'Select en CHEQUE', 'Select'),
(177, 'Insert en TARJETA_CREDITO', 'Insert'),
(178, 'Update en TARJETA_CREDITO', 'Update'),
(179, 'Delete en TARJETA_CREDITO', 'Delete'),
(180, 'Select en TARJETA_CREDITO', 'Select'),
(181, 'Insert en TARJETA_DEBITO', 'Insert'),
(182, 'Update en TARJETA_DEBITO', 'Update'),
(183, 'Delete en TARJETA_DEBITO', 'Delete'),
(184, 'Select en TARJETA_DEBITO', 'Select'),
(185, 'Insert en TRANSFERENCIA_BANCARIA', 'Insert'),
(186, 'Update en TRANSFERENCIA_BANCARIA', 'Update'),
(187, 'Delete en TRANSFERENCIA_BANCARIA', 'Delete'),
(188, 'Select en TRANSFERENCIA_BANCARIA', 'Select'),
(189, 'Insert en CATEGORIA_CATEGORIA', 'Insert'),
(190, 'Update en CATEGORIA_CATEGORIA', 'Update'),
(191, 'Delete en CATEGORIA_CATEGORIA', 'Delete'),
(192, 'Select en CATEGORIA_CATEGORIA', 'Select'),
(193, 'Insert en BASE_DISENO', 'Insert'),
(194, 'Update en BASE_DISENO', 'Update'),
(195, 'Delete en BASE_DISENO', 'Delete'),
(196, 'Select en BASE_DISENO', 'Select'),
(197, 'Insert en CLIENTE_B2C', 'Insert'),
(198, 'Update en CLIENTE_B2C', 'Update'),
(199, 'Delete en CLIENTE_B2C', 'Delete'),
(200, 'Select en CLIENTE_B2C', 'Select'),
(201, 'Insert en EMPLEADO', 'Insert'),
(202, 'Update en EMPLEADO', 'Update'),
(203, 'Delete en EMPLEADO', 'Delete'),
(204, 'Select en EMPLEADO', 'Select'),
(205, 'Insert en PERSONA_JURIDICA', 'Insert'),
(206, 'Update en PERSONA_JURIDICA', 'Update'),
(207, 'Delete en PERSONA_JURIDICA', 'Delete'),
(208, 'Select en PERSONA_JURIDICA', 'Select'),
(209, 'Insert en SEDE', 'Insert'),
(210, 'Update en SEDE', 'Update'),
(211, 'Delete en SEDE', 'Delete'),
(212, 'Select en SEDE', 'Select'),
(213, 'Insert en TASA_CAMBIO', 'Insert'),
(214, 'Update en TASA_CAMBIO', 'Update'),
(215, 'Delete en TASA_CAMBIO', 'Delete'),
(216, 'Select en TASA_CAMBIO', 'Select'),
(217, 'Insert en ROL_PRIVILEGIO', 'Insert'),
(218, 'Update en ROL_PRIVILEGIO', 'Update'),
(219, 'Delete en ROL_PRIVILEGIO', 'Delete'),
(220, 'Select en ROL_PRIVILEGIO', 'Select'),
(221, 'Insert en CARGO', 'Insert'),
(222, 'Update en CARGO', 'Update'),
(223, 'Delete en CARGO', 'Delete'),
(224, 'Select en CARGO', 'Select'),
(225, 'Insert en CRIPTOMONEDA', 'Insert'),
(226, 'Update en CRIPTOMONEDA', 'Update'),
(227, 'Delete en CRIPTOMONEDA', 'Delete'),
(228, 'Select en CRIPTOMONEDA', 'Select'),
(229, 'Insert en TRANSPORTE', 'Insert'),
(230, 'Update en TRANSPORTE', 'Update'),
(231, 'Delete en TRANSPORTE', 'Delete'),
(232, 'Select en TRANSPORTE', 'Select'),
(233, 'Insert en PAGO_B2B', 'Insert'),
(234, 'Update en PAGO_B2B', 'Update'),
(235, 'Delete en PAGO_B2B', 'Delete'),
(236, 'Select en PAGO_B2B', 'Select'),
(237, 'Insert en BASEDISENO_PRUEBA', 'Insert'),
(238, 'Update en BASEDISENO_PRUEBA', 'Update'),
(239, 'Delete en BASEDISENO_PRUEBA', 'Delete'),
(240, 'Select en BASEDISENO_PRUEBA', 'Select'),
(241, 'Insert en BASEDISENO_SETREGALO', 'Insert'),
(242, 'Update en BASEDISENO_SETREGALO', 'Update'),
(243, 'Delete en BASEDISENO_SETREGALO', 'Delete'),
(244, 'Select en BASEDISENO_SETREGALO', 'Select'),
(245, 'Insert en BASE_DISENO_CONSTRUCCION', 'Insert'),
(246, 'Update en BASE_DISENO_CONSTRUCCION', 'Update'),
(247, 'Delete en BASE_DISENO_CONSTRUCCION', 'Delete'),
(248, 'Select en BASE_DISENO_CONSTRUCCION', 'Select'),
(249, 'Insert en CARACTERISTICA_BASEDISENO', 'Insert'),
(250, 'Update en CARACTERISTICA_BASEDISENO', 'Update'),
(251, 'Delete en CARACTERISTICA_BASEDISENO', 'Delete'),
(252, 'Select en CARACTERISTICA_BASEDISENO', 'Select'),
(253, 'Insert en CATEGORIA_BASEDISENO', 'Insert'),
(254, 'Update en CATEGORIA_BASEDISENO', 'Update'),
(255, 'Delete en CATEGORIA_BASEDISENO', 'Delete'),
(256, 'Select en CATEGORIA_BASEDISENO', 'Select'),
(257, 'Insert en CLASIFICACION_BASEDISENO', 'Insert'),
(258, 'Update en CLASIFICACION_BASEDISENO', 'Update'),
(259, 'Delete en CLASIFICACION_BASEDISENO', 'Delete'),
(260, 'Select en CLASIFICACION_BASEDISENO', 'Select'),
(261, 'Insert en PROFESION_BASEDISENO', 'Insert'),
(262, 'Update en PROFESION_BASEDISENO', 'Update'),
(263, 'Delete en PROFESION_BASEDISENO', 'Delete'),
(264, 'Select en PROFESION_BASEDISENO', 'Select'),
(265, 'Insert en MEMBRESIA_CLIENTE_B2C', 'Insert'),
(266, 'Update en MEMBRESIA_CLIENTE_B2C', 'Update'),
(267, 'Delete en MEMBRESIA_CLIENTE_B2C', 'Delete'),
(268, 'Select en MEMBRESIA_CLIENTE_B2C', 'Select'),
(269, 'Insert en CONTRATO_PERSONAL', 'Insert'),
(270, 'Update en CONTRATO_PERSONAL', 'Update'),
(271, 'Delete en CONTRATO_PERSONAL', 'Delete'),
(272, 'Select en CONTRATO_PERSONAL', 'Select'),
(273, 'Insert en CORREO', 'Insert'),
(274, 'Update en CORREO', 'Update'),
(275, 'Delete en CORREO', 'Delete'),
(276, 'Select en CORREO', 'Select'),
(277, 'Insert en LINEA_CREDITO', 'Insert'),
(278, 'Update en LINEA_CREDITO', 'Update'),
(279, 'Delete en LINEA_CREDITO', 'Delete'),
(280, 'Select en LINEA_CREDITO', 'Select'),
(281, 'Insert en TELEFONO', 'Insert'),
(282, 'Update en TELEFONO', 'Update'),
(283, 'Delete en TELEFONO', 'Delete'),
(284, 'Select en TELEFONO', 'Select'),
(285, 'Insert en USUARIO', 'Insert'),
(286, 'Update en USUARIO', 'Update'),
(287, 'Delete en USUARIO', 'Delete'),
(288, 'Select en USUARIO', 'Select'),
(289, 'Insert en INVENTARIO_MATERIAPRIMA', 'Insert'),
(290, 'Update en INVENTARIO_MATERIAPRIMA', 'Update'),
(291, 'Delete en INVENTARIO_MATERIAPRIMA', 'Delete'),
(292, 'Select en INVENTARIO_MATERIAPRIMA', 'Select'),
(293, 'Insert en FASE_DISENO', 'Insert'),
(294, 'Update en FASE_DISENO', 'Update'),
(295, 'Delete en FASE_DISENO', 'Delete'),
(296, 'Select en FASE_DISENO', 'Select'),
(297, 'Insert en MANIFIESTO_CARGO', 'Insert'),
(298, 'Update en MANIFIESTO_CARGO', 'Update'),
(299, 'Delete en MANIFIESTO_CARGO', 'Delete'),
(300, 'Select en MANIFIESTO_CARGO', 'Select'),
(301, 'Insert en ASISTENCIA', 'Insert'),
(302, 'Update en ASISTENCIA', 'Update'),
(303, 'Delete en ASISTENCIA', 'Delete'),
(304, 'Select en ASISTENCIA', 'Select'),
(305, 'Insert en CONTRATO_BENEFICIO', 'Insert'),
(306, 'Update en CONTRATO_BENEFICIO', 'Update'),
(307, 'Delete en CONTRATO_BENEFICIO', 'Delete'),
(308, 'Select en CONTRATO_BENEFICIO', 'Select'),
(309, 'Insert en CONTRATO_CARGO', 'Insert'),
(310, 'Update en CONTRATO_CARGO', 'Update'),
(311, 'Delete en CONTRATO_CARGO', 'Delete'),
(312, 'Select en CONTRATO_CARGO', 'Select'),
(313, 'Insert en CONTRATO_HORARIO', 'Insert'),
(314, 'Update en CONTRATO_HORARIO', 'Update'),
(315, 'Delete en CONTRATO_HORARIO', 'Delete'),
(316, 'Select en CONTRATO_HORARIO', 'Select'),
(317, 'Insert en PAYPAL', 'Insert'),
(318, 'Update en PAYPAL', 'Update'),
(319, 'Delete en PAYPAL', 'Delete'),
(320, 'Select en PAYPAL', 'Select'),
(321, 'Insert en USUARIO_METODO_PAGO', 'Insert'),
(322, 'Update en USUARIO_METODO_PAGO', 'Update'),
(323, 'Delete en USUARIO_METODO_PAGO', 'Delete'),
(324, 'Select en USUARIO_METODO_PAGO', 'Select'),
(325, 'Insert en FASE_PRODUCCION', 'Insert'),
(326, 'Update en FASE_PRODUCCION', 'Update'),
(327, 'Delete en FASE_PRODUCCION', 'Delete'),
(328, 'Select en FASE_PRODUCCION', 'Select'),
(329, 'Insert en META_MENSUAL', 'Insert'),
(330, 'Update en META_MENSUAL', 'Update'),
(331, 'Delete en META_MENSUAL', 'Delete'),
(332, 'Select en META_MENSUAL', 'Select'),
(333, 'Insert en ORDEN_COMPRA_B2B', 'Insert'),
(334, 'Update en ORDEN_COMPRA_B2B', 'Update'),
(335, 'Delete en ORDEN_COMPRA_B2B', 'Delete'),
(336, 'Select en ORDEN_COMPRA_B2B', 'Select'),
(337, 'Insert en ORDEN_COMPRA_B2C', 'Insert'),
(338, 'Update en ORDEN_COMPRA_B2C', 'Update'),
(339, 'Delete en ORDEN_COMPRA_B2C', 'Delete'),
(340, 'Select en ORDEN_COMPRA_B2C', 'Select'),
(341, 'Insert en PAGO_MEMBRESIA', 'Insert'),
(342, 'Update en PAGO_MEMBRESIA', 'Update'),
(343, 'Delete en PAGO_MEMBRESIA', 'Delete'),
(344, 'Select en PAGO_MEMBRESIA', 'Select'),
(345, 'Insert en PAGO_SUBASTA', 'Insert'),
(346, 'Update en PAGO_SUBASTA', 'Update'),
(347, 'Delete en PAGO_SUBASTA', 'Delete'),
(348, 'Select en PAGO_SUBASTA', 'Select'),
(349, 'Insert en HISTORICO_FASE_PRODUCCION', 'Insert'),
(350, 'Update en HISTORICO_FASE_PRODUCCION', 'Update'),
(351, 'Delete en HISTORICO_FASE_PRODUCCION', 'Delete'),
(352, 'Select en HISTORICO_FASE_PRODUCCION', 'Select'),
(353, 'Insert en PRODUCTO', 'Insert'),
(354, 'Update en PRODUCTO', 'Update'),
(355, 'Delete en PRODUCTO', 'Delete'),
(356, 'Select en PRODUCTO', 'Select'),
(357, 'Insert en DESCUENTO_ORDEN_B2B', 'Insert'),
(358, 'Update en DESCUENTO_ORDEN_B2B', 'Update'),
(359, 'Delete en DESCUENTO_ORDEN_B2B', 'Delete'),
(360, 'Select en DESCUENTO_ORDEN_B2B', 'Select'),
(361, 'Insert en DETALLE_MANIFIESTO_CARGO', 'Insert'),
(362, 'Update en DETALLE_MANIFIESTO_CARGO', 'Update'),
(363, 'Delete en DETALLE_MANIFIESTO_CARGO', 'Delete'),
(364, 'Select en DETALLE_MANIFIESTO_CARGO', 'Select'),
(365, 'Insert en HISTORICO_ORDEN_COMPRA_B2B', 'Insert'),
(366, 'Update en HISTORICO_ORDEN_COMPRA_B2B', 'Update'),
(367, 'Delete en HISTORICO_ORDEN_COMPRA_B2B', 'Delete'),
(368, 'Select en HISTORICO_ORDEN_COMPRA_B2B', 'Select'),
(369, 'Insert en DESCUENTO_ORDEN_B2C', 'Insert'),
(370, 'Update en DESCUENTO_ORDEN_B2C', 'Update'),
(371, 'Delete en DESCUENTO_ORDEN_B2C', 'Delete'),
(372, 'Select en DESCUENTO_ORDEN_B2C', 'Select'),
(373, 'Insert en ENVIO_B2C', 'Insert'),
(374, 'Update en ENVIO_B2C', 'Update'),
(375, 'Delete en ENVIO_B2C', 'Delete'),
(376, 'Select en ENVIO_B2C', 'Select'),
(377, 'Insert en HISTORICO_ORDEN_COMPRA_B2C', 'Insert'),
(378, 'Update en HISTORICO_ORDEN_COMPRA_B2C', 'Update'),
(379, 'Delete en HISTORICO_ORDEN_COMPRA_B2C', 'Delete'),
(380, 'Select en HISTORICO_ORDEN_COMPRA_B2C', 'Select'),
(381, 'Insert en PAGO_B2C', 'Insert'),
(382, 'Update en PAGO_B2C', 'Update'),
(383, 'Delete en PAGO_B2C', 'Delete'),
(384, 'Select en PAGO_B2C', 'Select'),
(385, 'Insert en DETALLE_ORDEN_B2B', 'Insert'),
(386, 'Update en DETALLE_ORDEN_B2B', 'Update'),
(387, 'Delete en DETALLE_ORDEN_B2B', 'Delete'),
(388, 'Select en DETALLE_ORDEN_B2B', 'Select'),
(389, 'Insert en DETALLE_ORDEN_B2C', 'Insert'),
(390, 'Update en DETALLE_ORDEN_B2C', 'Update'),
(391, 'Delete en DETALLE_ORDEN_B2C', 'Delete'),
(392, 'Select en DETALLE_ORDEN_B2C', 'Select'),
(393, 'Insert en HISTORICO_INV_PRODUCTO', 'Insert'),
(394, 'Update en HISTORICO_INV_PRODUCTO', 'Update'),
(395, 'Delete en HISTORICO_INV_PRODUCTO', 'Delete'),
(396, 'Select en HISTORICO_INV_PRODUCTO', 'Select'),
(397, 'Insert en HISTORICO_PRECIO', 'Insert'),
(398, 'Update en HISTORICO_PRECIO', 'Update'),
(399, 'Delete en HISTORICO_PRECIO', 'Delete'),
(400, 'Select en HISTORICO_PRECIO', 'Select'),
(401, 'Insert en SUBASTA', 'Insert'),
(402, 'Update en SUBASTA', 'Update'),
(403, 'Delete en SUBASTA', 'Delete'),
(404, 'Select en SUBASTA', 'Select'),
(405, 'Insert en BACKORDER', 'Insert'),
(406, 'Update en BACKORDER', 'Update'),
(407, 'Delete en BACKORDER', 'Delete'),
(408, 'Select en BACKORDER', 'Select'),
(409, 'Insert en HISTORICO_SUBASTA', 'Insert'),
(410, 'Update en HISTORICO_SUBASTA', 'Update'),
(411, 'Delete en HISTORICO_SUBASTA', 'Delete'),
(412, 'Select en HISTORICO_SUBASTA', 'Select'),
(413, 'Insert en PUJA', 'Insert'),
(414, 'Update en PUJA', 'Update'),
(415, 'Delete en PUJA', 'Delete'),
(416, 'Select en PUJA', 'Select'),
(417, 'Insert en HISTORICO_BACKORDER', 'Insert'),
(418, 'Update en HISTORICO_BACKORDER', 'Update'),
(419, 'Delete en HISTORICO_BACKORDER', 'Delete'),
(420, 'Select en HISTORICO_BACKORDER', 'Select'),
(421, 'Insert en GANADOR', 'Insert'),
(422, 'Update en GANADOR', 'Update'),
(423, 'Delete en GANADOR', 'Delete'),
(424, 'Select en GANADOR', 'Select'),
(425, 'Insert en HISTORICO_EST_PUJA', 'Insert'),
(426, 'Update en HISTORICO_EST_PUJA', 'Update'),
(427, 'Delete en HISTORICO_EST_PUJA', 'Delete'),
(428, 'Select en HISTORICO_EST_PUJA', 'Select'),
(429, 'Insert en HISTORICO_EST_GANADOR', 'Insert'),
(430, 'Update en HISTORICO_EST_GANADOR', 'Update'),
(431, 'Delete en HISTORICO_EST_GANADOR', 'Delete'),
(432, 'Select en HISTORICO_EST_GANADOR', 'Select'),
(433, 'Privilegios','Vista'),
(434,'Reportes','Vista'),
(435,'Diseño','Vista'),
(436,'Usuarios','Vista');

INSERT INTO ROL_PRIVILEGIO (ID_ROL_PRIVILEGIO, FK_PRIVILEGIO, FK_ROL) VALUES
(1, 9, 1),
(2, 2, 2),
(3, 10, 3),
(4, 3, 4),
(5, 2, 5),
(6, 1, 6),
(7, 2, 7),
(8, 6, 8),
(9, 1, 9),
(10, 7, 10);

-- Cruza los pagos recibidos con las órdenes de compra correspondientes.
INSERT INTO DISTRIBUCION_PAGO_B2B (ID_DISTRIBUCION_PAGO_B2B, FK_PAGO_B2B, FK_ORDEN_COMPRA_B2B, MONTO_APLICADO) VALUES 
    (1, 1, 1, 1500.00),
    (2, 2, 2, 2450.50),
    (3, 3, 3, 890.00),
    (4, 4, 4, 3200.00),
    (5, 5, 5, 4150.75),
    (6, 6, 6, 1200.00),
    (7, 7, 7, 650.25),
    (8, 8, 8, 5000.00),
    (9, 9, 9, 1750.00),
    (10, 10, 10, 2990.99);

