--TABLA LUGAR

-- Estados de Venezuela
INSERT INTO Lugar (
	nombre_lugar, tipo_lugar, lug_id_lugar)
	VALUES
	('Amazonas', 'estado', null),
	('Anzoátegui', 'estado', null),
	('Apure', 'estado', null),
	('Aragua', 'estado', null),
	('Barinas', 'estado', null),
	('Bolívar', 'estado', null),
	('Carabobo', 'estado', null),
	('Cojedes', 'estado', null),
	('Delta Amacuro', 'estado', null),
        ('Distrito Capital', 'estado', null),
	('Falcón', 'estado', null),
	('Guárico', 'estado', null),
	('Lara', 'estado', null),
        ('La Guaira', 'estado', null),
	('Mérida', 'estado', null),
	('Miranda', 'estado', null),
	('Monagas', 'estado', null),
	('Nueva Esparta', 'estado', null),
	('Portuguesa', 'estado', null),
	('Sucre', 'estado', null),
	('Táchira', 'estado', null),
	('Trujillo', 'estado', null),
	('Yaracuy', 'estado', null),
	('Zulia', 'estado', null);

--Municipios del Estado Amazonas
INSERT INTO Lugar (
	nombre_lugar, tipo_lugar, lug_id_lugar)
	VALUES
	('Alto Orinoco', 'municipio', 1), 
	('Atabapo', 'municipio', 1),
	('Atures', 'municipio', 1),
	('Autana', 'municipio', 1),
	('Manapiare', 'municipio', 1),
	('Maroa', 'municipio', 1),
	('Río Negro', 'municipio', 1);

-- Municipios del Estado Anzoátegui
INSERT INTO Lugar (
	nombre_lugar, tipo_lugar, lug_id_lugar)
	VALUES
	('Anaco', 'municipio', 2),
	('Aragua', 'municipio', 2),
	('Bolívar', 'municipio', 2),
	('Bruzual', 'municipio', 2), 
	('Cajigal', 'municipio', 2),
	('Carvajal', 'municipio', 2),
	('Freites', 'municipio', 2),
	('Guanipa', 'municipio', 2),
	('Guanta', 'municipio', 2),
	('Independencia', 'municipio', 2),
	('Libertad', 'municipio', 2),
	('Sir Arthur McGregor', 'municipio', 2),
	('Miranda', 'municipio', 2),
	('Monagas', 'municipio', 2),
	('Peñalver', 'municipio', 2),
	('Píritu', 'municipio', 2),
	('San Juan de Capistrano', 'municipio', 2),
	('Santa Ana', 'municipio', 2),
	('Simón Rodríguez', 'municipio', 2),
	('Sotillo', 'municipio', 2),
	('Turístico Diego Bautista Urbaneja', 'municipio', 2);

-- Municipios del Estado Apure
INSERT INTO Lugar (
	nombre_lugar, tipo_lugar, lug_id_lugar)
	VALUES
	('Achaguas', 'municipio', 3),
	('Biruaca', 'municipio', 3),
	('Pedro Camejo', 'municipio', 3),
	('Muñoz', 'municipio', 3),
	('Páez', 'municipio', 3),
	('Rómulo Gallegos', 'municipio', 3),
	('San Fernando', 'municipio', 3);

-- Municipios del Estado Aragua
INSERT INTO Lugar (
    nombre_lugar, tipo_lugar, lug_id_lugar)
    VALUES
    ('Alcántara', 'municipio', 4),
    ('Bolívar', 'municipio', 4),
    ('Camatagua', 'municipio', 4),
    ('Maracay', 'municipio', 4),
    ('Iragorry', 'municipio', 4),
    ('Lamas', 'municipio', 4),
    ('Libertador', 'municipio', 4),
    ('Mariño', 'municipio', 4),
    ('Michelena', 'municipio', 4),
    ('Ocumare de la Costa de Oro', 'municipio', 4),
    ('Revenga', 'municipio', 4),
    ('Ribas', 'municipio', 4),  
    ('San Casimiro', 'municipio', 4),
    ('San Sebastián', 'municipio', 4),
    ('Sucre', 'municipio', 4),
    ('Tovar', 'municipio', 4),
    ('Urdaneta', 'municipio', 4),
    ('Zamora', 'municipio', 4);

-- Municipios del Estado Barinas
INSERT INTO Lugar (
    nombre_lugar, tipo_lugar, lug_id_lugar)
    VALUES
    ('Alberto Arvelo Torrealba', 'municipio', 5),
    ('Andrés Eloy Blanco', 'municipio', 5),
    ('Antonio José de Sucre', 'municipio', 5),
    ('Arismendi', 'municipio', 5),
    ('Barinas', 'municipio', 5),
    ('Bolívar', 'municipio', 5),
    ('Cruz Paredes', 'municipio', 5),
    ('Ezequiel Zamora', 'municipio', 5),
    ('Obispos', 'municipio', 5),
    ('Pedraza', 'municipio', 5),
    ('Rojas', 'municipio', 5),
    ('Sosa', 'municipio', 5);

-- Municipios del Estado Bolívar
INSERT INTO Lugar (
    nombre_lugar, tipo_lugar, lug_id_lugar)
    VALUES
    ('Angostura', 'municipio', 6),
    ('Angostura del Orinoco', 'municipio', 6),
    ('Caroní', 'municipio', 6),
    ('Cedeño', 'municipio', 6),
    ('Chien', 'municipio', 6),
    ('El Callao', 'municipio', 6),
    ('Gran Sabana', 'municipio', 6),
    ('Piar', 'municipio', 6),
    ('Roscio', 'municipio', 6),
    ('Sifontes', 'municipio', 6),
    ('Sucre', 'municipio', 6);

-- Municipios del Estado Carabobo
INSERT INTO Lugar  (
    nombre_lugar, tipo_lugar, lug_id_lugar)
    VALUES
    ('Bejuma', 'municipio', 7),
    ('Carlos Arvelo', 'municipio', 7),
    ('Diego Ibarra', 'municipio', 7),
    ('Guacara', 'municipio', 7),
    ('Juan José Mora', 'municipio', 7),
    ('Libertador', 'municipio', 7),
    ('Los Guayos', 'municipio', 7),
    ('Miranda', 'municipio', 7),
    ('Montalbán', 'municipio', 7),
    ('Naguanagua', 'municipio', 7),
    ('Puerto Cabello', 'municipio', 7),
    ('San Diego', 'municipio', 7),
    ('San Joaquín', 'municipio', 7),
    ('Valencia', 'municipio', 7);

-- Municipios del Estado Cojedes
INSERT INTO Lugar (
    nombre_lugar, tipo_lugar, lug_id_lugar)
    VALUES
    ('Anzoátegui', 'municipio', 8),
    ('San Carlos', 'municipio', 8),
    ('Girardot', 'municipio', 8),
    ('Lima Blanco', 'municipio', 8),
    ('Pao de San Juan Bautista', 'municipio', 8),
    ('Ricaurte', 'municipio', 8),
    ('Rómulo Gallegos', 'municipio', 8),
    ('Tinaco', 'municipio', 8),
    ('Tinaquillo', 'municipio', 8);

-- Municipios del Estado Delta Amacuro
INSERT INTO Lugar (
  nombre_lugar, tipo_lugar, lug_id_lugar)
VALUES
  ('Antonio Díaz', 'municipio', 9),
  ('Casacoima', 'municipio', 9),
  ('Pedernales', 'municipio', 9),
  ('Tucupita', 'municipio', 9);

-- Municipios del Distrito Capital
INSERT INTO Lugar (
  nombre_lugar, tipo_lugar, lug_id_lugar)
VALUES
  ('Caracas', 'municipio', 10);

-- Municipios del Estado Falcón
INSERT INTO Lugar (
  nombre_lugar, tipo_lugar, lug_id_lugar)
VALUES
  ('Acosta', 'municipio', 11),
  ('Bolívar', 'municipio', 11),
  ('Buchivacoa', 'municipio', 11),
  ('Carirubana', 'municipio', 11),
  ('Colina', 'municipio', 11),
  ('Dabajuro', 'municipio', 11),
  ('Democracia', 'municipio', 11),
  ('Falcón', 'municipio', 11),
  ('Federación', 'municipio', 11),
  ('Iturriza', 'municipio', 11),
  ('Jacura', 'municipio', 11),
  ('Los Taques', 'municipio', 11),
  ('Manaure', 'municipio', 11),
  ('Mauroa', 'municipio', 11),
  ('Miranda', 'municipio', 11),
  ('Palmasola', 'municipio', 11),
  ('Petit', 'municipio', 11),
  ('Píritu', 'municipio', 11),
  ('San Francisco', 'municipio', 11),
  ('Sucre', 'municipio', 11),
  ('Silva', 'municipio', 11),
  ('Tocópero', 'municipio', 11),
  ('Unión', 'municipio', 11),
  ('Urumaco', 'municipio', 11),
  ('Zamora', 'municipio', 11);

-- Municipios del Estado Guárico
INSERT INTO Lugar (
  nombre_lugar, tipo_lugar, lug_id_lugar)
VALUES
  ('Camaguán', 'municipio', 12),
  ('Chaguaramas', 'municipio', 12),
  ('El Socorro', 'municipio', 12),
  ('Francisco de Miranda', 'municipio', 12),
  ('José Félix Ribas', 'municipio', 12),
  ('José Tadeo Monagas', 'municipio', 12),
  ('Juan Germán Roscio', 'municipio', 12),
  ('Juan José Rondón', 'municipio', 12),
  ('Julián Mellado', 'municipio', 12),
  ('Leonardo Infante', 'municipio', 12),
  ('Ortiz', 'municipio', 12),
  ('San Gerónimo de Guayabal', 'municipio', 12),
  ('San José de Guaribe', 'municipio', 12),
  ('Santa María de Ipire', 'municipio', 12),
  ('Zaraza', 'municipio', 12);

-- Municipios del Estado Lara
INSERT INTO Lugar (
  nombre_lugar, tipo_lugar, lug_id_lugar)
VALUES
  ('Andrés Eloy Blanco', 'municipio', 13),
  ('Crespo', 'municipio', 13),
  ('Iribarren', 'municipio', 13),
  ('Jiménez', 'municipio', 13),
  ('Morán', 'municipio', 13),
  ('Palavecino', 'municipio', 13),
  ('Simón Planas', 'municipio', 13),
  ('Torres', 'municipio', 13),
  ('Urdaneta', 'municipio', 13);

-- Municipios del Estado La Guaira
INSERT INTO Lugar (
  nombre_lugar, tipo_lugar, lug_id_lugar)
VALUES
  ('Vargas', 'municipio', 14);

-- Municipios del Estado Mérida
INSERT INTO Lugar (
  nombre_lugar, tipo_lugar, lug_id_lugar)
VALUES
  ('Alberto Adriani', 'municipio', 15),
  ('Andrés Bello', 'municipio', 15),
  ('Antonio Pinto Salinas', 'municipio', 15),
  ('Aricagua', 'municipio', 15),
  ('Arzobispo Chacón', 'municipio', 15),
  ('Campo Elías', 'municipio', 15),
  ('Caracciolo Parra Olmedo', 'municipio', 15),
  ('Cardenal Quintero', 'municipio', 15),
  ('Guaraque', 'municipio', 15),
  ('Julio César Salas', 'municipio', 15),
  ('Justo Briceño', 'municipio', 15),
  ('Libertador', 'municipio', 15),
  ('Miranda', 'municipio', 15),
  ('Obispo Ramos de Lora', 'municipio', 15),
  ('Padre Noguera', 'municipio', 15),
  ('Pueblo Llano', 'municipio', 15),
  ('Rangel', 'municipio', 15),
  ('Rivas Dávila', 'municipio', 15),
  ('Santos Marquina', 'municipio', 15),
  ('Sucre', 'municipio', 15),
  ('Tovar', 'municipio', 15),
  ('Tulio Febres Cordero', 'municipio', 15),
  ('Zea', 'municipio', 15);

-- Municipios del Estado Miranda
INSERT INTO Lugar (
  nombre_lugar, tipo_lugar, lug_id_lugar)
VALUES
  ('Acevedo', 'municipio', 16),
  ('Andrés Bello', 'municipio', 16),
  ('Baruta', 'municipio', 16),
  ('Bolívar', 'municipio', 16),
  ('Brión', 'municipio', 16),
  ('Buroz', 'municipio', 16),
  ('Carrizal', 'municipio', 16),
  ('Chacao', 'municipio', 16),
  ('Cristóbal Rojas', 'municipio', 16),
  ('El Hatillo', 'municipio', 16),
  ('Guaicaipuro', 'municipio', 16),
  ('Gual', 'municipio', 16),
  ('Independencia', 'municipio', 16),
  ('Lander', 'municipio', 16),
  ('Los Salias', 'municipio', 16),
  ('Páez', 'municipio', 16),
  ('Paz Castillo', 'municipio', 16),
  ('Plaza', 'municipio', 16),
  ('Sucre', 'municipio', 16),
  ('Urdaneta', 'municipio', 16),
  ('Zamora', 'municipio', 16);

-- Municipios del Estado Monagas
INSERT INTO Lugar (
  nombre_lugar, tipo_lugar, lug_id_lugar)
VALUES
  ('Acosta', 'municipio', 17),
  ('Aguasay', 'municipio', 17),
  ('Bolívar', 'municipio', 17),
  ('Caripe', 'municipio', 17),
  ('Cedeño', 'municipio', 17),
  ('Libertador', 'municipio', 17),
  ('Maturín', 'municipio', 17),
  ('Piar', 'municipio', 17),
  ('Punceres', 'municipio', 17),
  ('Santa Bárbara', 'municipio', 17),
  ('Sotillo', 'municipio', 17),
  ('Uracoa', 'municipio', 17),
  ('Zamora', 'municipio', 17);

-- Municipios del Estado Nueva Esparta
INSERT INTO Lugar (
  nombre_lugar, tipo_lugar, lug_id_lugar)
VALUES
  ('Antolín del Campo', 'municipio', 18),
  ('Antonio Díaz', 'municipio', 18),
  ('Arismendi', 'municipio', 18),
  ('García', 'municipio', 18),
  ('Gómez', 'municipio', 18),
  ('Macanao', 'municipio', 18),
  ('Maneiro', 'municipio', 18),
  ('Marcano', 'municipio', 18),
  ('Mariño', 'municipio', 18),
  ('Tubores', 'municipio', 18),
  ('Villalba', 'municipio', 18);

-- Municipios del Estado Portuguesa
INSERT INTO Lugar (
  nombre_lugar, tipo_lugar, lug_id_lugar)
VALUES
  ('Agua Blanca', 'municipio', 19),
  ('Araure', 'municipio', 19),
  ('Esteller', 'municipio', 19),
  ('Guanare', 'municipio', 19),
  ('Guanarito', 'municipio', 19),
  ('José Vicente de Unda', 'municipio', 19),
  ('Ospino', 'municipio', 19),
  ('Páez', 'municipio', 19),
  ('Papelón', 'municipio', 19),
  ('San Genaro de Boconoíto', 'municipio', 19),
  ('San Rafael de Onoto', 'municipio', 19),
  ('Santa Rosalía', 'municipio', 19),
  ('Sucre', 'municipio', 19),
  ('Turén', 'municipio', 19);

-- Municipios del Estado Sucre
INSERT INTO Lugar (
  nombre_lugar, tipo_lugar, lug_id_lugar)
VALUES
  ('Andrés Eloy Blanco', 'municipio', 20),
  ('Andrés Mata', 'municipio', 20),
  ('Arismendi', 'municipio', 20),
  ('Benítez', 'municipio', 20),
  ('Bermúdez', 'municipio', 20),
  ('Bolívar', 'municipio', 20),
  ('Cajigal', 'municipio', 20),
  ('Cruz Salmerón Acosta', 'municipio', 20),
  ('Libertador', 'municipio', 20),
  ('Mariño', 'municipio', 20),
  ('Mejía', 'municipio', 20),
  ('Montes', 'municipio', 20),
  ('Ribero', 'municipio', 20),
  ('Sucre', 'municipio', 20),
  ('Valdez', 'municipio', 20);

-- Municipios del Estado Táchira
INSERT INTO Lugar (
  nombre_lugar, tipo_lugar, lug_id_lugar) 
VALUES
  ('Andrés Bello', 'municipio', 21),
  ('Antonio Rómulo Costa', 'municipio', 21),
  ('Ayacucho', 'municipio', 21),
  ('Bolívar', 'municipio', 21),
  ('Cárdenas', 'municipio', 21),
  ('Córdoba', 'municipio', 21),
  ('Fernández', 'municipio', 21),
  ('Francisco de Miranda', 'municipio', 21),
  ('García de Hevia', 'municipio', 21),
  ('Guásimos', 'municipio', 21),
  ('Independencia', 'municipio', 21),
  ('Jáuregui', 'municipio', 21),
  ('José María Vargas', 'municipio', 21),
  ('Junín', 'municipio', 21),
  ('Libertad', 'municipio', 21),
  ('Libertador', 'municipio', 21),
  ('Lobatera', 'municipio', 21),
  ('Michelena', 'municipio', 21),
  ('Panamericano', 'municipio', 21),
  ('Pedro María Ureña', 'municipio', 21),
  ('Rafael Urdaneta', 'municipio', 21),
  ('Samuel Dario Maldonado', 'municipio', 21),
  ('San Cristóbal', 'municipio', 21),
  ('San Judas Tadeo', 'municipio', 21),
  ('Seboruco', 'municipio', 21),
  ('Simón Rodríguez', 'municipio', 21),
  ('Sucre', 'municipio', 21),
  ('Torbes', 'municipio', 21),
  ('Uribante', 'municipio', 21);

-- Municipios del Estado Trujillo
INSERT INTO Lugar (
  nombre_lugar, tipo_lugar, lug_id_lugar) 
VALUES
  ('Andrés Bello', 'municipio', 22),
  ('Boconó', 'municipio', 22),
  ('Bolívar', 'municipio', 22),
  ('Candelaria', 'municipio', 22),
  ('Carache', 'municipio', 22),
  ('Carvajal', 'municipio', 22),
  ('Escuque', 'municipio', 22),
  ('Juan Vicente Campos Elías', 'municipio', 22),
  ('La Ceiba', 'municipio', 22),
  ('Márquez Cañizales', 'municipio', 22),
  ('Miranda', 'municipio', 22),
  ('Monte Carmelo', 'municipio', 22),
  ('Motatán', 'municipio', 22),
  ('Pampán', 'municipio', 22),
  ('Pampanito', 'municipio', 22),
  ('Rangel', 'municipio', 22),
  ('Sucre', 'municipio', 22),
  ('Trujillo', 'municipio', 22),
  ('Urdaneta', 'municipio', 22),
  ('Valera', 'municipio', 22);

-- Municipios del Estado Yaracuy
INSERT INTO Lugar (
  nombre_lugar, tipo_lugar, lug_id_lugar) 
VALUES
  ('Arístides Bastidas', 'municipio', 23),
  ('Bolívar', 'municipio', 23),
  ('Bruzual', 'municipio', 23),
  ('Cocorote', 'municipio', 23),
  ('Independencia', 'municipio', 23),
  ('José Antonio Páez', 'municipio', 23),
  ('La Trinidad', 'municipio', 23),
  ('Manuel Monge', 'municipio', 23),
  ('Nirgua', 'municipio', 23),
  ('Peña', 'municipio', 23),
  ('San Felipe', 'municipio', 23),
  ('Sucre', 'municipio', 23),
  ('Urachiche', 'municipio', 23),
  ('Veroes', 'municipio', 23);

-- Municipios del Estado Zulia
INSERT INTO Lugar (
  nombre_lugar, tipo_lugar, lug_id_lugar) 
VALUES
  ('Almirante Padilla', 'municipio', 24),
  ('Baralt', 'municipio', 24),
  ('Cabimas', 'municipio', 24),
  ('Catatumbo', 'municipio', 24),
  ('Colón', 'municipio', 24),
  ('Francisco Javier Pulgar', 'municipio', 24),
  ('Guajira', 'municipio', 24),
  ('Jesús Enrique Losada', 'municipio', 24),
  ('Jesús María Semprún', 'municipio', 24),
  ('La Cañada de Urdaneta', 'municipio', 24),
  ('Lagunillas', 'municipio', 24),
  ('Machiques de Perijá', 'municipio', 24),
  ('Mara', 'municipio', 24),
  ('Maracaibo', 'municipio', 24),
  ('Miranda', 'municipio', 24),
  ('Rosario de Perijá', 'municipio', 24),
  ('San Francisco', 'municipio', 24),
  ('Santa Rita', 'municipio', 24),
  ('Simón Bolívar', 'municipio', 24),
  ('Sucre', 'municipio', 24),
  ('Valmore Rodríguez', 'municipio', 24);
  
-- ##################  Parroquias  #########################

-- Parroquias del municipio Alto Orinoco, Amazonas
INSERT INTO Lugar (nombre_lugar, tipo_lugar, lug_id_lugar)
VALUES
  ('CM. LA ESMERALDA', 'parroquia', 25),
  ('HUACHAMACARE', 'parroquia', 25),
  ('MARAWAKA', 'parroquia', 25),
  ('MAVACA', 'parroquia', 25),
  ('SIERRA PARIMA', 'parroquia', 25);

-- Parroquias del municipio Atabapo, Amazonas
INSERT INTO Lugar (nombre_lugar, tipo_lugar, lug_id_lugar)
VALUES
  ('CM. SAN FERNANDO DE ATABA', 'parroquia', 26),
  ('UCATA', 'parroquia', 26),
  ('YAPACANA', 'parroquia', 26),
  ('CANAME', 'parroquia', 26);

-- Parroquias del municipio Atures, Amazonas
INSERT INTO Lugar (nombre_lugar, tipo_lugar, lug_id_lugar)
VALUES
  ('FERNANDO GIRON TOVAR', 'parroquia', 27),
  ('LUIS ALBERTO GOMEZ', 'parroquia', 27),
  ('PARHUEÑA', 'parroquia', 27),
  ('PLATANILLAL', 'parroquia', 27);

-- Parroquias del municipio Autana, Amazonas
INSERT INTO Lugar (nombre_lugar, tipo_lugar, lug_id_lugar)
VALUES
  ('CM. ISLA DE RATON', 'parroquia', 28),
  ('SAMARIAPO', 'parroquia', 28),
  ('SIPAPO', 'parroquia', 28),
  ('MUNDUAPO', 'parroquia', 28),
  ('GUAYAPO', 'parroquia', 28);

-- Parroquias del municipio Manapiare, Amazonas
INSERT INTO Lugar (nombre_lugar, tipo_lugar, lug_id_lugar)
VALUES
  ('CM. SAN JUAN DE MANAPIARE', 'parroquia', 29),
  ('ALTO VENTUARI', 'parroquia', 29),
  ('MEDIO VENTUARI', 'parroquia', 29),
  ('BAJO VENTUARI', 'parroquia', 29);

-- Parroquias del municipio Maroa, Amazonas
INSERT INTO Lugar (nombre_lugar, tipo_lugar, lug_id_lugar)
VALUES
  ('CM. MAROA', 'parroquia', 30),
  ('VICTORINO', 'parroquia', 30),
  ('COMUNIDAD', 'parroquia', 30);

-- Parroquias del municipio Río Negro, Amazonas
INSERT INTO Lugar (nombre_lugar, tipo_lugar, lug_id_lugar)
VALUES
  ('CM. SAN CARLOS DE RIO NEG', 'parroquia', 31),
  ('SOLANO', 'parroquia', 31),
  ('COCUY', 'parroquia', 31);

-- Parroquias del municipio Anaco, Anzoátegui
INSERT INTO Lugar (
  nombre_lugar, tipo_lugar, lug_id_lugar)
VALUES
  ('ANACO', 'parroquia', 32),
  ('SAN JOAQUIN', 'parroquia', 32),
  ('BUENA VISTA', 'parroquia', 32);

-- Parroquias del municipio Aragua, Anzoátegui
INSERT INTO Lugar (
  nombre_lugar, tipo_lugar, lug_id_lugar)
VALUES
  ('CM. ARAGUA DE BARCELONA', 'parroquia', 33),
  ('CACHIPO', 'parroquia', 33);

-- Parroquias del municipio Bolívar, Anzoátegui
INSERT INTO Lugar (
  nombre_lugar, tipo_lugar, lug_id_lugar)
VALUES
  ('EL CARMEN', 'parroquia', 34),
  ('SAN CRISTOBAL', 'parroquia', 34),
  ('BERGANTIN', 'parroquia', 34),
  ('CAIGUA', 'parroquia', 34),
  ('EL PILAR', 'parroquia', 34),
  ('NARICUAL', 'parroquia', 34);

-- Parroquias del municipio Bruzual, Anzoátegui
INSERT INTO Lugar (
  nombre_lugar, tipo_lugar, lug_id_lugar)
  VALUES
  ('CM. CLARINES', 'parroquia', 35),
  ('GUANAPE', 'parroquia', 35),
  ('SABANA DE UCHIRE', 'parroquia', 35);

--Parroquias del municipio Cajigal, Anzoategui
INSERT INTO Lugar (
  nombre_lugar, tipo_lugar, lug_id_lugar)
  VALUES
  ('CM. ONOTO', 'parroquia', 36),
  ('SAN PABLO', 'parroquia', 36);

--Parroquias del municipio Carvajal, Anzoategui
INSERT INTO Lugar (
  nombre_lugar, tipo_lugar, lug_id_lugar)
  VALUES
  ('VALLE DE GUANAPE', 'parroquia', 37),
  ('SANTA BARBARA', 'parroquia', 37);

-- Parroquias del municipio Freites, Anzoategui
INSERT INTO Lugar (
  nombre_lugar, tipo_lugar, lug_id_lugar)
  VALUES
  ('CM. CANTAURA', 'parroquia', 38),
  ('LIBERTADOR', 'parroquia', 38),
  ('SANTA ROSA', 'parroquia', 38),
  ('URICA', 'parroquia', 38);

--Parroquia del municipio Guanipa, Anzoategui
INSERT INTO Lugar (
  nombre_lugar, tipo_lugar, lug_id_lugar)
  VALUES
  ('CM. SAN JOSE DE GUANIPA', 'parroquia', 39);

--Parroquias del municipio Guanta, Anzoategui
INSERT INTO Lugar (
  nombre_lugar, tipo_lugar, lug_id_lugar)
  VALUES
  ('GUANTA', 'parroquia', 40),
  ('CHORRERON', 'parroquia', 40);

--Parroquias del municipio Independencia, Anzoategui
INSERT INTO Lugar (
  nombre_lugar, tipo_lugar, lug_id_lugar)
  VALUES
  ('CM. SOLEDAD', 'parroquia', 41),
  ('MAMO', 'parroquia', 41);

--Parroquias del municipio Libertad, Anzoategui
INSERT INTO Lugar (
  nombre_lugar, tipo_lugar, lug_id_lugar)
  VALUES
  ('CM. SAN MATEO', 'parroquia', 42),
  ('EL CARITO', 'parroquia', 42),
  ('SANTA INES', 'parroquia', 42);

--Parroquias del municipio McGregor
INSERT INTO Lugar (
  nombre_lugar, tipo_lugar, lug_id_lugar)
  VALUES
  ('EL CHAPARRO', 'parroquia', 43),
  ('TOMAS ALFARO CALATRAVA', 'parroquia', 43);

--Parroquias del municicpio Miranda, Anzoategui
INSERT INTO Lugar (
  nombre_lugar, tipo_lugar, lug_id_lugar)
  VALUES
  ('CM. PARIAGUAN', 'parroquia', 44),
  ('ATAPIRIRE', 'parroquia', 44),
  ('BOCA DEL PAO', 'parroquia', 44),
  ('EL PAO', 'parroquia', 44);

--Parroquias del municipio Monagas, Anzoategui
INSERT INTO Lugar (
  nombre_lugar, tipo_lugar, lug_id_lugar)
  VALUES
  ('CM. MAPIRE', 'parroquia', 45),
  ('PIAR', 'parroquia', 45),
  ('SN DIEGO DE CABRUTICA', 'parroquia', 45),
  ('SANTA CLARA', 'parroquia', 45),
  ('UVERITO', 'parroquia', 45),
  ('ZUATA', 'parroquia', 45);

--Parroquias del municipio Peñalver, Anzoategui
INSERT INTO Lugar (
  nombre_lugar, tipo_lugar, lug_id_lugar)
  VALUES
  ('CM. PUERTO PIRITU', 'parroquia', 46),
  ('SAN MIGUEL', 'parroquia', 46),
  ('SUCRE', 'parroquia', 46);

--Parroquias del municipio Piritu, Anzoategui
INSERT INTO Lugar (
  nombre_lugar, tipo_lugar, lug_id_lugar)
  VALUES
  ('PIRITU', 'parroquia', 47),
  ('SAN FRANCISCO', 'parroquia', 47);

--Parroquias del municipio San Juan de Capistrano, Anzoategui
INSERT INTO Lugar (
  nombre_lugar, tipo_lugar, lug_id_lugar)
  VALUES
  ('BOCA UCHIRE', 'parroquia', 48),
  ('BOCA DE CHAVEZ', 'parroquia', 48);

--Parroquias del municicpio Santa Ana, Anzoategui
INSERT INTO Lugar (
  nombre_lugar, tipo_lugar, lug_id_lugar)
  VALUES
  ('SANTA ANA', 'parroquia', 49),
  ('PUEBLO NUEVO', 'parroquia', 49);

--Parroquias del municicpio Simon Rodriguez, Anzoategui
INSERT INTO Lugar (
  nombre_lugar, tipo_lugar, lug_id_lugar)
  VALUES
  ('EDMUNDO BARRIOS', 'parroquia', 50),
  ('MIGUEL OTERO SILVA', 'parroquia', 50),
  ('CM. EL TIGRE', 'parroquia', 50);

--Parroquias del municipio /sotillo, Anzoategui
INSERT INTO Lugar (
  nombre_lugar, tipo_lugar, lug_id_lugar)
  VALUES
  ('POZUELOS', 'parroquia', 51),
  ('CM PTO. LA CRUZ', 'parroquia', 51);

--Parroquias del municipio Diego Bautista Urdaneja, Anzoategui
INSERT INTO Lugar (
  nombre_lugar, tipo_lugar, lug_id_lugar)
  VALUES
  ('LECHERIAS', 'parroquia', 52),
  ('EL MORRO', 'parroquia', 52);

--Parroquias del municipio Achaguas, Apure
INSERT INTO Lugar (
  nombre_lugar, tipo_lugar, lug_id_lugar)
  VALUES
  ('ACHAGUAS', 'parroquia', 53),
  ('APURITO', 'parroquia', 53),
  ('EL YAGUAL', 'parroquia', 53),
  ('GUACHARA', 'parroquia', 53),
  ('MUCURITAS', 'parroquia', 53),
  ('QUESERAS DEL MEDIO', 'parroquia', 53);

-- Parroquia del municipio Biruaca, Apure
INSERT INTO Lugar (nombre_lugar, tipo_lugar, lug_id_lugar)
VALUES
  ('BIRUACA', 'parroquia', 54);

-- Parroquias del municipio Pedro Camejo, Apure
INSERT INTO Lugar (nombre_lugar, tipo_lugar, lug_id_lugar)
VALUES
  ('SAN JUAN DE PAYARA', 'parroquia', 55),
  ('CODAZZI', 'parroquia', 55),
  ('CUNAVICHE', 'parroquia', 55);

--PArroquias del municipio Bruzual, Apure
INSERT INTO Lugar (
  nombre_lugar, tipo_lugar, lug_id_lugar)
  VALUES
  ('BRUZUAL', 'parroquia', 56),
  ('MANTECAL', 'parroquia', 56),
  ('QUINTERO', 'parroquia', 56),
  ('SAN VICENTE', 'parroquia', 56),
  ('RINCON HONDO', 'parroquia', 56);

-- Parroquias del municipio Paez, Apure
INSERT INTO Lugar (nombre_lugar, tipo_lugar, lug_id_lugar)
VALUES
  ('GUASDUALITO', 'parroquia', 57),
  ('ARAMENDI', 'parroquia', 57),
  ('EL AMPARO', 'parroquia', 57),
  ('SAN CAMILO', 'parroquia', 57),
  ('URDANETA', 'parroquia', 57);

-- Parroquias del municipio Romulo GAllegos, Apure
INSERT INTO Lugar (nombre_lugar, tipo_lugar, lug_id_lugar)
VALUES
  ('ELORZA', 'parroquia', 58),
  ('LA TRINIDAD', 'parroquia', 58);

-- Parroquias del municipio San Fernando, Apure
INSERT INTO Lugar (nombre_lugar, tipo_lugar, lug_id_lugar)
VALUES
  ('SAN FERNANDO', 'parroquia', 59),
  ('PEÑALVER', 'parroquia', 59),
  ('EL RECREO', 'parroquia', 59),
  ('SN RAFAEL DE ATAMAICA', 'parroquia', 59);

-- Parroquias del municipio Alcantara, Aragua
INSERT INTO Lugar (nombre_lugar, tipo_lugar, lug_id_lugar)
VALUES
  ('CM. SANTA RITA', 'parroquia', 60),
  ('FRANCISCO DE MIRANDA', 'parroquia', 60),
  ('MONS FELICIANO G', 'parroquia', 60);

-- Parroquia del municipio Bolivar, Aragua
INSERT INTO Lugar (nombre_lugar, tipo_lugar, lug_id_lugar)
VALUES
  ('CM. SAN MATEO', 'parroquia', 61);

-- Parroquias del municipio Camatagua, Aragua
INSERT INTO Lugar (nombre_lugar, tipo_lugar, lug_id_lugar)
VALUES
  ('CM. CAMATAGUA', 'parroquia', 62),
  ('CARMEN DE CURA', 'parroquia', 62);

-- Parroquias del municipio Girardot, Aragua
INSERT INTO Lugar (nombre_lugar, tipo_lugar, lug_id_lugar)
VALUES
  ('CM. LAS DELICIAS', 'parroquia', 63),
  ('CHORONI', 'parroquia', 63),
  ('MADRE MA DE SAN JOSE', 'parroquia', 63),
  ('JOAQUIN CRESPO', 'parroquia', 63),
  ('PEDRO JOSE OVALLES', 'parroquia', 63),
  ('JOSE CASANOVA GODOY', 'parroquia', 63),
  ('ANDRES ELOY BLANCO', 'parroquia', 63),
  ('LOS TACARIGUAS', 'parroquia', 63);

-- Parroquias del municipio Iragorry, Aragua
INSERT INTO Lugar (nombre_lugar, tipo_lugar, lug_id_lugar)
VALUES
  ('CM. EL LIMON', 'parroquia', 64),
  ('CA A DE AZUCAR', 'parroquia', 64);

--Parroquia del municipio Lamas, Aragua
INSERT INTO Lugar (nombre_lugar, tipo_lugar, lug_id_lugar)
VALUES
  ('CM. SANTA CRUZ', 'parroquia', 65);

-- Parroquias del municipio Libertador
INSERT INTO Lugar (nombre_lugar, tipo_lugar, lug_id_lugar)
VALUES
  ('CM. PALO NEGRO', 'parroquia', 66),
  ('SAN MARTIN DE PORRES', 'parroquia', 66);

-- Parroquias del municipio MAriño, Aragua
INSERT INTO Lugar (nombre_lugar, tipo_lugar, lug_id_lugar)
VALUES
  ('CM. TURMERO', 'parroquia', 67),
  ('SAMAN DE GUERE', 'parroquia', 67),
  ('ALFREDO PACHECO M', 'parroquia', 67),
  ('CHUAO', 'parroquia', 67),
  ('AREVALO APONTE', 'parroquia', 67);

-- PArroquias del municipio Michelenas, Aragua
INSERT INTO Lugar (nombre_lugar, tipo_lugar, lug_id_lugar)
VALUES
  ('CM. LAS TEJERIAS', 'parroquia', 68),
  ('TIARA', 'parroquia', 68);

-- Parroquia del municipio Ocumare de la costa de oro, Aragua
INSERT INTO Lugar (nombre_lugar, tipo_lugar, lug_id_lugar)
VALUES
  ('OCUMARE DE LA COSTA', 'parroquia', 69);

-- Parroquia del municipio Revenga, Aragua
INSERT INTO Lugar (nombre_lugar, tipo_lugar, lug_id_lugar)
VALUES
  ('CM. EL CONSEJO', 'parroquia', 70);

-- Parroquias del municipio Ribas, Aragua
INSERT INTO Lugar (nombre_lugar, tipo_lugar, lug_id_lugar)
VALUES
  ('CM. LA VICTORIA', 'parroquia', 71),
  ('ZUATA', 'parroquia', 71),
  ('PAO DE ZARATE', 'parroquia', 71),
  ('CASTOR NIEVES RIOS', 'parroquia', 71),
  ('LAS GUACAMAYAS', 'parroquia', 71);

-- Parroquias del municipio San Casimiro, Aragua
INSERT INTO Lugar (nombre_lugar, tipo_lugar, lug_id_lugar)
VALUES
  ('CM. SAN CASIMIRO', 'parroquia', 72),
  ('VALLE MORIN', 'parroquia', 72),
  ('GUIRIPA', 'parroquia', 72),
  ('OLLAS DE CARAMACATE', 'parroquia', 72);

-- Parroquia del municipio San Sebastian, Aragua
INSERT INTO Lugar (nombre_lugar, tipo_lugar, lug_id_lugar)
VALUES
  ('CM. SAN SEBASTIAN', 'parroquia', 73);

-- Parroquias del municipio Sucre, Aragua
INSERT INTO Lugar (nombre_lugar, tipo_lugar, lug_id_lugar)
VALUES
  ('CM. CAGUA', 'parroquia', 74),
  ('BELLA VISTA', 'parroquia', 74);

-- Parroquia del municipio Tovar, Aragua
INSERT INTO Lugar (nombre_lugar, tipo_lugar, lug_id_lugar)
VALUES
  ('CM. COLONIA TOVAR', 'parroquia', 75);

-- PArroquias del municipio Urdaneta, Aragua
INSERT INTO Lugar (nombre_lugar, tipo_lugar, lug_id_lugar)
VALUES
  ('CM. BARBACOAS', 'parroquia', 76),
  ('SAN FRANCISCO DE CARA', 'parroquia', 76),
  ('TAGUAY', 'parroquia', 76),
  ('LAS PEÑITAS', 'parroquia', 76);

-- Parroquias del municipio Zamora, Aragua
INSERT INTO Lugar (nombre_lugar, tipo_lugar, lug_id_lugar)
VALUES
  ('CM. VILLA DE CURA', 'parroquia', 77),
  ('MAGDALENO', 'parroquia', 77),
  ('SAN FRANCISCO DE ASIS', 'parroquia', 77),
  ('VALLES DE TUCUTUNEMO', 'parroquia', 77),
  ('PQ AUGUSTO MIJARES', 'parroquia', 77);

-- Parroquias del municipio Alberto Arvelo Torrealba, Barinas
INSERT INTO Lugar (nombre_lugar, tipo_lugar, lug_id_lugar)
VALUES
  ('RODRIGUEZ DOMINGUEZ', 'parroquia', 78),
  ('SABANETA', 'parroquia', 78);

-- Parroquias del municipio Andres Eloy Blanco
INSERT INTO Lugar (nombre_lugar, tipo_lugar, lug_id_lugar)
VALUES
  ('EL CANTON', 'parroquia', 79),
  ('SANTA CRUZ DE GUACAS', 'parroquia', 79),
  ('PUERTO VIVAS', 'parroquia', 79);

-- Parroquias del municipio Antonio Jose de Sucre, Barinas
INSERT INTO Lugar (nombre_lugar, tipo_lugar, lug_id_lugar)
VALUES
  ('TICOPORO', 'parroquia', 80),
  ('NICOLAS PULIDO', 'parroquia', 80),
  ('ANDRES BELLO', 'parroquia', 80);

-- Parroquias del municipio Arismendi, Barinas
INSERT INTO Lugar (nombre_lugar, tipo_lugar, lug_id_lugar)
VALUES
  ('ARISMENDI', 'parroquia', 81),
  ('GUADARRAMA', 'parroquia', 81),
  ('LA UNION', 'parroquia', 81),
  ('SAN ANTONIO', 'parroquia', 81);

-- PArroquias del municipio Barinas, Barinas
INSERT INTO Lugar (nombre_lugar, tipo_lugar, lug_id_lugar)
VALUES
  ('Méndez', 'parroquia', 82),
  ('Alto Barinas', 'parroquia', 82),
  ('Corazón de Jesús', 'parroquia', 82),
  ('El Carmen', 'parroquia', 82),
  ('Betancourt', 'parroquia', 82),
  ('Barinas', 'parroquia', 82),
  ('Torunos', 'parroquia', 82),
  ('Fajardo', 'parroquia', 82),
  ('Larriva', 'parroquia', 82),
  ('Páez', 'parroquia', 82),
  ('San Silvestre', 'parroquia', 82),
  ('Santa Inés', 'parroquia', 82),
  ('Santa Lucía', 'parroquia', 82),
  ('Domínguez', 'parroquia', 82);

-- Parroquias del municipio Bolivar, Barinas
INSERT INTO Lugar (nombre_lugar, tipo_lugar, lug_id_lugar)
VALUES
  ('ALTAMIRA', 'parroquia', 83),
  ('BARINITAS', 'parroquia', 83),
  ('CALDERAS', 'parroquia', 83);

-- Parroquias de municipio Cruz Paredes, Barinas
INSERT INTO Lugar (nombre_lugar, tipo_lugar, lug_id_lugar)
VALUES
  ('BARRANCAS', 'parroquia', 84),
  ('EL SOCORRO', 'parroquia', 84),
  ('MASPARRITO', 'parroquia', 84);

-- Parroquias del municipio Ezequiel Zamora, Barinas
INSERT INTO Lugar (nombre_lugar, tipo_lugar, lug_id_lugar)
VALUES
  ('SANTA BARBARA', 'parroquia', 85),
  ('JOSE IGNACIO DEL PUMAR', 'parroquia', 85),
  ('RAMON IGNACIO MENDEZ', 'parroquia', 85),
  ('PEDRO BRICEÑO MENDEZ', 'parroquia', 85);

-- Parroquias del municipio Obispos, Barinas
INSERT INTO Lugar (nombre_lugar, tipo_lugar, lug_id_lugar)
VALUES
  ('EL REAL', 'parroquia', 86),
  ('LA LUZ', 'parroquia', 86),
  ('OBISPOS', 'parroquia', 86),
  ('LOS GUASIMITOS', 'parroquia', 86);

-- Parroquias del municipio Pedraza, Barinas
INSERT INTO Lugar (nombre_lugar, tipo_lugar, lug_id_lugar)
VALUES
  ('CIUDAD BOLIVIA', 'parroquia', 87),
  ('IGNACIO BRICEÑO', 'parroquia', 87),
  ('PAEZ', 'parroquia', 87),
  ('JOSE FELIX RIBAS', 'parroquia', 87);

-- Parroquias del municipio Rojas, Barinas
INSERT INTO Lugar (nombre_lugar, tipo_lugar, lug_id_lugar)
VALUES
  ('DOLORES', 'parroquia', 88),
  ('LIBERTAD', 'parroquia', 88),
  ('PALACIO FAJARDO', 'parroquia', 88),
  ('SANTA ROSA', 'parroquia', 88);

-- Parroquias el municipio Sosa, Barinas
INSERT INTO Lugar (nombre_lugar, tipo_lugar, lug_id_lugar)
VALUES
  ('CIUDAD DE NUTRIAS', 'parroquia', 89),
  ('EL REGALO', 'parroquia', 89),
  ('PUERTO DE NUTRIAS', 'parroquia', 89),
  ('SANTA CATALINA', 'parroquia', 89);

-- Parroquias del municipio Angostura, Bolivar
INSERT INTO Lugar (nombre_lugar, tipo_lugar, lug_id_lugar)
VALUES
  ('CM. CIUDAD PIAR', 'parroquia', 90),
  ('SAN FRANCISCO', 'parroquia', 90),
  ('BARCELONETA', 'parroquia', 90),
  ('SANTA BARBARA', 'parroquia', 90);

-- PArroquias del municipio Angostura del orinoco, Bolivar
INSERT INTO Lugar (nombre_lugar, tipo_lugar, lug_id_lugar)
VALUES
  ('CATEDRAL', 'parroquia', 91),
  ('AGUA SALADA', 'parroquia', 91),
  ('LA SABANITA', 'parroquia', 91),
  ('VISTA HERMOSA', 'parroquia', 91),
  ('MARHUANTA', 'parroquia', 91),
  ('JOSE ANTONIO PAEZ', 'parroquia', 91),
  ('ORINOCO', 'parroquia', 91),
  ('PANAPANA', 'parroquia', 91),
  ('ZEA', 'parroquia', 91);

-- Parroquias del municipio Caroni, Bolivar
INSERT INTO Lugar (nombre_lugar, tipo_lugar, lug_id_lugar)
VALUES
  ('SIMON BOLIVAR', 'parroquia', 92),
  ('ONCE DE ABRIL', 'parroquia', 92),
  ('VISTA AL SOL', 'parroquia', 92),
  ('CHIRICA', 'parroquia', 92),
  ('DALLA COSTA', 'parroquia', 92),
  ('CACHAMAY', 'parroquia', 92),
  ('UNIVERSIDAD', 'parroquia', 92),
  ('UNARE', 'parroquia', 92),
  ('YOCOIMA', 'parroquia', 92),
  ('POZO VERDE', 'parroquia', 92);

-- PArroquias del municipio cedeño, Bolivar
INSERT INTO Lugar (nombre_lugar, tipo_lugar, lug_id_lugar)
VALUES
  ('CM. CAICARA DEL ORINOCO', 'parroquia', 93),
  ('ASCENSION FARRERAS', 'parroquia', 93),
  ('ALTAGRACIA', 'parroquia', 93),
  ('LA URBANA', 'parroquia', 93),
  ('GUANIAMO', 'parroquia', 93),
  ('PIJIGUAOS', 'parroquia', 93);

-- Parroquias del municipio Chien, Bolivar
INSERT INTO Lugar (nombre_lugar, tipo_lugar, lug_id_lugar)
VALUES  
  ('CM. EL PALMAR', 'parroquia', 94);

--PAroquia del municipio El Callao, Bolivar
INSERT INTO Lugar (nombre_lugar, tipo_lugar, lug_id_lugar)
VALUES
  ('CM. EL CALLAO', 'parroquia', 95);

-- Parroquias del municipio Gran Sabana, Bolivar
INSERT INTO Lugar (nombre_lugar, tipo_lugar, lug_id_lugar)
VALUES
  ('CM. SANTA ELENA DE UAIREN', 'parroquia', 96),
  ('IKABARU', 'parroquia', 96);

-- Parroquias del municipio Piar, Bolivar
INSERT INTO Lugar (nombre_lugar, tipo_lugar, lug_id_lugar)
VALUES
  ('CM. UPATA', 'parroquia', 97),
  ('ANDRES ELOY BLANCO', 'parroquia', 97),
  ('PEDRO COVA', 'parroquia', 97);

-- Parroquias del municipio Roscio, Bolivar
INSERT INTO Lugar (nombre_lugar, tipo_lugar, lug_id_lugar)
VALUES
  ('CM. GUASIPATI', 'parroquia', 98),
  ('SALOM', 'parroquia', 98);

-- Parroquias del municipio Sifontes, Bolivar
INSERT INTO Lugar (nombre_lugar, tipo_lugar, lug_id_lugar)
VALUES
  ('CM. TUMEREMO', 'parroquia', 99),
  ('DALLA COSTA', 'parroquia', 99),
  ('SAN ISIDRO', 'parroquia', 99);

-- Parroquias del municipio Sucre, Bolivar
INSERT INTO Lugar (nombre_lugar, tipo_lugar, lug_id_lugar)
VALUES
  ('CM. MARIPA', 'parroquia', 100),
  ('ARIPAO', 'parroquia', 100),
  ('LAS MAJADAS', 'parroquia', 100),
  ('MOITACO', 'parroquia', 100),
  ('GUARATARO', 'parroquia', 100);

-- Parroquias del municipio Bejuma, Carabobo
INSERT INTO Lugar (nombre_lugar, tipo_lugar, lug_id_lugar)
VALUES
  ('BEJUMA', 'parroquia', 101),
  ('CANOABO', 'parroquia', 101),
  ('SIMON BOLIVAR', 'parroquia', 101);

-- Parroquias del municipio Carlos Arvelo, Carabobo
INSERT INTO Lugar (nombre_lugar, tipo_lugar, lug_id_lugar)
VALUES
  ('GUIGUE', 'parroquia', 102),
  ('BELEN', 'parroquia', 102),
  ('TACARIGUA', 'parroquia', 102);

-- Parroquias del municipio Dieo IBarra, Carabobo
INSERT INTO Lugar (nombre_lugar, tipo_lugar, lug_id_lugar)
VALUES
  ('MARIARA', 'parroquia', 103),
  ('AGUAS CALIENTES', 'parroquia', 103);

-- Parroquias del municipio Guacara, Carabobo
INSERT INTO Lugar (nombre_lugar, tipo_lugar, lug_id_lugar)
VALUES
  ('GUACARA', 'parroquia', 104),
  ('CIUDAD ALIANZA', 'parroquia', 104),
  ('YAGUA', 'parroquia', 104);

-- Parroquias del municipio Juan Jose Mora, Carabobo  
INSERT INTO Lugar (nombre_lugar, tipo_lugar, lug_id_lugar)
VALUES
  ('MORON', 'parroquia', 105),
  ('URAMA', 'parroquia', 105);

--Parroquias del municipio Libertador, Carabobo
INSERT INTO Lugar (nombre_lugar, tipo_lugar, lug_id_lugar)
VALUES
  ('U TOCUYITO', 'parroquia', 106),
  ('U INDEPENDENCIA', 'parroquia', 106);

--Parroquias del municipio Los Guayos, Carabobo
INSERT INTO Lugar (nombre_lugar, tipo_lugar, lug_id_lugar)
VALUES
  ('U LOS GUAYOS', 'parroquia', 107);

-- Parroquia del municipio Miranda, Carabobo
INSERT INTO Lugar (nombre_lugar, tipo_lugar, lug_id_lugar)
VALUES
  ('MIRANDA', 'parroquia', 108);

--Parroquia del municipio Montalban, Carabobo
INSERT INTO Lugar (nombre_lugar, tipo_lugar, lug_id_lugar)
VALUES
  ('MONTALBAN', 'parroquia', 109);

--Parroquia del municipio NAguanagua, Carabobo
INSERT INTO Lugar (nombre_lugar, tipo_lugar, lug_id_lugar)
VALUES
  ('NAGUANAGUA', 'parroquia', 110);

-- Parroquias del municipio Puerto Cabello, Carabobo
INSERT INTO Lugar (nombre_lugar, tipo_lugar, lug_id_lugar)
VALUES
  ('DEMOCRACIA', 'parroquia', 111),
  ('FRATERNIDAD', 'parroquia', 111),
  ('GOAIGOAZA', 'parroquia', 111),
  ('JUAN JOSE FLORES', 'parroquia', 111),
  ('BARTOLOME SALOM', 'parroquia', 111),
  ('UNION', 'parroquia', 111),
  ('BORBURATA', 'parroquia', 111),
  ('PATANEMO', 'parroquia', 111);

-- Parroquia del municipio San Diego, Carabobo
INSERT INTO Lugar (nombre_lugar, tipo_lugar, lug_id_lugar)
VALUES
  ('URB SAN DIEGO', 'parroquia', 112);

--PArroquia del municipio San Joaquin, Carabobo
INSERT INTO Lugar (nombre_lugar, tipo_lugar, lug_id_lugar)
VALUES
  ('SAN JOAQUIN', 'parroquia', 113);

--PArroquias del municipio Valencia, Carabobo
INSERT INTO Lugar (nombre_lugar, tipo_lugar, lug_id_lugar)
VALUES
  ('CANDELARIA', 'parroquia', 114),
  ('CATEDRAL', 'parroquia', 114),
  ('EL SOCORRO', 'parroquia', 114),
  ('MIGUEL PEÑA', 'parroquia', 114),
  ('SAN BLAS', 'parroquia', 114),
  ('SAN JOSE', 'parroquia', 114),
  ('SANTA ROSA', 'parroquia', 114),
  ('RAFAEL URDANETA', 'parroquia', 114),
  ('NEGRO PRIMERO', 'parroquia', 114);

-- Parroquias del municipio Anzoategui, Cojedes
INSERT INTO Lugar (nombre_lugar, tipo_lugar, lug_id_lugar)
VALUES
  ('COJEDES', 'parroquia', 115),
  ('JUAN DE MATA SUAREZ', 'parroquia', 115);

--PArroquias del municipio San Carlos, Cojedes
INSERT INTO Lugar (nombre_lugar, tipo_lugar, lug_id_lugar)
VALUES
  ('SAN CARLOS DE AUSTRIA', 'parroquia', 116),
  ('JUAN ANGEL BRAVO', 'parroquia', 116),
  ('MANUEL MANRIQUE', 'parroquia', 116);

--PArroquias del municipio Girardot, Cojedes
INSERT INTO Lugar (nombre_lugar, tipo_lugar, lug_id_lugar)
VALUES
  ('EL BAUL', 'parroquia', 117),
  ('SUCRE', 'parroquia', 117);

--Parroquias del municipio Lima Blanco, Cojedes
INSERT INTO Lugar (nombre_lugar, tipo_lugar, lug_id_lugar)
VALUES
  ('MACAPO', 'parroquia', 118),
  ('LA AGUADITA', 'parroquia', 118);

--PArroquias del municipio PAo de San Juan Bautista, Cojedes
INSERT INTO Lugar (nombre_lugar, tipo_lugar, lug_id_lugar)
VALUES
  ('EL PAO', 'parroquia', 119);

--Parroquias del municipio Ricaurte, Cojedes
INSERT INTO Lugar (nombre_lugar, tipo_lugar, lug_id_lugar)
VALUES
  ('LIBERTAD DE COJEDES', 'parroquia', 120),
  ('EL AMPARO', 'parroquia', 120);
  
--Parroquia del municipio Romulo Gallegos, Cojedes
INSERT INTO Lugar (nombre_lugar, tipo_lugar, lug_id_lugar)
VALUES
  ('ROMULO GALLEGOS', 'parroquia', 121);

-- Parroquia del municipio Tinaco, Cojedes
INSERT INTO Lugar (nombre_lugar, tipo_lugar, lug_id_lugar)
VALUES
  ('GRL/JEFE JOSE L SILVA', 'parroquia', 122);

-- PArroquia del municipio Tinaquillo, Cojedes
INSERT INTO Lugar (nombre_lugar, tipo_lugar, lug_id_lugar)
VALUES
  ('TINAQUILLO', 'parroquia', 123);

-- Parroquias del municipio ANdres Diaz, Delta Amacura
INSERT INTO Lugar (nombre_lugar, tipo_lugar, lug_id_lugar)
VALUES
  ('CURIAPO', 'parroquia', 124),
  ('SANTOS DE ABELGAS', 'parroquia', 124),
  ('MANUEL RENAUD', 'parroquia', 124),
  ('PADRE BARRAL', 'parroquia', 124),
  ('ANICETO LUGO', 'parroquia', 124),
  ('ALMIRANTE LUIS BRION', 'parroquia', 124);

-- Parroquias del municipio Casacoima, Delta Amacuro
INSERT INTO Lugar (nombre_lugar, tipo_lugar, lug_id_lugar)
VALUES
  ('IMATACA', 'parroquia', 125),
  ('ROMULO GALLEGOS', 'parroquia', 125),
  ('JUAN BAUTISTA ARISMEN', 'parroquia', 125),
  ('MANUEL PIAR', 'parroquia', 125),
  ('5 DE JULIO', 'parroquia', 125);

-- Parroquias del municipio Pedernales, Delta Amacuro
INSERT INTO Lugar (nombre_lugar, tipo_lugar, lug_id_lugar)
VALUES
  ('PEDERNALES', 'parroquia', 126),
  ('LUIS B PRIETO FIGUERO', 'parroquia', 126);

-- Parroquia del municipio Tucupita, Delta Amacuro
INSERT INTO Lugar (nombre_lugar, tipo_lugar, lug_id_lugar)
VALUES
  ('SAN JOSE', 'parroquia', 127),
  ('VIRGEN DEL VALLE', 'parroquia', 127),
  ('SAN RAFAEL', 'parroquia', 127),
  ('JOSE VIDAL MARCANO', 'parroquia', 127),
  ('LEONARDO RUIZ PINEDA', 'parroquia', 127),
  ('MONS. ARGIMIRO GARCIA', 'parroquia', 127),
  ('MCL.ANTONIO J DE SUCRE', 'parroquia', 127),
  ('JUAN MILLAN', 'parroquia', 127);

-- Parroquias del municipio Distrito Capital, Caracas
INSERT INTO Lugar (nombre_lugar, tipo_lugar, lug_id_lugar)
VALUES
  ('ALTAGRACIA', 'parroquia', 128),
  ('CANDELARIA', 'parroquia', 128),
  ('CATEDRAL', 'parroquia', 128),
  ('LA PASTORA', 'parroquia', 128),
  ('SAN AGUSTIN', 'parroquia', 128),
  ('SAN JOSE', 'parroquia', 128),
  ('SAN JUAN', 'parroquia', 128),
  ('SANTA ROSALIA', 'parroquia', 128),
  ('SANTA TERESA', 'parroquia', 128),
  ('SUCRE', 'parroquia', 128),
  ('23 DE ENERO', 'parroquia', 128),
  ('ANTIMANO', 'parroquia', 128),
  ('EL RECREO', 'parroquia', 128),
  ('EL VALLE', 'parroquia', 128),
  ('LA VEGA', 'parroquia', 128),
  ('MACARAO', 'parroquia', 128),
  ('CARICUAO', 'parroquia', 128),
  ('EL JUNQUITO', 'parroquia', 128),
  ('COCHE', 'parroquia', 128),
  ('SAN PEDRO', 'parroquia', 128),
  ('SAN BERNARDINO', 'parroquia', 128),
  ('EL PARAISO', 'parroquia', 128);

-- Parroquiasd el municipio Acosta, Falcon
INSERT INTO Lugar (nombre_lugar, tipo_lugar, lug_id_lugar)
VALUES
  ('SAN JUAN DE LOS CAYOS', 'parroquia', 129),
  ('CAPADARE', 'parroquia', 129),
  ('LA PASTORA', 'parroquia', 129),
  ('LIBERTADOR', 'parroquia', 129);

-- Parroquias del municipio Bolivar, Falcon
INSERT INTO Lugar (nombre_lugar, tipo_lugar, lug_id_lugar)
VALUES
  ('SAN LUIS', 'parroquia', 130),
  ('ARACUA', 'parroquia', 130),
  ('LA PEÑA', 'parroquia', 130);

-- Parroquias del municipio Buchivacoa, Falcon
INSERT INTO Lugar (nombre_lugar, tipo_lugar, lug_id_lugar)
VALUES
  ('CAPATARIDA', 'parroquia', 131),
  ('BOROJO', 'parroquia', 131),
  ('SEQUE', 'parroquia', 131),
  ('ZAZARIDA', 'parroquia', 131),
  ('BARIRO', 'parroquia', 131),
  ('GUAJIRO', 'parroquia', 131);

-- Parroquias del municipio Carirubana, Falcon
INSERT INTO Lugar (nombre_lugar, tipo_lugar, lug_id_lugar)
VALUES
  ('NORTE', 'parroquia', 132),
  ('CARIRUBANA', 'parroquia', 132),
  ('PUNTA CARDON', 'parroquia', 132),
  ('SANTA ANA', 'parroquia', 132);

-- Parroquias del municipio COlina, Falcon
INSERT INTO Lugar (nombre_lugar, tipo_lugar, lug_id_lugar)
VALUES
  ('LA VELA DE CORO', 'parroquia', 133),
  ('ACURIGUA', 'parroquia', 133),
  ('GUAIBACOA', 'parroquia', 133),
  ('MACORUCA', 'parroquia', 133),
  ('LAS CALDERAS', 'parroquia', 133);

-- Parroquia del municipio Dabajuro, Falcon
INSERT INTO Lugar (nombre_lugar, tipo_lugar, lug_id_lugar)
VALUES
  ('CM. DABAJURO', 'parroquia', 134);

-- Parroquias del municipio Democracia
INSERT INTO Lugar (nombre_lugar, tipo_lugar, lug_id_lugar)
VALUES
  ('PEDREGAL', 'parroquia', 135),
  ('AGUA CLARA', 'parroquia', 135),
  ('AVARIA', 'parroquia', 135),
  ('PIEDRA GRANDE', 'parroquia', 135),
  ('PURURECHE', 'parroquia', 135);

--Parroquias del municipio Falcon, Falcon
INSERT INTO Lugar (nombre_lugar, tipo_lugar, lug_id_lugar)
VALUES
  ('PUEBLO NUEVO', 'parroquia', 136),
  ('ADICORA', 'parroquia', 136),
  ('BARAIVED', 'parroquia', 136),
  ('BUENA VISTA', 'parroquia', 136),
  ('JADACAQUIVA', 'parroquia', 136),
  ('MORUY', 'parroquia', 136),
  ('EL VINCULO', 'parroquia', 136),
  ('EL HATO', 'parroquia', 136),
  ('ADAURE', 'parroquia', 136);

-- Parroquias del municipio Federacion, Falcon
INSERT INTO Lugar (nombre_lugar, tipo_lugar, lug_id_lugar)
VALUES
  ('CHURUGUARA', 'parroquia', 137),
  ('AGUA LARGA', 'parroquia', 137),
  ('INDEPENDENCIA', 'parroquia', 137),
  ('MAPARARI', 'parroquia', 137),
  ('EL PAUJI', 'parroquia', 137);

--Parroquias del municipio Iturriza, Falcon
INSERT INTO Lugar (nombre_lugar, tipo_lugar, lug_id_lugar)
VALUES
  ('CHICHIRIVICHE', 'parroquia', 138),
  ('BOCA DE TOCUYO', 'parroquia', 138),
  ('TOCUYO DE LA COSTA', 'parroquia', 138);

--Parroquias del municipio JAcura, Falcon
INSERT INTO Lugar (nombre_lugar, tipo_lugar, lug_id_lugar)
VALUES
  ('JACURA', 'parroquia', 139),
  ('AGUA LINDA', 'parroquia', 139),
  ('ARAURIMA', 'parroquia', 139);

-- Parroquias del municipio Los Taques, Falcon
INSERT INTO Lugar (nombre_lugar, tipo_lugar, lug_id_lugar)
VALUES
  ('LOS TAQUES', 'parroquia', 140),
  ('JUDIBANA', 'parroquia', 140);

-- Parroquia del minicipio Manaure, Falcon
INSERT INTO Lugar (nombre_lugar, tipo_lugar, lug_id_lugar)
VALUES
  ('CM. YARACAL', 'parroquia', 141);

-- Parroquias del municipio Mauroa, Falcon
INSERT INTO Lugar (nombre_lugar, tipo_lugar, lug_id_lugar)
VALUES
  ('MENE DE MAUROA', 'parroquia', 142),
  ('CASIGUA', 'parroquia', 142),
  ('SAN FELIX', 'parroquia', 142);

-- Parroquias del municipio Miranda, Falcon
INSERT INTO Lugar (nombre_lugar, tipo_lugar, lug_id_lugar)
VALUES
  ('SAN ANTONIO', 'parroquia', 143),
  ('SAN GABRIEL', 'parroquia', 143),
  ('SANTA ANA', 'parroquia', 143),
  ('GUZMAN GUILLERMO', 'parroquia', 143),
  ('MITARE', 'parroquia', 143),
  ('SABANETA', 'parroquia', 143),
  ('RIO SECO', 'parroquia', 143);

--Parroquia del municipio Palmasola, Falcon
INSERT INTO Lugar (nombre_lugar, tipo_lugar, lug_id_lugar)
VALUES
  ('CM. PALMA SOLA', 'parroquia', 144);

-- Parroquias del municipio Petit, Falcon
INSERT INTO Lugar (nombre_lugar, tipo_lugar, lug_id_lugar)
VALUES
  ('CABURE', 'parroquia', 145),
  ('CURIMAGUA', 'parroquia', 145),
  ('COLINA', 'parroquia', 145);

--Parroquias del municipio Piritu, Falcon
INSERT INTO Lugar (nombre_lugar, tipo_lugar, lug_id_lugar)
VALUES
  ('PIRITU', 'parroquia', 146),
  ('SAN JOSE DE LA COSTA', 'parroquia', 146);

--PArroquia del municipio San Francisco, Falcon
INSERT INTO Lugar (nombre_lugar, tipo_lugar, lug_id_lugar)
VALUES
  ('CM. MIRIMIRE', 'parroquia', 147);

--Parroquias del municipio Sucre, Falcon
INSERT INTO Lugar (nombre_lugar, tipo_lugar, lug_id_lugar)
VALUES
  ('SUCRE', 'parroquia', 148),
  ('PECAYA', 'parroquia', 148);

-- Parroquias del municipio Silva, Falcon
INSERT INTO Lugar (nombre_lugar, tipo_lugar, lug_id_lugar)
VALUES
  ('TUCACAS', 'parroquia', 149),
  ('BOCA DE AROA', 'parroquia', 149);

-- Parroquia del municipio Tocopero, Falcon
INSERT INTO Lugar (nombre_lugar, tipo_lugar, lug_id_lugar)
VALUES
  ('CM. TOCOPERO', 'parroquia', 150);

-- Parroquias del municipio Union
INSERT INTO Lugar (nombre_lugar, tipo_lugar, lug_id_lugar)
VALUES
  ('STA.CRUZ DE BUCARAL', 'parroquia', 151),
  ('EL CHARAL', 'parroquia', 151),
  ('LAS VEGAS DEL TUY', 'parroquia', 151);

--PArroquias del municipio Urumaco, Falcon
INSERT INTO Lugar (nombre_lugar, tipo_lugar, lug_id_lugar)
VALUES
  ('URUMACO', 'parroquia', 152),
  ('BRUZUAL', 'parroquia', 152);

--PArroquias del municipio Zamora, Falcon
INSERT INTO Lugar (nombre_lugar, tipo_lugar, lug_id_lugar)
VALUES
  ('PUERTO CUMAREBO', 'parroquia', 153),
  ('LA CIENAGA', 'parroquia', 153),
  ('LA SOLEDAD', 'parroquia', 153),
  ('PUEBLO CUMAREBO', 'parroquia', 153),
  ('ZAZARIDA', 'parroquia', 153);

--Parroquias del municipio Camaguan, Guarico
INSERT INTO Lugar (nombre_lugar, tipo_lugar, lug_id_lugar)
VALUES
  ('CAMAGUAN', 'parroquia', 154),
  ('PUERTO MIRANDA', 'parroquia', 154),
  ('UVERITO', 'parroquia', 154);

-- Parroquia del municipio Chaguaramas, Guarico
INSERT INTO Lugar (nombre_lugar, tipo_lugar, lug_id_lugar)
VALUES
  ('CHAGUARAMAS', 'parroquia', 155);

--PArroquias del municipio El Socorro, Guarico
INSERT INTO Lugar (nombre_lugar, tipo_lugar, lug_id_lugar)
VALUES
  ('EL SOCORRO', 'parroquia', 156);

-- Parroquias del municipio Frnacisco de Miranda, Guarico
INSERT INTO Lugar (nombre_lugar, tipo_lugar, lug_id_lugar)
VALUES
  ('CALABOZO', 'parroquia', 157),
  ('EL CALVARIO', 'parroquia', 157),
  ('EL RASTRO', 'parroquia', 157),
  ('GUARDATINAJAS', 'parroquia', 157);

-- Parroquias del municipio Jose Felix Ribas, Guarico
INSERT INTO Lugar (nombre_lugar, tipo_lugar, lug_id_lugar)
VALUES
  ('TUCUPIDO', 'parroquia', 158),
  ('SAN RAFAEL DE LAYA', 'parroquia', 158);
  
-- Parroquias del municicpio Jose Tadeo Monagas
INSERT INTO Lugar (nombre_lugar, tipo_lugar, lug_id_lugar)
VALUES
  ('ALTAGRACIA DE ORITUCO', 'parroquia', 161),
  ('LEZAMA', 'parroquia', 161),
  ('LIBERTAD DE ORITUCO', 'parroquia', 161),
  ('SAN FCO DE MACAIRA', 'parroquia', 161),
  ('SAN RAFAEL DE ORITUCO', 'parroquia', 161),
  ('SOUBLETTE', 'parroquia', 161),
  ('PASO REAL DE MACAIRA', 'parroquia', 161);

--Parroquias del municipio Juan Roman Roscio
INSERT INTO Lugar (nombre_lugar, tipo_lugar, lug_id_lugar)
VALUES
  ('SAN JUAN DE LOS MORROS', 'parroquia', 160),
  ('PARAPARA', 'parroquia', 160),
  ('CANTAGALLO', 'parroquia', 160);

--Parroquias del municipio Juan Jose Rondon, Guarico
INSERT INTO Lugar (nombre_lugar, tipo_lugar, lug_id_lugar)
VALUES
  ('LAS MERCEDES', 'parroquia', 161),
  ('STA RITA DE MANAPIRE', 'parroquia', 161),
  ('CABRUTA', 'parroquia', 161);

--Parroquias del municipio Julian Mellado, Guarico
INSERT INTO Lugar (nombre_lugar, tipo_lugar, lug_id_lugar)
VALUES
  ('EL SOMBRERO', 'parroquia', 162),
  ('SOSA', 'parroquia', 162);

--Parroquias del municipio Leonardo Infante, Guarico
INSERT INTO Lugar (nombre_lugar, tipo_lugar, lug_id_lugar)
VALUES
  ('VALLE DE LA PASCUA', 'parroquia', 163),
  ('ESPINO', 'parroquia', 163);

--Parroquias del municipio Ortiz, Guarico
INSERT INTO Lugar (nombre_lugar, tipo_lugar, lug_id_lugar)
VALUES
  ('ORTIZ', 'parroquia', 164),
  ('SAN FCO. DE TIZNADOS', 'parroquia', 164),
  ('SAN JOSE DE TIZNADOS', 'parroquia', 164),
  ('S LORENZO DE TIZNADOS', 'parroquia', 164);

-- Parroquias del municipio San Geronimo de Guayabal, Guarico
INSERT INTO Lugar (nombre_lugar, tipo_lugar, lug_id_lugar)
VALUES
  ('GUAYABAL', 'parroquia', 165),
  ('CAZORLA', 'parroquia', 165);

--Parroquias del municipio San Jose de Guaribe
INSERT INTO Lugar (nombre_lugar, tipo_lugar, lug_id_lugar)
VALUES
  ('SAN JOSE DE GUARIBE', 'parroquia', 166);

-- Parroquias del municipio Santa Maria de Ipire, Guarico
INSERT INTO Lugar (nombre_lugar, tipo_lugar, lug_id_lugar)
VALUES
  ('SANTA MARIA DE IPIRE', 'parroquia', 167),
  ('ALTAMIRA', 'parroquia', 167);

-- Parroquias del municipio Zaraza, Guarico
INSERT INTO Lugar (nombre_lugar, tipo_lugar, lug_id_lugar)
VALUES
  ('ZARAZA', 'parroquia', 168),
  ('SAN JOSE DE UNARE', 'parroquia', 168);

-- Parroquias del municipio Andres Eloy Blanco, Lara
INSERT INTO Lugar (nombre_lugar, tipo_lugar, lug_id_lugar)
VALUES
  ('PIO TAMAYO', 'parroquia', 169),
  ('YACAMBU', 'parroquia', 169),
  ('QBDA. HONDA DE GUACHE', 'parroquia', 169);

-- Parroquias del municipio Crespo, Lara
INSERT INTO Lugar (nombre_lugar, tipo_lugar, lug_id_lugar)
VALUES
  ('FREITEZ', 'parroquia', 170),
  ('JOSE MARIA BLANCO', 'parroquia', 170);

-- Parroquias del municipio Iribarren
INSERT INTO Lugar (nombre_lugar, tipo_lugar, lug_id_lugar)
VALUES
  ('CATEDRAL', 'parroquia', 171),
  ('LA CONCEPCION', 'parroquia', 171),
  ('SANTA ROSA', 'parroquia', 171),
  ('UNION', 'parroquia', 171),
  ('EL CUJI', 'parroquia', 171),
  ('TAMACA', 'parroquia', 171),
  ('JUAN DE VILLEGAS', 'parroquia', 171),
  ('AGUEDO F. ALVARADO', 'parroquia', 171),
  ('BUENA VISTA', 'parroquia', 171),
  ('JUAREZ', 'parroquia', 171);

-- Parroquias del municipio Jimenez, Lara
INSERT INTO Lugar (nombre_lugar, tipo_lugar, lug_id_lugar)
VALUES
  ('JUAN B RODRIGUEZ', 'parroquia', 172),
  ('DIEGO DE LOZADA', 'parroquia', 172),
  ('SAN MIGUEL', 'parroquia', 172),
  ('CUARA', 'parroquia', 172),
  ('PARAISO DE SAN JOSE', 'parroquia', 172),
  ('TINTORERO', 'parroquia', 172),
  ('JOSE BERNARDO DORANTE', 'parroquia', 172),
  ('CRNEL. MARIANO PERAZA', 'parroquia', 172);

-- Parroquias del municipio Moran, Lara
INSERT INTO Lugar (nombre_lugar, tipo_lugar, lug_id_lugar)
VALUES
  ('BOLIVAR', 'parroquia', 173),
  ('ANZOATEGUI', 'parroquia', 173),
  ('GUARICO', 'parroquia', 173),
  ('HUMOCARO ALTO', 'parroquia', 173),
  ('HUMOCARO BAJO', 'parroquia', 173),
  ('MORAN', 'parroquia', 173),
  ('HILARIO LUNA Y LUNA', 'parroquia', 173),
  ('LA CANDELARIA', 'parroquia', 173);

-- Parroquias del municipio Palavecino, Lara
INSERT INTO Lugar (nombre_lugar, tipo_lugar, lug_id_lugar)
VALUES
  ('CABUDARE', 'parroquia', 174),
  ('JOSE G. BASTIDAS', 'parroquia', 174),
  ('AGUA VIVA', 'parroquia', 174);

-- Parroquias del municipio Simon Planas, Lara
INSERT INTO Lugar (nombre_lugar, tipo_lugar, lug_id_lugar)
VALUES
  ('SARARE', 'parroquia', 175),
  ('GUSTAVO VEGAS LEON', 'parroquia', 175),
  ('BURIA', 'parroquia', 175);

-- Parroquias del municipio Torres, Lara
INSERT INTO Lugar (nombre_lugar, tipo_lugar, lug_id_lugar)
VALUES
  ('TRINIDAD SAMUEL', 'parroquia', 176),
  ('ANTONIO DIAZ', 'parroquia', 176),
  ('CAMACARO', 'parroquia', 176),
  ('CASTAÑEDA', 'parroquia', 176),
  ('CHIQUINQUIRA', 'parroquia', 176),
  ('ESPINOZA LOS MONTEROS', 'parroquia', 176),
  ('LARA', 'parroquia', 176),
  ('MANUEL MORILLO', 'parroquia', 176),
  ('MONTES DE OCA', 'parroquia', 176),
  ('TORRES', 'parroquia', 176),
  ('EL BLANCO', 'parroquia', 176),
  ('MONTA A VERDE', 'parroquia', 176),
  ('HERIBERTO ARROYO', 'parroquia', 176),
  ('LAS MERCEDES', 'parroquia', 176),
  ('CECILIO ZUBILLAGA', 'parroquia', 176),
  ('REYES VARGAS', 'parroquia', 176),
  ('ALTAGRACIA', 'parroquia', 176);

-- Parroquias del municipio Urdaneta, Lara
INSERT INTO Lugar (nombre_lugar, tipo_lugar, lug_id_lugar)
VALUES
  ('SIQUISIQUE', 'parroquia', 177),
  ('SAN MIGUEL', 'parroquia', 177),
  ('XAGUAS', 'parroquia', 177),
  ('MOROTURO', 'parroquia', 177);

-- Parroquias del municipio Vargas, La Guaira
INSERT INTO Lugar (nombre_lugar, tipo_lugar, lug_id_lugar)
VALUES
  ('CARABALLEDA', 'parroquia', 178),
  ('CARAYACA', 'parroquia', 178),
  ('CARUAO', 'parroquia', 178),
  ('CATIA LA MAR', 'parroquia', 178),
  ('LA GUAIRA', 'parroquia', 178),
  ('MACUTO', 'parroquia', 178),
  ('MAIQUETIA', 'parroquia', 178),
  ('NAIGUATA', 'parroquia', 178),
  ('EL JUNKO', 'parroquia', 178),
  ('PQ RAUL LEONI', 'parroquia', 178),
  ('PQ CARLOS SOUBLETTE', 'parroquia', 178);

-- Parroquias del municipio Alberto Adriani, Merida
INSERT INTO Lugar (nombre_lugar, tipo_lugar, lug_id_lugar)
VALUES
  ('GABRIEL PICON G.', 'parroquia', 179),
  ('HECTOR AMABLE MORA', 'parroquia', 179),
  ('JOSE NUCETE SARDI', 'parroquia', 179),
  ('PULIDO MENDEZ', 'parroquia', 179),
  ('PTE. ROMULO GALLEGOS', 'parroquia', 179),
  ('PRESIDENTE BETANCOURT', 'parroquia', 179),
  ('PRESIDENTE PAEZ', 'parroquia', 179);

-- Parroquia del municipio Andres Bello, Merida
INSERT INTO Lugar (nombre_lugar, tipo_lugar, lug_id_lugar)
VALUES
  ('CM. LA AZULITA', 'parroquia', 180);

-- Parroquias del municipio Antonio pinto Salinas, Merida
INSERT INTO Lugar (nombre_lugar, tipo_lugar, lug_id_lugar)
VALUES
  ('CM. STA CRUZ DE MORA', 'parroquia', 181),
  ('MESA BOLIVAR', 'parroquia', 181),
  ('MESA DE LAS PALMAS', 'parroquia', 181);

-- Parroquias del municipio Aricagua, Merida
INSERT INTO Lugar (nombre_lugar, tipo_lugar, lug_id_lugar)
VALUES
  ('CM. ARICAGUA', 'parroquia', 182),
  ('SAN ANTONIO', 'parroquia', 182);

-- Parroquias del municipio Arzobispo Chacon, Merida
INSERT INTO Lugar (nombre_lugar, tipo_lugar, lug_id_lugar)
VALUES
  ('CM. CANAGUA', 'parroquia', 183),
  ('CAPURI', 'parroquia', 183),
  ('CHACANTA', 'parroquia', 183),
  ('EL MOLINO', 'parroquia', 183),
  ('GUAIMARAL', 'parroquia', 183),
  ('MUCUTUY', 'parroquia', 183),
  ('MUCUCHACHI', 'parroquia', 183);

-- Parroquias del municipio Campo Elias, Merida
INSERT INTO Lugar (nombre_lugar, tipo_lugar, lug_id_lugar)
VALUES
  ('ACEQUIAS', 'parroquia', 184),
  ('JAJI', 'parroquia', 184),
  ('LA MESA', 'parroquia', 184),
  ('SAN JOSE', 'parroquia', 184),
  ('MONTALBAN', 'parroquia', 184),
  ('MATRIZ', 'parroquia', 184),
  ('FERNANDEZ PEÑA', 'parroquia', 184);

-- Parroquias del municipio Caracciolo Parra Olmedo, Merida
INSERT INTO Lugar (nombre_lugar, tipo_lugar, lug_id_lugar)
VALUES
  ('CM. TUCANI', 'parroquia', 185),
  ('FLORENCIO RAMIREZ', 'parroquia', 185);

-- Parroquias del municipio Cardenal Quintero, Merida
INSERT INTO Lugar (nombre_lugar, tipo_lugar, lug_id_lugar)
VALUES
  ('CM. SANTO DOMINGO', 'parroquia', 186),
  ('LAS PIEDRAS', 'parroquia', 186);

-- Parroquias del municipio Guaraque, Merida
INSERT INTO Lugar (nombre_lugar, tipo_lugar, lug_id_lugar)
VALUES
  ('CM. GUARAQUE', 'parroquia', 187),
  ('MESA DE QUINTERO', 'parroquia', 187),
  ('RIO NEGRO', 'parroquia', 187);


-- Parroquias del municipio Julio Cesar Salas
INSERT INTO Lugar (nombre_lugar, tipo_lugar, lug_id_lugar)
VALUES
  ('CM. ARAPUEY', 'parroquia', 188),
  ('PALMIRA', 'parroquia', 188);

-- Parroquias del municipio Justo Briceño, Merida
INSERT INTO Lugar (nombre_lugar, tipo_lugar, lug_id_lugar)
VALUES
  ('CM. TORONDOY', 'parroquia', 189),
  ('SAN CRISTOBAL DE T', 'parroquia', 189);

-- Parroquias del municipio Libertador, Merida
INSERT INTO Lugar (nombre_lugar, tipo_lugar, lug_id_lugar)
VALUES
  ('ARIAS', 'parroquia', 190),
  ('SAGRARIO', 'parroquia', 190),
  ('MILLA', 'parroquia', 190),
  ('EL LLANO', 'parroquia', 190),
  ('JUAN RODRIGUEZ SUAREZ', 'parroquia', 190),
  ('JACINTO PLAZA', 'parroquia', 190),
  ('DOMINGO PEÑA', 'parroquia', 190),
  ('GONZALO PICON FEBRES', 'parroquia', 190),
  ('OSUNA RODRIGUEZ', 'parroquia', 190),
  ('LASSO DE LA VEGA', 'parroquia', 190),
  ('CARACCIOLO PARRA P', 'parroquia', 190),
  ('MARIANO PICON SALAS', 'parroquia', 190),
  ('ANTONIO SPINETTI DINI', 'parroquia', 190),
  ('EL MORRO', 'parroquia', 190),
  ('LOS NEVADOS', 'parroquia', 190);

--Parroquias del municipio Miranda, Merida
INSERT INTO Lugar (nombre_lugar, tipo_lugar, lug_id_lugar)
VALUES
  ('CM. TIMOTES', 'parroquia', 191),
  ('ANDRES ELOY BLANCO', 'parroquia', 191),
  ('PIÑANGO', 'parroquia', 191),
  ('LA VENTA', 'parroquia', 191);

-- Parroquias del municipio Obispo Ramos de Lora, Merida
INSERT INTO Lugar (nombre_lugar, tipo_lugar, lug_id_lugar)
VALUES
  ('CM. STA ELENA DE ARENALES', 'parroquia', 192),
  ('ELOY PAREDES', 'parroquia', 192),
  ('PQ R DE ALCAZAR', 'parroquia', 192);

-- Parroquias del municipio Padre Noguera, MErida
INSERT INTO Lugar (nombre_lugar, tipo_lugar, lug_id_lugar)
VALUES
  ('CM. STA MARIA DE CAPARO', 'parroquia', 193);

-- PArroquia del municipio Pueblo Llano, Merida
INSERT INTO Lugar (nombre_lugar, tipo_lugar, lug_id_lugar)
VALUES
  ('CM. PUEBLO LLANO', 'parroquia', 194);

-- Parroquias del municipio Rangel, Merida
INSERT INTO Lugar (nombre_lugar, tipo_lugar, lug_id_lugar)
VALUES
  ('CM. MUCUCHIES', 'parroquia', 195),
  ('MUCURUBA', 'parroquia', 195),
  ('SAN RAFAEL', 'parroquia', 195),
  ('CACUTE', 'parroquia', 195),
  ('LA TOMA', 'parroquia', 195);

-- Parroquias del municipio Rivas Davila, Merida
INSERT INTO Lugar (nombre_lugar, tipo_lugar, lug_id_lugar)
VALUES
  ('CM. BAILADORES', 'parroquia', 196),
  ('GERONIMO MALDONADO', 'parroquia', 196);

-- PArroquias del municipio Santos MArquina, MErida
INSERT INTO Lugar (nombre_lugar, tipo_lugar, lug_id_lugar)
VALUES
  ('CM. TABAY', 'parroquia', 197);

-- Parroquias del municipio Sucre, Merida
INSERT INTO Lugar (nombre_lugar, tipo_lugar, lug_id_lugar)
VALUES
  ('CM. LAGUNILLAS', 'parroquia', 198),
  ('CHIGUARA', 'parroquia', 198),
  ('ESTANQUES', 'parroquia', 198),
  ('SAN JUAN', 'parroquia', 198),
  ('PUEBLO NUEVO DEL SUR', 'parroquia', 198),
  ('LA TRAMPA', 'parroquia', 198);

-- PArroquias del municipio Tovar, Merida
INSERT INTO Lugar (nombre_lugar, tipo_lugar, lug_id_lugar)
VALUES
  ('EL LLANO', 'parroquia', 199),
  ('TOVAR', 'parroquia', 199),
  ('EL AMPARO', 'parroquia', 199),
  ('SAN FRANCISCO', 'parroquia', 199);

-- Parroquias del municipio Tulio Febres Cordero, Merida
INSERT INTO Lugar (nombre_lugar, tipo_lugar, lug_id_lugar)
VALUES
  ('CM. NUEVA BOLIVIA', 'parroquia', 200),
  ('INDEPENDENCIA', 'parroquia', 200),
  ('MARIA C PALACIOS', 'parroquia', 200),
  ('SANTA APOLONIA', 'parroquia', 200);

-- Parroquias del municipio Zea, Merida
INSERT INTO Lugar (nombre_lugar, tipo_lugar, lug_id_lugar)
VALUES
  ('CM. ZEA', 'parroquia', 201),
  ('CAÑO EL TIGRE', 'parroquia', 201);

-- PArroquias del municipio Acevedo, Miranda
INSERT INTO Lugar (nombre_lugar, tipo_lugar, lug_id_lugar)
VALUES
  ('CAUCAGUA', 'parroquia', 202),
  ('ARAGUITA', 'parroquia', 202),
  ('AREVALO GONZALEZ', 'parroquia', 202),
  ('CAPAYA', 'parroquia', 202),
  ('PANAQUIRE', 'parroquia', 202),
  ('RIBAS', 'parroquia', 202),
  ('EL CAFE', 'parroquia', 202),
  ('MARIZAPA', 'parroquia', 202);

-- Parroquias del municipio Andres BEllo, Miranda
INSERT INTO Lugar (nombre_lugar, tipo_lugar, lug_id_lugar)
VALUES
  ('SAN JOSE DE BARLOVENTO', 'parroquia', 203),
  ('CUMBO', 'parroquia', 203);

-- PArroquias del municipio Baruta, Miranda
INSERT INTO Lugar (nombre_lugar, tipo_lugar, lug_id_lugar)
VALUES
  ('BARUTA', 'parroquia', 204),
  ('EL CAFETAL', 'parroquia', 204),
  ('LAS MINAS DE BARUTA', 'parroquia', 204);

-- Parroquias del municipio Bolivar, Miranda
INSERT INTO Lugar (nombre_lugar, tipo_lugar, lug_id_lugar)
VALUES
  ('SAN FCO DE YARE', 'parroquia', 205),
  ('S ANTONIO DE YARE', 'parroquia', 205);

-- Parroquias del municipio Brion, Miranda
INSERT INTO Lugar (nombre_lugar, tipo_lugar, lug_id_lugar)
VALUES
  ('HIGUEROTE', 'parroquia', 206),
  ('CURIEPE', 'parroquia', 206),
  ('TACARIGUA', 'parroquia', 206);

-- PArroquia del municipio Buroz, Miranda
INSERT INTO Lugar (nombre_lugar, tipo_lugar, lug_id_lugar)
VALUES
  ('MAMPORAL', 'parroquia', 207);

-- Parroquia del municipio Carrizal, Miranda
INSERT INTO Lugar (nombre_lugar, tipo_lugar, lug_id_lugar)
VALUES
  ('CARRIZAL', 'parroquia', 208);

-- Parroquia del municipio Chacao, Miranda
INSERT INTO Lugar (nombre_lugar, tipo_lugar, lug_id_lugar)
VALUES
  ('CHACAO', 'parroquia', 209);

-- Parroquias del municipio Cristobal Rojas, Miranda
INSERT INTO Lugar (nombre_lugar, tipo_lugar, lug_id_lugar)
VALUES
  ('CHARALLAVE', 'parroquia', 210),
  ('LAS BRISAS', 'parroquia', 210);

-- Parroquia del municipio El Hatillo
INSERT INTO Lugar (nombre_lugar, tipo_lugar, lug_id_lugar)
VALUES
  ('EL HATILLO', 'parroquia', 211);

-- Parroquias del municipio Guaicaipuro, Miranda
INSERT INTO Lugar (nombre_lugar, tipo_lugar, lug_id_lugar)
VALUES
  ('LOS TEQUES', 'parroquia', 212),
  ('CECILIO ACOSTA', 'parroquia', 212),
  ('PARACOTOS', 'parroquia', 212),
  ('SAN PEDRO', 'parroquia', 212),
  ('TACATA', 'parroquia', 212),
  ('EL JARILLO', 'parroquia', 212),
  ('ALTAGRACIA DE LA M', 'parroquia', 212);

-- PArroquias del municipio Gual, Miranda
INSERT INTO Lugar (nombre_lugar, tipo_lugar, lug_id_lugar)
VALUES
  ('CUPIRA', 'parroquia', 213),
  ('MACHURUCUTO', 'parroquia', 213);

-- Parroquias del municipio Independencia, Miranda
INSERT INTO Lugar (nombre_lugar, tipo_lugar, lug_id_lugar)
VALUES
  ('STA TERESA DEL TUY', 'parroquia', 214),
  ('EL CARTANAL', 'parroquia', 214);

-- Parroquias del municipio Lander, Miranda
INSERT INTO Lugar (nombre_lugar, tipo_lugar, lug_id_lugar)
VALUES
  ('OCUMARE DEL TUY', 'parroquia', 215),
  ('LA DEMOCRACIA', 'parroquia', 215),
  ('SANTA BARBARA', 'parroquia', 215);

-- Parroquia del municipio Los Salias, Miranda
INSERT INTO Lugar (nombre_lugar, tipo_lugar, lug_id_lugar)
VALUES
  ('SAN ANTONIO LOS ALTOS', 'parroquia', 216);

-- Parroquias del municipio Paez, Miranda
INSERT INTO Lugar (nombre_lugar, tipo_lugar, lug_id_lugar)
VALUES
  ('RIO CHICO', 'parroquia', 217),
  ('EL GUAPO', 'parroquia', 217),
  ('TACARIGUA DE LA LAGUNA', 'parroquia', 217),
  ('PAPARO', 'parroquia', 217),
  ('SN FERNANDO DEL GUAPO', 'parroquia', 217);

-- Parroquia del municipio Paz Castillo, Miranda
INSERT INTO Lugar (nombre_lugar, tipo_lugar, lug_id_lugar)
VALUES
  ('SANTA LUCIA', 'parroquia', 218);

-- PArroquia del municipio Plaza, Miranda
INSERT INTO Lugar (nombre_lugar, tipo_lugar, lug_id_lugar)
VALUES
  ('GUARENAS', 'parroquia', 219);

-- PArroquias del municipio Sucre, Miranda
INSERT INTO Lugar (nombre_lugar, tipo_lugar, lug_id_lugar)
VALUES
  ('PETARE', 'parroquia', 220),
  ('LEONCIO MARTINEZ', 'parroquia', 220),
  ('CAUCAGUITA', 'parroquia', 220),
  ('FILAS DE MARICHES', 'parroquia', 220),
  ('LA DOLORITA', 'parroquia', 220);

-- Parroquias del municipio Urdaneta, Miranda
INSERT INTO Lugar (nombre_lugar, tipo_lugar, lug_id_lugar)
VALUES
  ('CUA', 'parroquia', 221),
  ('NUEVA CUA', 'parroquia', 221);

-- Parroquias del municipio Zamora, Miranda
INSERT INTO Lugar (nombre_lugar, tipo_lugar, lug_id_lugar)
VALUES
  ('GUATIRE', 'parroquia', 222),
  ('ARAIRA', 'parroquia', 222);

-- Parroquias del municipio Acosta, Monagas
INSERT INTO Lugar (nombre_lugar, tipo_lugar, lug_id_lugar)
VALUES
  ('CM. SAN ANTONIO', 'parroquia', 223),
  ('SAN FRANCISCO', 'parroquia', 223);

-- Parroquia del municipio Aguasay
INSERT INTO Lugar (nombre_lugar, tipo_lugar, lug_id_lugar)
VALUES
  ('CM. AGUASAY', 'parroquia', 224);

-- Parroquia del municipio Bolivar, Monagas
INSERT INTO Lugar (nombre_lugar, tipo_lugar, lug_id_lugar)
VALUES
  ('CM. CARIPITO', 'parroquia', 225);

--PArroquias del municipio Caripe, Monagas
INSERT INTO Lugar (nombre_lugar, tipo_lugar, lug_id_lugar)
VALUES
  ('CM. CARIPE', 'parroquia', 226),
  ('TERESEN', 'parroquia', 226),
  ('EL GUACHARO', 'parroquia', 226),
  ('SAN AGUSTIN', 'parroquia', 226),
  ('LA GUANOTA', 'parroquia', 226),
  ('SABANA DE PIEDRA', 'parroquia', 226);

-- Parroquias del municipio Cedeño, Monagas
INSERT INTO Lugar (nombre_lugar, tipo_lugar, lug_id_lugar)
VALUES
  ('CM. CAICARA', 'parroquia', 227),
  ('AREO', 'parroquia', 227),
  ('SAN FELIX', 'parroquia', 227),
  ('VIENTO FRESCO', 'parroquia', 227);

-- Parroquias del municipio Libertador, Monagas
INSERT INTO Lugar (nombre_lugar, tipo_lugar, lug_id_lugar)
VALUES
  ('CM. TEMBLADOR', 'parroquia', 228),
  ('TABASCA', 'parroquia', 228),
  ('LAS ALHUACAS', 'parroquia', 228),
  ('CHAGUARAMAS', 'parroquia', 228);

-- Parroquias del municipio MAturin, Monagas
INSERT INTO Lugar (nombre_lugar, tipo_lugar, lug_id_lugar)
VALUES
  ('EL FURRIAL', 'parroquia', 229),
  ('JUSEPIN', 'parroquia', 229),
  ('EL COROZO', 'parroquia', 229),
  ('SAN VICENTE', 'parroquia', 229),
  ('LA PICA', 'parroquia', 229),
  ('ALTO DE LOS GODOS', 'parroquia', 229),
  ('BOQUERON', 'parroquia', 229),
  ('LAS COCUIZAS', 'parroquia', 229),
  ('SANTA CRUZ', 'parroquia', 229),
  ('SAN SIMON', 'parroquia', 229);

-- Parroquias del municipio Piar
INSERT INTO Lugar (nombre_lugar, tipo_lugar, lug_id_lugar)
VALUES
  ('CM. ARAGUA', 'parroquia', 230),
  ('CHAGUARAMAL', 'parroquia', 230),
  ('GUANAGUANA', 'parroquia', 230),
  ('APARICIO', 'parroquia', 230),
  ('TAGUAYA', 'parroquia', 230),
  ('EL PINTO', 'parroquia', 230),
  ('LA TOSCANA', 'parroquia', 230);

-- Parroquias del municipio Punceres, Monagas
INSERT INTO Lugar (nombre_lugar, tipo_lugar, lug_id_lugar)
VALUES
  ('CM. QUIRIQUIRE', 'parroquia', 231),
  ('CACHIPO', 'parroquia', 231);

-- Parroquias del municipio Santa Barbara, Monagas
INSERT INTO Lugar (nombre_lugar, tipo_lugar, lug_id_lugar)
VALUES
  ('MORON', 'parroquia', 232),
  ('CM. SANTA BARBARA', 'parroquia', 232);

-- Parroquias del municipio Sotillo, Monagas
INSERT INTO Lugar (nombre_lugar, tipo_lugar, lug_id_lugar)
VALUES
  ('CM. BARRANCAS', 'parroquia', 233),
  ('LOS BARRANCOS DE FAJARDO', 'parroquia', 233);

-- Parroquias del municipio Uracoa, Monagas
INSERT INTO Lugar (nombre_lugar, tipo_lugar, lug_id_lugar)
VALUES
  ('CM. URACOA', 'parroquia', 234);

-- Parroquias del municipio Zamora, Monagas
INSERT INTO Lugar (nombre_lugar, tipo_lugar, lug_id_lugar)
VALUES
  ('CM. PUNTA DE MATA', 'parroquia', 235),
  ('EL TEJERO', 'parroquia', 235);

-- Parroquia del municipio Antolin del CAmpo, Nueva esparta
INSERT INTO Lugar (nombre_lugar, tipo_lugar, lug_id_lugar)
VALUES
  ('ANTOLIN DEL CAMPO', 'parroquia', 236),
  ('CM.LA PLAZA DE PARAGUACHI', 'parroquia', 236);

-- Parroquias del municipio Antonio Diaz, Nueva Esparta
INSERT INTO Lugar (nombre_lugar, tipo_lugar, lug_id_lugar)
VALUES
  ('CM. SAN JUAN BAUTISTA', 'parroquia', 237),
  ('ZABALA', 'parroquia', 237);

-- Parroquia del muncicipio Arismendi, Nueva Esparta
INSERT INTO Lugar (nombre_lugar, tipo_lugar, lug_id_lugar)
VALUES
  ('ARISMENDI', 'parroquia', 238),
  ('CM. LA ASUNCION', 'parroquia', 238);

-- PArroquias del municipio GArcia, Nueva Esparta
INSERT INTO Lugar (nombre_lugar, tipo_lugar, lug_id_lugar)
VALUES
  ('CM. VALLE ESP SANTO', 'parroquia', 239),
  ('FRANCISCO FAJARDO', 'parroquia', 239);

-- Parroquias del municipio Gomez, Nueva Esparta
INSERT INTO Lugar (nombre_lugar, tipo_lugar, lug_id_lugar)
VALUES
  ('CM. SANTA ANA', 'parroquia', 240),
  ('GUEVARA', 'parroquia', 240),
  ('MATASIETE', 'parroquia', 240),
  ('BOLIVAR', 'parroquia', 240),
  ('SUCRE', 'parroquia', 240);

-- Parroquias del municipio Macanao, Nueva Esparta
INSERT INTO Lugar (nombre_lugar, tipo_lugar, lug_id_lugar)
VALUES
  ('CM. BOCA DEL RIO', 'parroquia', 241),
  ('SAN FRANCISCO', 'parroquia', 241);

-- Parroquias del municipio MAneiro, Nueva Esparta
INSERT INTO Lugar (nombre_lugar, tipo_lugar, lug_id_lugar)
VALUES
  ('CM. PAMPATAR', 'parroquia', 242),
  ('AGUIRRE', 'parroquia', 242);

-- PArroquia del municipio Marcano, Nueva Esparta
INSERT INTO Lugar (nombre_lugar, tipo_lugar, lug_id_lugar)
VALUES
  ('CM. JUAN GRIEGO', 'parroquia', 243),
  ('ADRIAN', 'parroquia', 243);

-- Parroquias del municipio Mariño, Nueva Esparta
INSERT INTO Lugar (nombre_lugar, tipo_lugar, lug_id_lugar)
VALUES
  ('MARIÑO', 'parroquia', 244),
  ('CM. PORLAMAR', 'parroquia', 244);

-- Parroquias del municipio Tubores, Nueva Esparta
INSERT INTO Lugar (nombre_lugar, tipo_lugar, lug_id_lugar)
VALUES
  ('CM. PUNTA DE PIEDRAS', 'parroquia', 245),
  ('LOS BARALES', 'parroquia', 245);

-- Parroquias del municipio Villalba, Nueva Esparta
INSERT INTO Lugar (nombre_lugar, tipo_lugar, lug_id_lugar)
VALUES
  ('CM. SAN PEDRO DE COCHE', 'parroquia', 246),
  ('VICENTE FUENTES', 'parroquia', 246);

-- Parroquia del municipio Agua Blanca, Portuguesa
INSERT INTO Lugar (nombre_lugar, tipo_lugar, lug_id_lugar)
VALUES
  ('CM. AGUA BLANCA', 'parroquia', 247);

-- Parroquias del municipio Araure, Portuguesa
INSERT INTO Lugar (nombre_lugar, tipo_lugar, lug_id_lugar)
VALUES
  ('CM. ARAURE', 'parroquia', 248),
  ('RIO ACARIGUA', 'parroquia', 248);

-- Parroquias del municipio Esteller, Portuguesa
INSERT INTO Lugar (nombre_lugar, tipo_lugar, lug_id_lugar)
VALUES
  ('CM. PIRITU', 'parroquia', 249),
  ('UVERAL', 'parroquia', 249);

-- Parroquias del municipio Guanare, Portuguesa
INSERT INTO Lugar (nombre_lugar, tipo_lugar, lug_id_lugar)
VALUES
  ('CM. GUANARE', 'parroquia', 250),
  ('CORDOBA', 'parroquia', 250),
  ('SAN JUAN GUANAGUANARE', 'parroquia', 250),
  ('VIRGEN DE LA COROMOTO', 'parroquia', 250),
  ('SAN JOSE DE LA MONTAÑA', 'parroquia', 250);

-- Parroquias del municipio Guanarito, Portuguesa
INSERT INTO Lugar (nombre_lugar, tipo_lugar, lug_id_lugar)
VALUES
  ('CM. GUANARITO', 'parroquia', 251),
  ('TRINIDAD DE LA CAPILLA', 'parroquia', 251),
  ('DIVINA PASTORA', 'parroquia', 251);

-- Parroquias del municipio Jose Vicente de Unda, Portuguesa
INSERT INTO Lugar (nombre_lugar, tipo_lugar, lug_id_lugar)
VALUES
  ('CM. CHABASQUEN', 'parroquia', 252),
  ('PEÑA BLANCA', 'parroquia', 252);

-- Parroquias del municipio OSpino, Portuguesa
INSERT INTO Lugar (nombre_lugar, tipo_lugar, lug_id_lugar)
VALUES
  ('CM. OSPINO', 'parroquia', 253),
  ('APARICION', 'parroquia', 253),
  ('LA ESTACION', 'parroquia', 253);

-- Parroquias del municipio Paez, Portuguesa
INSERT INTO Lugar (nombre_lugar, tipo_lugar, lug_id_lugar)
VALUES
  ('CM. ACARIGUA', 'parroquia', 254),
  ('PAYARA', 'parroquia', 254),
  ('PIMPINELA', 'parroquia', 254),
  ('RAMON PERAZA', 'parroquia', 254);

-- Parroquias del municipio Papelon, Portuguesa
INSERT INTO Lugar (nombre_lugar, tipo_lugar, lug_id_lugar)
VALUES
  ('CM. PAPELON', 'parroquia', 255),
  ('CAÑO DELGADITO', 'parroquia', 255);

-- Parroquias del municipio San Genaro de Boconoito, Portuguesa
INSERT INTO Lugar (nombre_lugar, tipo_lugar, lug_id_lugar)
VALUES
  ('CM. BOCONOITO', 'parroquia', 256),
  ('ANTOLIN TOVAR AQUINO', 'parroquia', 256);

-- Parroquias del municipio San Rafael de Onoto, Portuguesa
INSERT INTO Lugar (nombre_lugar, tipo_lugar, lug_id_lugar)
VALUES
  ('CM. SAN RAFAEL DE ONOTO', 'parroquia', 257),
  ('SANTA FE', 'parroquia', 257),
  ('THERMO MORLES', 'parroquia', 257);

-- Parroquias del municipio Santa Rosalia, Portuguesa
INSERT INTO Lugar (nombre_lugar, tipo_lugar, lug_id_lugar)
VALUES
  ('CM. EL PLAYON', 'parroquia', 258),
  ('FLORIDA', 'parroquia', 258);

-- Parroquias del municipio Sucre, Portuguesa
INSERT INTO Lugar (nombre_lugar, tipo_lugar, lug_id_lugar)
VALUES
  ('CM. BISCUCUY', 'parroquia', 259),
  ('CONCEPCION', 'parroquia', 259),
  ('SAN RAFAEL PALO ALZADO', 'parroquia', 259),
  ('UVENCIO A VELASQUEZ', 'parroquia', 259),
  ('SAN JOSE DE SAGUAZ', 'parroquia', 259),
  ('VILLA ROSA', 'parroquia', 259);

-- PArroquias del municipio Turen, Portuguesa
INSERT INTO Lugar (nombre_lugar, tipo_lugar, lug_id_lugar)
VALUES
  ('CM. VILLA BRUZUAL', 'parroquia', 260),
  ('CANELONES', 'parroquia', 260),
  ('SANTA CRUZ', 'parroquia', 260),
  ('SAN ISIDRO LABRADOR', 'parroquia', 260);

-- Parroquias del municipio Andres Eloy Blanco, Sucre
INSERT INTO Lugar (nombre_lugar, tipo_lugar, lug_id_lugar)
VALUES
  ('MARIÑO', 'parroquia', 261),
  ('ROMULO GALLEGOS', 'parroquia', 261);

-- Parroquias del municipio Andres Mata, Sucre
INSERT INTO Lugar (nombre_lugar, tipo_lugar, lug_id_lugar)
VALUES
  ('SAN JOSE DE AREOCUAR', 'parroquia', 262),
  ('TAVERA ACOSTA', 'parroquia', 262);

-- Parroquias del municipio Arismendi, Sucre
INSERT INTO Lugar (nombre_lugar, tipo_lugar, lug_id_lugar)
VALUES
  ('RIO CARIBE', 'parroquia', 263),
  ('SAN JUAN GALDONAS', 'parroquia', 263),
  ('PUERTO SANTO', 'parroquia', 263),
  ('EL MORRO DE PTO SANTO', 'parroquia', 263),
  ('ANTONIO JOSE DE SUCRE', 'parroquia', 263);

-- Parroquias del municipio Benitez, Sucre
INSERT INTO Lugar (nombre_lugar, tipo_lugar, lug_id_lugar)
VALUES
  ('EL PILAR', 'parroquia', 264),
  ('EL RINCON', 'parroquia', 264),
  ('GUARAUNOS', 'parroquia', 264),
  ('TUNAPUICITO', 'parroquia', 264),
  ('UNION', 'parroquia', 264),
  ('GRAL FCO. A VASQUEZ', 'parroquia', 264);

-- Parroquiasd el municipio Bermudez, Sucre
INSERT INTO Lugar (nombre_lugar, tipo_lugar, lug_id_lugar)
VALUES
  ('SANTA CATALINA', 'parroquia', 265),
  ('SANTA ROSA', 'parroquia', 265),
  ('SANTA TERESA', 'parroquia', 265),
  ('BOLIVAR', 'parroquia', 265),
  ('MACARAPANA', 'parroquia', 265);

-- Parroquias del municipio Bolivar, Sucre
INSERT INTO Lugar (nombre_lugar, tipo_lugar, lug_id_lugar)
VALUES
  ('CM. MARIGUITAR', 'parroquia', 266);

-- Parroquias del municipio Cajigal, Sucre
INSERT INTO Lugar (nombre_lugar, tipo_lugar, lug_id_lugar)
VALUES
  ('YAGUARAPARO', 'parroquia', 267),
  ('LIBERTAD', 'parroquia', 267),
  ('PAUJIL', 'parroquia', 267);

-- PArroquias del municipio Cruz Salmeron Acosta, Sucre
INSERT INTO Lugar (nombre_lugar, tipo_lugar, lug_id_lugar)
VALUES
  ('ARAYA', 'parroquia', 268),
  ('MANICUARE', 'parroquia', 268),
  ('CHACOPATA', 'parroquia', 268);

-- Parroquias del municipio Libertador
INSERT INTO Lugar (nombre_lugar, tipo_lugar, lug_id_lugar)
VALUES
  ('TUNAPUY', 'parroquia', 269),
  ('CAMPO ELIAS', 'parroquia', 269);

-- Parroquias del municipio Mariño, Sucre
INSERT INTO Lugar (nombre_lugar, tipo_lugar, lug_id_lugar)
VALUES
  ('IRAPA', 'parroquia', 270),
  ('CAMPO CLARO', 'parroquia', 270),
  ('SORO', 'parroquia', 270),
  ('SAN ANTONIO DE IRAPA', 'parroquia', 270),
  ('MARABAL', 'parroquia', 270);

-- Parroqui del municipio Mejia, Sucre
INSERT INTO Lugar (nombre_lugar, tipo_lugar, lug_id_lugar)
VALUES
  ('CM. SAN ANT DEL GOLFO', 'parroquia', 271);

-- Parroquias del municipio Montes, Sucre
INSERT INTO Lugar (nombre_lugar, tipo_lugar, lug_id_lugar)
VALUES
  ('CUMANACOA', 'parroquia', 272),
  ('ARENAS', 'parroquia', 272),
  ('ARICAGUA', 'parroquia', 272),
  ('COCOLLAR', 'parroquia', 272),
  ('SAN FERNANDO', 'parroquia', 272),
  ('SAN LORENZO', 'parroquia', 272);

-- Parroquias del municipio Ribero, Sucre
INSERT INTO Lugar (nombre_lugar, tipo_lugar, lug_id_lugar)
VALUES
  ('CARIACO', 'parroquia', 273),
  ('CATUARO', 'parroquia', 273),
  ('RENDON', 'parroquia', 273),
  ('SANTA CRUZ', 'parroquia', 273),
  ('SANTA MARIA', 'parroquia', 273);

-- Parroquias del municipio Sucre, Sucre
INSERT INTO Lugar (nombre_lugar, tipo_lugar, lug_id_lugar)
VALUES
  ('ALTAGRACIA', 'parroquia', 274),
  ('AYACUCHO', 'parroquia', 274),
  ('SANTA INES', 'parroquia', 274),
  ('VALENTIN VALIENTE', 'parroquia', 274),
  ('SAN JUAN', 'parroquia', 274),
  ('GRAN MARISCAL', 'parroquia', 274),
  ('RAUL LEONI', 'parroquia', 274);

-- Parroquias del municipio Valdez
INSERT INTO Lugar (nombre_lugar, tipo_lugar, lug_id_lugar)
VALUES
  ('GUIRIA', 'parroquia', 275),
  ('CRISTOBAL COLON', 'parroquia', 275),
  ('PUNTA DE PIEDRA', 'parroquia', 275),
  ('BIDEAU', 'parroquia', 275);

-- Parroquias del municipio Andres BEllo, Tachira
INSERT INTO Lugar (nombre_lugar, tipo_lugar, lug_id_lugar)
VALUES
  ('CM. CORDERO', 'parroquia', 276);

-- Parroquias del municipio Antonio Romulo Costa, Tachira
INSERT INTO Lugar (nombre_lugar, tipo_lugar, lug_id_lugar)
VALUES
  ('CM. LAS MESAS', 'parroquia', 277);

-- Parroquias del municipio Ayacucho, Tachira
INSERT INTO Lugar (nombre_lugar, tipo_lugar, lug_id_lugar)
VALUES
  ('CM. COLON', 'parroquia', 278),
  ('RIVAS BERTI', 'parroquia', 278),
  ('SAN PEDRO DEL RIO', 'parroquia', 278);

-- Parroquias del municipio Bolivar, Tachira
INSERT INTO Lugar (nombre_lugar, tipo_lugar, lug_id_lugar)
VALUES
  ('CM. SAN ANT DEL TACHIRA', 'parroquia', 279),
  ('PALOTAL', 'parroquia', 279),
  ('JUAN VICENTE GOMEZ', 'parroquia', 279),
  ('ISAIAS MEDINA ANGARITA', 'parroquia', 279);

-- Parroquias del municipio Cardenas, Tachira
INSERT INTO Lugar (nombre_lugar, tipo_lugar, lug_id_lugar)
VALUES
  ('CM. TARIBA', 'parroquia', 280),
  ('LA FLORIDA', 'parroquia', 280),
  ('AMENODORO RANGEL LAMU', 'parroquia', 280);

-- Parroquias del municipio Cordoba, Tachira
INSERT INTO Lugar (nombre_lugar, tipo_lugar, lug_id_lugar)
VALUES
  ('CM. STA. ANA  DEL TACHIRA', 'parroquia', 281);

-- Parroquias del municipio Fernandez, Tachira
INSERT INTO Lugar (nombre_lugar, tipo_lugar, lug_id_lugar)
VALUES
  ('CM.SAN RAFAEL DEL PINAL', 'parroquia', 282),
  ('SANTO DOMINGO', 'parroquia', 282),
  ('ALBERTO ADRIANI', 'parroquia', 282);

-- Parroquia del municipio Francisco de Miranda
INSERT INTO Lugar (nombre_lugar, tipo_lugar, lug_id_lugar)
VALUES
  ('CM. SAN JOSE DE BOLIVAR', 'parroquia', 283);

-- Parroquias del municipio Garcia de Hevia, Tachira
INSERT INTO Lugar (nombre_lugar, tipo_lugar, lug_id_lugar)
VALUES
  ('CM. LA FRIA', 'parroquia', 284),
  ('BOCA DE GRITA', 'parroquia', 284),
  ('JOSE ANTONIO PAEZ', 'parroquia', 284);

-- Parroquias del municipio Guasimas, Tachira
INSERT INTO Lugar (nombre_lugar, tipo_lugar, lug_id_lugar)
VALUES
  ('CM. PALMIRA', 'parroquia', 285);

-- Parroquias del municipio Independencia
INSERT INTO Lugar (nombre_lugar, tipo_lugar, lug_id_lugar)
VALUES
  ('CM. CAPACHO NUEVO', 'parroquia', 286),
  ('JUAN GERMAN ROSCIO', 'parroquia', 286),
  ('ROMAN CARDENAS', 'parroquia', 286);

-- Parroquias del municipio Jauregui, Tachira
INSERT INTO Lugar (nombre_lugar, tipo_lugar, lug_id_lugar)
VALUES
  ('CM. LA GRITA', 'parroquia', 287),
  ('EMILIO C. GUERRERO', 'parroquia', 287),
  ('MONS. MIGUEL A SALAS', 'parroquia', 287);

-- Parroquia del municipio Jose MAria Vargas, Tachira
INSERT INTO Lugar (nombre_lugar, tipo_lugar, lug_id_lugar)
VALUES
  ('CM. EL COBRE', 'parroquia', 288);

-- Parroquias del municipio Junin, Tachira
INSERT INTO Lugar (nombre_lugar, tipo_lugar, lug_id_lugar)
VALUES
  ('CM. RUBIO', 'parroquia', 289),
  ('BRAMON', 'parroquia', 289),
  ('LA PETROLEA', 'parroquia', 289),
  ('QUINIMARI', 'parroquia', 289);

-- PArroquias del municipio Libertad, Tachira
INSERT INTO Lugar (nombre_lugar, tipo_lugar, lug_id_lugar)
VALUES
  ('CM. CAPACHO VIEJO', 'parroquia', 290),
  ('CIPRIANO CASTRO', 'parroquia', 290),
  ('MANUEL FELIPE RUGELES', 'parroquia', 290);

-- Parroquias del municipio Libertador, Tachira
INSERT INTO Lugar (nombre_lugar, tipo_lugar, lug_id_lugar)
VALUES
  ('CM. ABEJALES', 'parroquia', 291),
  ('SAN JOAQUIN DE NAVAY', 'parroquia', 291),
  ('DORADAS', 'parroquia', 291),
  ('EMETERIO OCHOA', 'parroquia', 291);

-- Parroquias del municipio Lobatera, Tachira
INSERT INTO Lugar (nombre_lugar, tipo_lugar, lug_id_lugar)
VALUES
  ('CM. LOBATERA', 'parroquia', 292),
  ('CONSTITUCION', 'parroquia', 292);

-- Parroquia del municipio Michelena
INSERT INTO Lugar (nombre_lugar, tipo_lugar, lug_id_lugar)
VALUES
  ('CM. MICHELENA', 'parroquia', 293);

-- Parroquias del municipio Panamericano, Tachira
INSERT INTO Lugar (nombre_lugar, tipo_lugar, lug_id_lugar)
VALUES
  ('CM. COLONCITO', 'parroquia', 294),
  ('LA PALMITA', 'parroquia', 294);

-- Parroquias del municipio Pedro Maria Ureña, Tachira
INSERT INTO Lugar (nombre_lugar, tipo_lugar, lug_id_lugar)
VALUES
  ('CM. UREÑA', 'parroquia', 295),
  ('NUEVA ARCADIA', 'parroquia', 295);

-- Parroqui del municipio Rafael Urdaneta, Tachira
INSERT INTO Lugar (nombre_lugar, tipo_lugar, lug_id_lugar)
VALUES
  ('CM. DELICIAS', 'parroquia', 296);

-- Parroquias del municipio Samuel Dario Maldonado
INSERT INTO Lugar (nombre_lugar, tipo_lugar, lug_id_lugar)
VALUES
  ('CM. LA TENDIDA', 'parroquia', 297),
  ('BOCONO', 'parroquia', 297),
  ('HERNANDEZ', 'parroquia', 297);

-- Parroquias del municipio San Cristobal, Tachira
INSERT INTO Lugar (nombre_lugar, tipo_lugar, lug_id_lugar)
VALUES
  ('LA CONCORDIA', 'parroquia', 298),
  ('PEDRO MARIA MORANTES', 'parroquia', 298),
  ('SN JUAN BAUTISTA', 'parroquia', 298),
  ('SAN SEBASTIAN', 'parroquia', 298),
  ('DR. FCO. ROMERO LOBO', 'parroquia', 298);

-- Parroquia del municipio San Judas Tadeo, Tachira
INSERT INTO Lugar (nombre_lugar, tipo_lugar, lug_id_lugar)
VALUES
  ('CM. UMUQUENA', 'parroquia', 299);

-- Parroquias del municipio Seboruco, TAchira
INSERT INTO Lugar (nombre_lugar, tipo_lugar, lug_id_lugar)
VALUES
  ('CM. SEBORUCO', 'parroquia', 300);

-- Parroquias del municipio Simon Rodriguez, Tachira
INSERT INTO Lugar (nombre_lugar, tipo_lugar, lug_id_lugar)
VALUES
  ('CM. SAN SIMON', 'parroquia', 301);

-- Parroquias del municipio Sucre, TAchira
INSERT INTO Lugar (nombre_lugar, tipo_lugar, lug_id_lugar)
VALUES
  ('CM. QUENIQUEA', 'parroquia', 302),
  ('SAN PABLO', 'parroquia', 302),
  ('ELEAZAR LOPEZ CONTRERA', 'parroquia', 302);

-- Parroquias del municipio Torbes, Tachira
INSERT INTO Lugar (nombre_lugar, tipo_lugar, lug_id_lugar)
VALUES
  ('CM. SAN JOSECITO', 'parroquia', 303);

-- Parroquias del municipio Uribante, TAchira
INSERT INTO Lugar (nombre_lugar, tipo_lugar, lug_id_lugar)
VALUES
  ('CM. PREGONERO', 'parroquia', 304),
  ('CARDENAS', 'parroquia', 304),
  ('POTOSI', 'parroquia', 304),
  ('JUAN PABLO PEÑALOZA', 'parroquia', 304);


-- PArroquias del municipio Andres Bello, Trujillo
INSERT INTO Lugar (nombre_lugar, tipo_lugar, lug_id_lugar)
VALUES
  ('SANTA ISABEL', 'parroquia', 305),
  ('ARAGUANEY', 'parroquia', 305),
  ('EL JAGUITO', 'parroquia', 305),
  ('LA ESPERANZA', 'parroquia', 305);

-- Parroquias del municipio Bocono, Trujillo
INSERT INTO Lugar (nombre_lugar, tipo_lugar, lug_id_lugar)
VALUES
  ('BOCONO', 'parroquia', 306),
  ('EL CARMEN', 'parroquia', 306),
  ('MOSQUEY', 'parroquia', 306),
  ('AYACUCHO', 'parroquia', 306),
  ('BURBUSAY', 'parroquia', 306),
  ('GENERAL RIVAS', 'parroquia', 306),
  ('MONSEÑOR JAUREGUI', 'parroquia', 306),
  ('RAFAEL RANGEL', 'parroquia', 306),
  ('SAN JOSE', 'parroquia', 306),
  ('SAN MIGUEL', 'parroquia', 306),
  ('GUARAMACAL', 'parroquia', 306),
  ('LA VEGA DE GUARAMACAL', 'parroquia', 306);

-- Parroquias del municipio Bolivar
INSERT INTO Lugar (nombre_lugar, tipo_lugar, lug_id_lugar)
VALUES
  ('SABANA GRANDE', 'parroquia', 307),
  ('CHEREGUE', 'parroquia', 307),
  ('GRANADOS', 'parroquia', 307);

-- Parroquias del municipio Candelaria, Trujillo
INSERT INTO Lugar (nombre_lugar, tipo_lugar, lug_id_lugar)
VALUES
  ('CHEJENDE', 'parroquia', 308),
  ('CARRILLO', 'parroquia', 308),
  ('CEGARRA', 'parroquia', 308),
  ('BOLIVIA', 'parroquia', 308),
  ('MANUEL SALVADOR ULLOA', 'parroquia', 308),
  ('SAN JOSE', 'parroquia', 308),
  ('ARNOLDO GABALDON', 'parroquia', 308);

-- Parroquias del municipio Carache, Trujillo
INSERT INTO Lugar (nombre_lugar, tipo_lugar, lug_id_lugar)
VALUES
  ('CARACHE', 'parroquia', 309),
  ('LA CONCEPCION', 'parroquia', 309),
  ('CUICAS', 'parroquia', 309),
  ('PANAMERICANA', 'parroquia', 309),
  ('SANTA CRUZ', 'parroquia', 309);

-- Parroquias del municipio Carvajal, Trujillo
INSERT INTO Lugar (nombre_lugar, tipo_lugar, lug_id_lugar)
VALUES
  ('CARVAJAL', 'parroquia', 310),
  ('ANTONIO N BRICEÑO', 'parroquia', 310),
  ('CAMPO ALEGRE', 'parroquia', 310),
  ('JOSE LEONARDO SUAREZ', 'parroquia', 310);

-- Parroquias del municipio Escuque
INSERT INTO Lugar (nombre_lugar, tipo_lugar, lug_id_lugar)
VALUES
  ('ESCUQUE', 'parroquia', 311),
  ('SABANA LIBRE', 'parroquia', 311),
  ('LA UNION', 'parroquia', 311),
  ('SANTA RITA', 'parroquia', 311);

-- Parroquias del municipio Juan Vicente Campos Elias
INSERT INTO Lugar (nombre_lugar, tipo_lugar, lug_id_lugar)
VALUES
  ('CAMPO ELIAS', 'parroquia', 312),
  ('ARNOLDO GABALDON', 'parroquia', 312),
  ('SANTA APOLONIA', 'parroquia', 312);

-- PArroquias del municipio La Ceiba, Trujillo
INSERT INTO Lugar (nombre_lugar, tipo_lugar, lug_id_lugar)
VALUES
  ('LA CEIBA', 'parroquia', 313),
  ('EL PROGRESO', 'parroquia', 313),
  ('TRES DE FEBRERO', 'parroquia', 313);

-- Parroquias del municipio Marquez Cañizales
INSERT INTO Lugar (nombre_lugar, tipo_lugar, lug_id_lugar)
VALUES
  ('EL SOCORRO', 'parroquia', 314),
  ('LOS CAPRICHOS', 'parroquia', 314),
  ('ANTONIO JOSE DE SUCRE', 'parroquia', 314);

-- PArroquias del municipio Miranda, TRujillo
INSERT INTO Lugar (nombre_lugar, tipo_lugar, lug_id_lugar)
VALUES
  ('EL DIVIDIVE', 'parroquia', 315),
  ('AGUA CALIENTE', 'parroquia', 315),
  ('EL CENIZO', 'parroquia', 315),
  ('AGUA SANTA', 'parroquia', 315),
  ('VALERITA', 'parroquia', 315);

-- Parroquias del municipio Monte Carmelo
INSERT INTO Lugar (nombre_lugar, tipo_lugar, lug_id_lugar)
VALUES
  ('MONTE CARMELO', 'parroquia', 316),
  ('BUENA VISTA', 'parroquia', 316),
  ('STA MARIA DEL HORCON', 'parroquia', 316);

-- PArroquias del municipio Motatan, Trujillo
INSERT INTO Lugar (nombre_lugar, tipo_lugar, lug_id_lugar)
VALUES
  ('MOTATAN', 'parroquia', 317),
  ('EL BAÑO', 'parroquia', 317),
  ('JALISCO', 'parroquia', 317);

-- Parroquias del municipio Pampan, TRujillo
INSERT INTO Lugar (nombre_lugar, tipo_lugar, lug_id_lugar)
VALUES
  ('PAMPAN', 'parroquia', 318),
  ('SANTA ANA', 'parroquia', 318),
  ('LA PAZ', 'parroquia', 318),
  ('FLOR DE PATRIA', 'parroquia', 318);

-- Parroquias del municipio PAmpanito, TRujillo
INSERT INTO Lugar (nombre_lugar, tipo_lugar, lug_id_lugar)
VALUES
  ('PAMPANITO', 'parroquia', 319),
  ('PAMPANITO II', 'parroquia', 319),
  ('LA CONCEPCION', 'parroquia', 319);

-- Parroquias del municipio Rangel, TRujillo
INSERT INTO Lugar (nombre_lugar, tipo_lugar, lug_id_lugar)
VALUES
  ('BETIJOQUE', 'parroquia', 320),
  ('JOSE G HERNANDEZ', 'parroquia', 320),
  ('LA PUEBLITA', 'parroquia', 320),
  ('EL CEDRO', 'parroquia', 320);

-- Parroquias del municipio Sucre, TRujillo
INSERT INTO Lugar (nombre_lugar, tipo_lugar, lug_id_lugar)
VALUES
  ('SABANA DE MENDOZA', 'parroquia', 321),
  ('JUNIN', 'parroquia', 321),
  ('VALMORE RODRIGUEZ', 'parroquia', 321),
  ('EL PARAISO', 'parroquia', 321);

-- Parroquias del municipio Trujillo, Trujillo
INSERT INTO Lugar (nombre_lugar, tipo_lugar, lug_id_lugar)
VALUES
  ('CRISTOBAL MENDOZA', 'parroquia', 322),
  ('CHIQUINQUIRA', 'parroquia', 322),
  ('MATRIZ', 'parroquia', 322),
  ('MONSEÑOR CARRILLO', 'parroquia', 322),
  ('CRUZ CARRILLO', 'parroquia', 322),
  ('ANDRES LINARES', 'parroquia', 322),
  ('TRES ESQUINAS', 'parroquia', 322);

-- Parroquias del municipio Urdaneta, Trujillo
INSERT INTO Lugar (nombre_lugar, tipo_lugar, lug_id_lugar)
VALUES
  ('LA QUEBRADA', 'parroquia', 323),
  ('JAJO', 'parroquia', 323),
  ('LA MESA', 'parroquia', 323),
  ('SANTIAGO', 'parroquia', 323),
  ('CABIMBU', 'parroquia', 323),
  ('TUÑAME', 'parroquia', 323);

--Parroquias del municipio Valera, Trujillo
INSERT INTO Lugar (nombre_lugar, tipo_lugar, lug_id_lugar)
VALUES
  ('MERCEDES DIAZ', 'parroquia', 324),
  ('JUAN IGNACIO MONTILLA', 'parroquia', 324),
  ('LA BEATRIZ', 'parroquia', 324),
  ('MENDOZA', 'parroquia', 324),
  ('LA PUERTA', 'parroquia', 324),
  ('SAN LUIS', 'parroquia', 324);

-- Parroquias del municipio Aristides Bastidas, Yaracuy
INSERT INTO Lugar (nombre_lugar, tipo_lugar, lug_id_lugar)
VALUES
  ('CM. SAN PABLO', 'parroquia', 325);

-- Parroquia del municipio Bolivar, Yaracuy
INSERT INTO Lugar (nombre_lugar, tipo_lugar, lug_id_lugar)
VALUES
  ('CM. AROA', 'parroquia', 326);

-- Parroquias del municipio Bruzual
INSERT INTO Lugar (nombre_lugar, tipo_lugar, lug_id_lugar)
VALUES
  ('CM. CHIVACOA', 'parroquia', 327),
  ('CAMPO ELIAS', 'parroquia', 327);

-- Parroquias del municipio Cocorote, Yaracuy
INSERT INTO Lugar (nombre_lugar, tipo_lugar, lug_id_lugar)
VALUES
  ('CM. COCOROTE', 'parroquia', 328);

-- Parroquia del municipio Independencia, Yaracuy
INSERT INTO Lugar (nombre_lugar, tipo_lugar, lug_id_lugar)
VALUES
  ('CM. INDEPENDENCIA', 'parroquia', 329);

-- Parroquia del municipio Jose Antonio Paez, Yaracuy
INSERT INTO Lugar (nombre_lugar, tipo_lugar, lug_id_lugar)
VALUES
  ('CM. SABANA DE PARRA', 'parroquia', 330);

-- Parroquia del municipio La Trinidad, Yaracuy
INSERT INTO Lugar (nombre_lugar, tipo_lugar, lug_id_lugar)
VALUES
  ('CM. BORAURE', 'parroquia', 331);

-- Parroquia del municipio MAnuel Monge, Yaracuy
INSERT INTO Lugar (nombre_lugar, tipo_lugar, lug_id_lugar)
VALUES
  ('CM. YUMARE', 'parroquia', 332);

-- Parroquias del municipio Nirgua, Yaracuy
INSERT INTO Lugar (nombre_lugar, tipo_lugar, lug_id_lugar)
VALUES
  ('CM. NIRGUA', 'parroquia', 333),
  ('SALOM', 'parroquia', 333),
  ('TEMERLA', 'parroquia', 333);

-- Parroquias del municipio Peña, Yaracuy
INSERT INTO Lugar (nombre_lugar, tipo_lugar, lug_id_lugar)
VALUES
  ('CM. YARITAGUA', 'parroquia', 334),
  ('SAN ANDRES', 'parroquia', 334);

-- Parroquias del municipio San Felipe
INSERT INTO Lugar (nombre_lugar, tipo_lugar, lug_id_lugar)
VALUES
  ('CM. SAN FELIPE', 'parroquia', 335),
  ('ALBARICO', 'parroquia', 335),
  ('SAN JAVIER', 'parroquia', 335);

-- Parroquia del municipio Sucre, Yaracuy
INSERT INTO Lugar (nombre_lugar, tipo_lugar, lug_id_lugar)
VALUES
  ('CM. GUAMA', 'parroquia', 336);

-- PArroquia del municipio Urachiche, YAracuy
INSERT INTO Lugar (nombre_lugar, tipo_lugar, lug_id_lugar)
VALUES
  ('CM. URACHICHE', 'parroquia', 337);

-- Parroquias del municipio Veroes, YAracuy
INSERT INTO Lugar (nombre_lugar, tipo_lugar, lug_id_lugar)
VALUES
  ('CM. FARRIAR', 'parroquia', 338),
  ('EL GUAYABO', 'parroquia', 338);

-- Parroquias del municipio Almirante Padilla, Zulia
INSERT INTO Lugar (nombre_lugar, tipo_lugar, lug_id_lugar)
VALUES
  ('MONAGAS', 'parroquia', 339),
  ('ISLA DE TOAS', 'parroquia', 339);

-- Parroquias del municipio BAralt, Zulia
INSERT INTO Lugar (nombre_lugar, tipo_lugar, lug_id_lugar)
VALUES
  ('GENERAL URDANETA', 'parroquia', 340),
  ('LIBERTADOR', 'parroquia', 340),
  ('MANUEL GUANIPA MATOS', 'parroquia', 340),
  ('MARCELINO BRICEÑO', 'parroquia', 340),
  ('SAN TIMOTEO', 'parroquia', 340),
  ('PUEBLO NUEVO', 'parroquia', 340);

-- Parroquias del municipio Cabimas, Zulia
INSERT INTO Lugar (nombre_lugar, tipo_lugar, lug_id_lugar)
VALUES
  ('AMBROSIO', 'parroquia', 341),
  ('GERMAN RIOS LINARES', 'parroquia', 341),
  ('JORGE HERNANDEZ', 'parroquia', 341),
  ('LA ROSA', 'parroquia', 341),
  ('PUNTA GORDA', 'parroquia', 341),
  ('CARMEN HERRERA', 'parroquia', 341),
  ('SAN BENITO', 'parroquia', 341),
  ('ROMULO BETANCOURT', 'parroquia', 341),
  ('ARISTIDES CALVANI', 'parroquia', 341);

-- PArroquias del municipio Catatumbo, Zulia
INSERT INTO Lugar (nombre_lugar, tipo_lugar, lug_id_lugar)
VALUES
  ('UDON PEREZ', 'parroquia', 342),
  ('ENCONTRADOS', 'parroquia', 342);

-- Parroquias del municipio Colon, Zulia
INSERT INTO Lugar (nombre_lugar, tipo_lugar, lug_id_lugar)
VALUES
  ('SANTA CRUZ DEL ZULIA', 'parroquia', 343),
  ('URRIBARRI', 'parroquia', 343),
  ('MORALITO', 'parroquia', 343),
  ('SAN CARLOS DEL ZULIA', 'parroquia', 343),
  ('SANTA BARBARA', 'parroquia', 343);

-- Parroquias del municipio Francisco JAvier Pulgar, Zulia
INSERT INTO Lugar (nombre_lugar, tipo_lugar, lug_id_lugar)
VALUES
  ('SIMON RODRIGUEZ', 'parroquia', 344),
  ('CARLOS QUEVEDO', 'parroquia', 344),
  ('FRANCISCO J PULGAR', 'parroquia', 344);

-- PArroquias del municipio Guajira, Zulia
INSERT INTO Lugar (nombre_lugar, tipo_lugar, lug_id_lugar)
VALUES
  ('GOAJIRA', 'parroquia', 345),
  ('ELIAS SANCHEZ RUBIO', 'parroquia', 345),
  ('SINAMAICA', 'parroquia', 345),
  ('ALTA GUAJIRA', 'parroquia', 345);

-- Parroquias del municipio Jesus Enrique Lossada, Zulia
INSERT INTO Lugar (nombre_lugar, tipo_lugar, lug_id_lugar)
VALUES
  ('JOSE RAMON YEPEZ', 'parroquia', 346),
  ('LA CONCEPCION', 'parroquia', 346),
  ('SAN JOSE', 'parroquia', 346),
  ('MARIANO PARRA LEON', 'parroquia', 346);

-- Parroquias del municipio Jesus Maria Semprun
INSERT INTO Lugar (nombre_lugar, tipo_lugar, lug_id_lugar)
VALUES
  ('BARI', 'parroquia', 347),
  ('JESUS M SEMPRUN', 'parroquia', 347);

-- Parroquias del municipio La Cañada de Urdaneta
INSERT INTO Lugar (nombre_lugar, tipo_lugar, lug_id_lugar)
VALUES
  ('ANDRES BELLO', 'parroquia', 348),
  ('POTRERITOS', 'parroquia', 348),
  ('EL CARMELO', 'parroquia', 348),
  ('CHIQUINQUIRA', 'parroquia', 348),
  ('CONCEPCION', 'parroquia', 348);

-- Parroquias del municipio Lagunillas
INSERT INTO Lugar (nombre_lugar, tipo_lugar, lug_id_lugar)
VALUES
  ('ELEAZAR LOPEZ C', 'parroquia', 349),
  ('ALONSO DE OJEDA', 'parroquia', 349),
  ('VENEZUELA', 'parroquia', 349),
  ('CAMPO LARA', 'parroquia', 349),
  ('LIBERTAD', 'parroquia', 349);

-- PArroquias del municipio Machiques de Perija, Zulia
INSERT INTO Lugar (nombre_lugar, tipo_lugar, lug_id_lugar)
VALUES
  ('SAN JOSE DE PERIJA', 'parroquia', 350),
  ('BARTOLOME DE LAS CASAS', 'parroquia', 350),
  ('LIBERTAD', 'parroquia', 350),
  ('RIO NEGRO', 'parroquia', 350);

-- Parroquias del municipio Mara, Zulia
INSERT INTO Lugar (nombre_lugar, tipo_lugar, lug_id_lugar)
VALUES
  ('LUIS DE VICENTE', 'parroquia', 351),
  ('RICAURTE', 'parroquia', 351),
  ('MONS.MARCOS SERGIO G', 'parroquia', 351),
  ('SAN RAFAEL', 'parroquia', 351),
  ('LAS PARCELAS', 'parroquia', 351),
  ('TAMARE', 'parroquia', 351),
  ('LA SIERRITA', 'parroquia', 351);

-- Parroquias del municipio Maracaibo, Zulia
INSERT INTO Lugar (nombre_lugar, tipo_lugar, lug_id_lugar)
VALUES
  ('BOLIVAR', 'parroquia', 352),
  ('COQUIVACOA', 'parroquia', 352),
  ('CRISTO DE ARANZA', 'parroquia', 352),
  ('CHIQUINQUIRA', 'parroquia', 352),
  ('SANTA LUCIA', 'parroquia', 352),
  ('OLEGARIO VILLALOBOS', 'parroquia', 352),
  ('JUANA DE AVILA', 'parroquia', 352),
  ('CARACCIOLO PARRA PEREZ', 'parroquia', 352),
  ('IDELFONZO VASQUEZ', 'parroquia', 352),
  ('CACIQUE MARA', 'parroquia', 352),
  ('CECILIO ACOSTA', 'parroquia', 352),
  ('RAUL LEONI', 'parroquia', 352),
  ('FRANCISCO EUGENIO B', 'parroquia', 352),
  ('MANUEL DAGNINO', 'parroquia', 352),
  ('LUIS HURTADO HIGUERA', 'parroquia', 352),
  ('VENANCIO PULGAR', 'parroquia', 352),
  ('ANTONIO BORJAS ROMERO', 'parroquia', 352),
  ('SAN ISIDRO', 'parroquia', 352);

-- Parroquias del municipio Miranda, Zulia
INSERT INTO Lugar (nombre_lugar, tipo_lugar, lug_id_lugar)
VALUES
  ('FARIA', 'parroquia', 353),
  ('SAN ANTONIO', 'parroquia', 353),
  ('ANA MARIA CAMPOS', 'parroquia', 353),
  ('SAN JOSE', 'parroquia', 353),
  ('ALTAGRACIA', 'parroquia', 353);

-- Parroquias del municipio Rosario de Perija, Zulia
INSERT INTO Lugar (nombre_lugar, tipo_lugar, lug_id_lugar)
VALUES
  ('DONALDO GARCIA', 'parroquia', 354),
  ('SIXTO ZAMBRANO', 'parroquia', 354),
  ('EL ROSARIO', 'parroquia', 354);

-- Parroquia del municipio San Francisco, Zulia
INSERT INTO Lugar (nombre_lugar, tipo_lugar, lug_id_lugar)
VALUES
  ('MARCIAL HERNANDEZ', 'parroquia', 355),
  ('FRANCISCO OCHOA', 'parroquia', 355),
  ('SAN FRANCISCO', 'parroquia', 355),
  ('EL BAJO', 'parroquia', 355),
  ('DOMITILA FLORES', 'parroquia', 355),
  ('LOS CORTIJOS', 'parroquia', 355);

-- Parroquias del municipio Santa Rita, Zulia
INSERT INTO Lugar (nombre_lugar, tipo_lugar, lug_id_lugar)
VALUES
  ('PEDRO LUCAS URRIBARRI', 'parroquia', 356),
  ('SANTA RITA', 'parroquia', 356),
  ('JOSE CENOVIO URRIBARR', 'parroquia', 356),
  ('EL MENE', 'parroquia', 356);

-- PArroquias del municipio Simon Bolivar, Zulia
INSERT INTO Lugar (nombre_lugar, tipo_lugar, lug_id_lugar)
VALUES
  ('RAFAEL MARIA BARALT', 'parroquia', 357),
  ('MANUEL MANRIQUE', 'parroquia', 357),
  ('RAFAEL URDANETA', 'parroquia', 357);

-- Parroquias del municipio Sucre, Zulia
INSERT INTO Lugar (nombre_lugar, tipo_lugar, lug_id_lugar)
VALUES
  ('GIBRALTAR', 'parroquia', 358),
  ('HERAS', 'parroquia', 358),
  ('M.ARTURO CELESTINO A', 'parroquia', 358),
  ('ROMULO GALLEGOS', 'parroquia', 358),
  ('BOBURES', 'parroquia', 358),
  ('EL BATEY', 'parroquia', 358);

-- Parroquias del municipio Valmore Rodriguez, Zulia
INSERT INTO Lugar (nombre_lugar, tipo_lugar, lug_id_lugar)
VALUES
  ('RAUL CUENCA', 'parroquia', 359),
  ('LA VICTORIA', 'parroquia', 359),
  ('RAFAEL URDANETA', 'parroquia', 359);

-- ========================================================================================
-- SECCIÓN 1: CATÁLOGOS BASE (Tablas independientes que no dependen de otras)
-- ========================================================================================

INSERT INTO BANCO (ID_BANCO, NOMBRE_BANCO) VALUES 
    (1, 'Banco de Venezuela'),
    (2, 'Banesco'), 
    (3, 'Mercantil'), 
    (4, 'BBVA Provincial'), 
    (5, 'Banco del Tesoro'), 
    (6, 'Banco Bicentenario'), 
    (7, 'Banco Exterior'), 
    (8, 'Banco Caroní'), 
    (9, 'Banco Nacional de Crédito'), 
    (10, 'Banco Sofitasa');

INSERT INTO COLOR (ID_COLOR, NOMBRE_COLOR) VALUES 
    (1, 'Blanco'), 
    (2, 'Negro'), 
    (3, 'Amarillo'), 
    (4, 'Marrón'), 
    (5, 'Rosado'), 
    (6, 'Verde'), 
    (7, 'Azul'), 
    (8, 'Morado'), 
    (9, 'Rojo'),
    (10, 'Plateado');

INSERT INTO CLASIFICACION (ID_CLASIFICACION, NOMBRE_CLASIFICACION, DESCRIPCION_CLASIFICACION) VALUES 
    (1, 'Black Label', 'Línea de colección orientada al público adulto con temáticas de cultura pop'),
    (2, 'Gold Label', 'Ediciones exclusivas limitadas a un máximo de 25,000 unidades globales'),
    (3, 'Platinum Label', 'Ediciones ultra exclusivas numeradas consecutivamente con menos de 1,000 unidades');

-- Se adaptó a las columnas de la tabla (Nivel Grado y Sueldo Base)
INSERT INTO TABULADOR_SALARIAL (ID_TABULADOR, NIVEL_GRADO, SUELDO_BASE) VALUES 
    (1, 'Operador de Planta (24/7)', 200.00),
    (2, 'Operador Especializado', 280.00),
    (3, 'Supervisor de Planta', 350.00),
    (4, 'Ejecutivo B2B Junior', 400.00),
    (5, 'Ejecutivo B2B Senior', 600.00),
    (6, 'Escultor de Moldes Jr', 500.00),
    (7, 'Diseñador I+D Master', 800.00),
    (8, 'Ingeniero de I+D', 900.00),
    (9, 'Gerente B2B / I+D', 1200.00),
    (10, 'Director Corporativo', 2000.00);

INSERT INTO BENEFICIO (ID_BENEFICIO, NOMBRE_BENEFICIO, DESCRIPCION_BENEFICIO, TIPO_BENEFICIO) VALUES 
    (1, 'Recargo Nocturno', 'Recargo salarial por laborar en turnos nocturnos', 'Recargo Legal'),
    (2, 'Prima Feriado/Descanso', 'Prima por laborar en días feriados', 'Recargo Legal'),
    (3, 'Comisión Volumen Máster', 'Comisión porcentual por volumen facturado', 'Incentivo Ventas'),
    (4, 'Bono Cumplimiento Metas', 'Bono asignado por alcanzar o superar metas', 'Incentivo Ventas'),
    (5, 'Regalía de Diseño (I+D)', 'Bono especial para autores de diseños', 'Incentivo I+D'),
    (6, 'Regalía Black Label', 'Incentivo especial piezas Black Label', 'Incentivo I+D'),
    (7, 'Bono Eficiencia', 'Bono de productividad métricas de planta', 'Productividad'),
    (8, 'Seguro HCM', 'Póliza de salud para el trabajador', 'Bienestar'),
    (9, 'Bono de Alimentación', 'Subsidio de ley para alimentación', 'Bienestar'),
    (10, 'Bono por Antigüedad', 'Incentivo que premia la lealtad', 'Estabilidad');

INSERT INTO MOLDE (ID_MOLDE, NOMBRE_MOLDE) VALUES 
    (1, 'Superstar'), (2, 'Mackie'), (3, 'Millie'), (4, 'Steffie'), (5, 'CEO / Generation Girl'),
    (6, 'Lara / Ana'), (7, 'Goddess'), (8, 'Aphrodite'), (9, 'Claudette'), (10, 'Diva');

INSERT INTO PIEZA (ID_PIEZA, NOMBRE_PIEZA) VALUES 
    (1, 'Cabeza Vinyl Estándar'), (2, 'Cuerpo Curvy Articulado'), (3, 'Brazo Derecho Made-to-Move'),
    (4, 'Mecanismo de Sonido Interno'), (5, 'Torso Tall de Inyección'), (6, 'Cabeza de Goma Colectora'),
    (7, 'Pierna Izquierda Petite'), (8, 'Fibra Textil de Sarán'), (9, 'Polímero de Poliestireno'),
    (10, 'Micro-articulación de Codo');

INSERT INTO PROFESION (ID_PROFESION, NOMBRE_PROFESION) VALUES 
    (1, 'Astronauta'), (2, 'Cirujana'), (3, 'Presidenta'), (4, 'Ingeniera de Software'),
    (5, 'Veterinaria de Mascotas'), (6, 'Piloto de Aviación'), (7, 'Chef Ejecutiva'),
    (8, 'Científica de Laboratorio'), (9, 'Arquitecta de Interiores'), (10, 'Bombera de Rescate');

INSERT INTO PRUEBA_CALIDAD (ID_PRUEBA, NOMBRE_PRUEBA) VALUES 
    (1, 'Caída Libre (Drop Test)'), (2, 'Toxicidad de Polímeros'), (3, 'Tracción de Extremidades'),
    (4, 'Flamabilidad Textil'), (5, 'Inspección Estética'), (6, 'Fatiga de Articulación'),
    (7, 'Voltaje de Batería'), (8, 'Resistencia al Agua'), (9, 'Alérgenos Textiles'),
    (10, 'Compresión en Caja Máster');

INSERT INTO SET_REGALO (ID_SET_REGALO, NOMBRE_SET) VALUES 
    (1, 'Aventura de Camping'), (2, 'Boda de Ensueño'), (3, 'Viajeros del Mundo'),
    (4, 'Colección Vintage 65'), (5, 'Guardería de Cachorros'), (6, 'Estudio Diseño de Moda'),
    (7, 'Concierto de Rock'), (8, 'Paseo en Convertible'), (9, 'Escuadrón STEM'),
    (10, 'Fiesta Sorpresa');

INSERT INTO MATERIAPRIMA (ID_MATERIAPRIMA, NOMBRE_MATERIAPRIMA, DESCRIPCION_MATERIAPRIMA) VALUES 
    (1, 'Polímero ABS', 'Plástico rígido de alta resistencia'),
    (2, 'Vinilo PVC Súper Suave', 'Plástico moldeable y elástico'),
    (3, 'Fibra de Sarán', 'Cabello sintético de alta calidad'),
    (4, 'Fibra de Nailon', 'Cabello textil resistente'),
    (5, 'Polipropileno', 'Termoplástico ligero y flexible'),
    (6, 'Resina de Poliuretano', 'Material premium de alta definición'),
    (7, 'Pintura Acrílica Base Agua', 'Pigmentos de alta adherencia'),
    (8, 'Policarbonato Translúcido', 'Plástico de alta transparencia'),
    (9, 'Tinta de Tampografía', 'Tinta especial de secado rápido'),
    (10, 'Polvo de Nailon', 'Material para simular terciopelo');

INSERT INTO COLECCION (ID_COLECCION, NOMBRE_COLECCION, DESCRIPCION_COLECCION) VALUES 
    (1, 'Barbie Fashionistas', 'Línea de alta diversidad con múltiples cuerpos, pieles y ojos; base para el diseño de empaquetado optimizado en paletas de distribución.'),
    (2, 'Barbie Signature', 'Colección premium para adultos entusiastas, vinculada a membresías Gold y Platinum para otorgar acceso prioritario a lanzamientos.'),
    (3, 'Dreamhouse (Bienes Raíces)', 'Línea de activos inmobiliarios (casas, campers) que gestiona una estructura de ambientes, mobiliario y compatibilidad.'),
    (4, 'Día de Muertos', 'Edición especial de colección limitada con restricciones estrictas de compra por persona para mitigar la reventa web.'),
    (5, 'Barbie Sirena', 'Línea temática de fantasía de alta demanda comercial, solicitada habitualmente en órdenes de compra masivas por clientes B2B.');

INSERT INTO DEPARTAMENTO (ID_DEPARTAMENTO, NOMBRE_DEPARTAMENTO) VALUES 
    (1, 'Investigación y Desarrollo (I+D)'), (2, 'Diseño de Modas y Textil'),
    (3, 'Manufactura e Inyección'), (4, 'Pintura y Estética Facial'),
    (5, 'Control de Calidad (QA)'), (6, 'Logística y Distribución Hub'),
    (7, 'Ventas Corporativas B2B'), (8, 'Mercadeo y Trade Marketing'),
    (9, 'Administración y Finanzas'), (10, 'Gestión de Talento Humano');

INSERT INTO TIPO_CUERPO (ID_TIPO_CUERPO, NOMBRE_TIPO_CUERPO, DESCRIPCION_TIPO_CUERPO) VALUES 
    (1, 'Classic / Estándar', 'El cuerpo tradicional esbelto con las proporciones históricas'),
    (2, 'Curvy', 'Cuerpo con proporciones más realistas y curvas pronunciadas'),
    (3, 'Tall', 'Estructura de mayor estatura y extremidades alargadas'),
    (4, 'Petite', 'Estructura de menor estatura y contextura compacta'),
    (5, 'Made to Move', 'Cuerpo ultra articulado con 22 puntos de pivote');

INSERT INTO ROL (ID_ROL, NOMBRE_ROL) VALUES 
    (1, 'Gerente de Inventario'), (2, 'Vendedor'), (3, 'Diseñador / Escultor (I+D)'),
    (4, 'Coleccionista Platinum'), (5, 'Cliente en General');

INSERT INTO PRIVILEGIO (ID_PRIVILEGIO, DESCRIPCION_PRIVILEGIO) VALUES 
    (1, 'Visualizar los costos de producción'),
    (2, 'Realizar modificaciones en los niveles de stock'),
    (3, 'Consultar los precios de lista'),
    (4, 'Consultar la disponibilidad de los productos'),
    (5, 'Rastrear la autoría sobre el ADN de los productos'),
    (6, 'Acceder a subastas exclusivas'),
    (7, 'Consultar su propio historial de compras'),
    (8, 'Acceso a la compra en línea'),
    (9, 'Cargar dinámicamente interfaces y menús según el rol'),
    (10, 'Ocultar márgenes de ganancia y datos de otros clientes');

INSERT INTO MONEDA (ID_MONEDA, NOMBRE_MONEDA, SIMBOLO_MONEDA, TIPO_MONEDA) VALUES
    (1, 'Dólar estadounidense', '$', 'Moneda Base'),
    (2, 'Bolívares', 'Bs.', 'Moneda Nacional'),
    (3, 'Tether', 'USDT', 'Criptoactivo Real'),
    (4, 'Bitcoin', 'BTC', 'Criptoactivo Real'),
    (5, 'BarbieCoins', '฿', 'Digital de la Marca');

INSERT INTO TIPO_TRANSPORTE (ID_TIPO_TRANSPORTE, NOMBRE_TIPO_TRANSPORTE, DESCRIPCION_TIPO_TRANSPORTE) VALUES 
    (1, 'Carga Consolidada B2B', 'Despachos masivos a grandes cadenas.'),
    (2, 'Paquetería B2C', 'Despacho individualizado consumidor final.'),
    (3, 'Marítimo', 'Mercancía en contenedores oceánicos.'),
    (4, 'Aéreo Express', 'Importación de emergencia.'),
    (5, 'Hub-to-Hub', 'Traslado masivo de stock interurbano.'),
    (6, 'Última Milla', 'Distribución urbana rápida.'),
    (7, 'Multimodal Internacional', 'Combinación terrestre y marítima.'),
    (8, 'Carga Química Controlada', 'Logística especial con temperatura.'),
    (9, 'Suministros y Cartonaje', 'Movimiento de cajas vacías y etiquetas.'),
    (10, 'Material POP', 'Distribución de exhibidores.');

INSERT INTO HORARIO (ID_HORARIO, DIA_HORARIO, HORA_ENTRADA_HORARIO, HORA_ENTRADA_SALIDA, TURNO_HORARIO) VALUES 
    (1, 'Lunes a Viernes', '06:00:00', '14:00:00', 'Turno Diurno'),
    (2, 'Lunes a Viernes', '14:00:00', '22:00:00', 'Turno Vespertino'),
    (3, 'Lunes a Viernes', '22:00:00', '06:00:00', 'Turno Nocturno'),
    (4, 'Fines de Semana', '06:00:00', '14:00:00', 'Turno Diurno Fin de Semana'),
    (5, 'Fines de Semana', '14:00:00', '22:00:00', 'Turno Vespertino Fin de Semana'),
    (6, 'Fines de Semana', '22:00:00', '06:00:00', 'Turno Nocturno Fin de Semana'),
    (7, 'Feriados', '06:00:00', '14:00:00', 'Turno Diurno Feriado'),
    (8, 'Feriados', '14:00:00', '22:00:00', 'Turno Vespertino Feriado'),
    (9, 'Feriados', '22:00:00', '06:00:00', 'Turno Nocturno Feriado'),
    (10, 'Staff Administrativo', '08:00:00', '17:00:00', 'Turno Administrativo');

INSERT INTO COURIER (ID_COURIER, NOMBRE_COURIER) VALUES 
    (1, 'DHL'), (2, 'FedEx'), (3, 'Zoom'), (4, 'MRW');

INSERT INTO MEMBRESIA (ID_MEMBRESIA, NOMBRE_MEMBRESIA, PRECIO_MEMBRESIA) VALUES 
    (1, 'Membresia Gold Mensual', 9.99),
    (2, 'Membresia Gold Anual', 99.99),
    (3, 'Membresia Platinum Mensual', 24.99),
    (4, 'Membresia Platinum Anual', 249.99);

INSERT INTO CARACTERISTICA (ID_CARACTERISTICA, NOMBRE_CARACTERISTICA, DESCRIPCION_CARACTERISTICA) VALUES 
    (1, 'Tipo de Ojos', 'Tampografía o cristal.'),
    (2, 'Pestañas Enraizadas', 'Presencia de filamentos sintéticos.'),
    (3, 'Acabado de Piel', 'Mate o satinado.'),
    (4, 'Densidad Cabello', 'Cantidad de folículos por cm2.'),
    (5, 'Puntos Articulación', 'Cantidad de uniones mecánicas.'),
    (6, 'Conector de Cuello', 'Especificación del anclaje superior.'),
    (7, 'Resistencia UV', 'Evita la decoloración solar.'),
    (8, 'Complejidad Maquillaje', 'Número de capas de tampografía.'),
    (9, 'Moldeado Pies', 'Plano o de tacón.'),
    (10, 'Escala Proporción', 'Dimensión paramétrica.');

INSERT INTO DESCUENTO (ID_DESCUENTO, NOMBRE_DESCUENTO, DESCRIPCION_DESCUENTO, PORCENTAJE_DESCUENTO) VALUES 
    (1, 'Lanzamiento Gold', 'Rebaja del 5% preventas.', 0.0500),
    (2, 'Aniversario Pink Box', 'Descuento especial del 10%.', 0.1000),
    (3, 'VIP Platinum', 'Reducción del 15% subastas.', 0.1500),
    (4, 'Black Friday', 'Descuento del 30% web.', 0.3000),
    (5, 'Volumen B2B', 'Incentivo del 12% por compras masivas.', 0.1200),
    (6, 'Liquidación Dreamtopia', 'Descuento del 50% remanentes.', 0.5000),
    (7, 'Bono Registro', 'Cortesía de bienvenida del 8%.', 0.0800),
    (8, 'Cumpleaños Premium', 'Beneficio del 20% aniversario.', 0.2000),
    (9, 'Suscripción Anual', 'Descuento del 25% transición.', 0.2500),
    (10, 'Saldos Outlet', 'Rebaja del 40% piezas de exhibición.', 0.4000);

INSERT INTO TIPO_CRIPTOMONEDA (ID_TIPO_CRIPTOMONEDA, RED_BLOCKCHAIN) VALUES 
    (1, 'Bitcoin'),         -- Para la moneda Bitcoin (BTC)
    (2, 'Tron (TRC-20)'),   -- Red más utilizada para Tether (USDT)
    (3, 'BarbieChain');     -- Red propietaria para las BarbieCoins

-- ========================================================================================
-- SECCIÓN 2: DISEÑO Y PRODUCTO (Categorías, Bases de Diseño y Productos Finales)
-- ========================================================================================

-- TABLA: CATEGORIA 
-- Las primeras 5 son categorías "Padre" (CAT_ID_CATEGORIA es NULL).
-- Las últimas 5 son subcategorías que apuntan a un padre.
INSERT INTO CATEGORIA (ID_CATEGORIA, CAT_ID_CATEGORIA, NOMBRE_CATEGORIA, DESCRIPCION_CATEGORIA) VALUES 
    (1, NULL, 'Muñecas Clásicas', 'Línea de muñecas de escala estándar y exhibición.'),
    (2, NULL, 'Accesorios', 'Complementos, ropa, zapatos y joyería en miniatura.'),
    (3, NULL, 'Playsets', 'Sets de juego y escenarios temáticos interactivos.'),
    (4, NULL, 'Vehículos', 'Autos, campers, aviones y transporte a escala.'),
    (5, NULL, 'Coleccionables', 'Piezas de exhibición Premium y Black Label.'),
    (6, 1, 'Fantasía', 'Sirenas, hadas, princesas y personajes míticos.'),
    (7, 1, 'Profesiones', 'Línea inspiracional con temática laboral y carreras.'),
    (8, 2, 'Ropa Casual', 'Atuendos de uso diario y moda urbana.'),
    (9, 3, 'Casas y Mansiones', 'Estructuras habitacionales grandes (Dreamhouse).'),
    (10, 4, 'Convertibles', 'Coches deportivos de techo abierto.');

-- TABLA: CATEGORIA_CATEGORIA 
-- Relación de jerarquías de categorías.
INSERT INTO CATEGORIA_CATEGORIA (CAT_ID_CATEGORIA, ID_CATEGORIA) VALUES 
    (1, 1), (2, 2), (3, 3), (4, 4), (5, 5),
    (6, 6), (7, 7), (8, 8), (9, 9), (10, 10);

-- TABLA: BASE_DISENO
-- Cruza la Era, Color de Ojo, Tono de Piel y Tipo de Cuerpo.
-- Nota: ALTO, ANCHO y PROFUNDIDAD están en DECIMAL(3,2), lo que significa que el valor máximo posible es 9.99 (ideal para pulgadas o escalas pequeñas).
INSERT INTO BASE_DISENO (ID_BASEDISENO, ID_ERA, BAS_ID_BASEDISENO, ID_COLOR_OJO, ID_TONO_PIEL, ID_TIPO_CUERPO, ID_COLECCION, NOMBRE_BASEDISENO, DESCRIPCION_BASEDISENO, ALTO_BASEDISENO, ANCHO_BASEDISENO, PROFUNDIDAD_BASEDISENO) VALUES 
    (1, 1, 1, 1, 1, 1, 1, 'Diseño Base Vintage', 'Especificación original de 1959 con mirada lateral.', 9.50, 2.50, 1.50),
    (2, 2, 2, 2, 2, 2, 2, 'Diseño Mod Era', 'Especificación psicodélica y colorida de los años 60s.', 9.50, 2.60, 1.60),
    (3, 3, 3, 3, 3, 3, 3, 'Diseño Superstar', 'Cuerpo articulado y sonrisa amplia de los 70s.', 9.60, 2.70, 1.70),
    (4, 4, 4, 4, 4, 4, 4, 'Diseño Moderno', 'Cuerpo petite compacto de los 90s.', 8.50, 2.40, 1.40),
    (5, 1, 5, 5, 5, 5, 5, 'Diseño Dreamhouse', 'Escala paramétrica compatible con ambientes arquitectónicos.', 9.70, 2.80, 1.80),
    (6, 2, 6, 6, 1, 1, 1, 'Diseño Articulado M2M', 'Estructura Made to Move de 22 puntos de pivote.', 9.50, 2.50, 1.50),
    (7, 3, 7, 7, 2, 2, 2, 'Diseño Curvy Realista', 'Proporciones corporales basadas en medidas realistas.', 9.40, 3.00, 2.00),
    (8, 4, 8, 8, 3, 3, 3, 'Diseño Tall Extendido', 'Estatura extendida y extremidades alargadas.', 9.99, 2.50, 1.50),
    (9, 1, 9, 9, 4, 4, 4, 'Diseño Coleccionista', 'Proporciones de alta costura para exhibición en vitrina.', 9.80, 2.60, 1.50),
    (10, 2, 10, 10, 5, 5, 5, 'Diseño Fantasía Sirena', 'Matriz especial que integra cola en la parte inferior.', 9.90, 3.50, 2.50);

-- TABLA: PRODUCTO 
-- Las llaves foráneas coinciden exactamente (1 al 10) con lo que compran las órdenes B2B y las Subastas.
INSERT INTO PRODUCTO (ID_PIEZA, ID_MOLDE, ID_MATERIAPRIMA, BAS_ID_BASEDISENO, ID_BASEDISENO, ID_PRODUCTO, CAT_ID_BASEDISENO, ID_CATEGORIA, BAS_ID_BASEDISENO2, ID_SET_REGALO, CLA_ID_BASEDISENO, ID_CLASIFICACION, CAR_ID_BASEDISENO, ID_CARACTERISTICA, ID_PROFESION, PRO_ID_BASEDISENO, CONDICION_PRODUCTO) VALUES 
    (1, 1, 1, 1, 1, 1, 1, 1, 1, 1, 1, 1, 1, 1, 1, 1, 'Nuevo en Caja - Calidad Retail'),
    (2, 2, 2, 2, 2, 2, 2, 2, 2, 2, 2, 2, 2, 2, 2, 2, 'Nuevo en Caja - Calidad Retail'),
    (3, 3, 3, 3, 3, 3, 3, 3, 3, 3, 3, 3, 3, 3, 3, 3, 'Edición Limitada - MINT Condition'),
    (4, 4, 4, 4, 4, 4, 4, 4, 4, 4, 4, 1, 4, 4, 4, 4, 'Nuevo en Caja - Calidad Retail'),
    (5, 5, 5, 5, 5, 5, 5, 5, 5, 5, 5, 2, 5, 5, 5, 5, 'Nuevo en Caja - Calidad Retail'),
    (6, 6, 6, 6, 6, 6, 6, 6, 6, 6, 6, 3, 6, 6, 6, 6, 'Prototipo Interno - No Comercializable'),
    (7, 7, 7, 7, 7, 7, 7, 7, 7, 7, 7, 1, 7, 7, 7, 7, 'Nuevo en Caja - Calidad Retail'),
    (8, 8, 8, 8, 8, 8, 8, 8, 8, 8, 8, 2, 8, 8, 8, 8, 'Nuevo en Caja - Calidad Retail'),
    (9, 9, 9, 9, 9, 9, 9, 9, 9, 9, 9, 3, 9, 9, 9, 9, 'Usado - Pieza de Exhibición en Vitrina'),
    (10, 10, 10, 10, 10, 10, 10, 10, 10, 10, 10, 1, 10, 10, 10, 10, 'Nuevo en Caja - Calidad Retail');

-- TABLAS INTERMEDIAS DE DISEÑO 

-- TABLA: PROFESION_BASEDISENO
INSERT INTO PROFESION_BASEDISENO (ID_PROFESION, ID_BASEDISENO) VALUES 
    (1, 1), (2, 2), (3, 3), (4, 4), (5, 5),
    (6, 6), (7, 7), (8, 8), (9, 9), (10, 10);

-- TABLA: BASEDISENO_PRUEBA
INSERT INTO BASEDISENO_PRUEBA (ID_BASEDISENO, ID_PRUEBA) VALUES 
    (1, 1), (2, 2), (3, 3), (4, 4), (5, 5),
    (6, 6), (7, 7), (8, 8), (9, 9), (10, 10);

-- TABLA: CARACTERISTICA_BASEDISENO
INSERT INTO CARACTERISTICA_BASEDISENO (ID_BASEDISENO, ID_CARACTERISTICA) VALUES 
    (1, 1), (2, 2), (3, 3), (4, 4), (5, 5),
    (6, 6), (7, 7), (8, 8), (9, 9), (10, 10);

-- TABLA: CATEGORIA_BASEDISENO
INSERT INTO CATEGORIA_BASEDISENO (ID_BASEDISENO, ID_CATEGORIA) VALUES 
    (1, 1), (2, 2), (3, 3), (4, 4), (5, 5),
    (6, 6), (7, 7), (8, 8), (9, 9), (10, 10);

-- TABLA: BASE_DISENO_CONSTRUCCION 
-- Asocia la pieza, el molde, la materia prima y el diseño base con la cantidad de materia requerida.
INSERT INTO BASE_DISENO_CONSTRUCCION (ID_PIEZA, ID_MOLDE, ID_MATERIAPRIMA, ID_BASEDISENO, CANTIDAD_MATERIAPRIMA) VALUES 
    (1, 1, 1, 1, 50),
    (2, 2, 2, 2, 45),
    (3, 3, 3, 3, 60),
    (4, 4, 4, 4, 55),
    (5, 5, 5, 5, 70),
    (6, 6, 6, 6, 80),
    (7, 7, 7, 7, 65),
    (8, 8, 8, 8, 40),
    (9, 9, 9, 9, 90),
    (10, 10, 10, 10, 75);

-- TABLA: CLASIFICACION_BASEDISENO 
-- Conecta el diseño base con su clasificación correspondiente.
INSERT INTO CLASIFICACION_BASEDISENO (ID_BASEDISENO, ID_CLASIFICACION) VALUES 
    (1, 1),
    (2, 2),
    (3, 3),
    (4, 1),
    (5, 2),
    (6, 3),
    (7, 1),
    (8, 2),
    (9, 3),
    (10, 1);

-- TABLA: BASEDISENO_SETREGALO 
-- Vincula los diseños base con los sets de regalo disponibles.
INSERT INTO BASEDISENO_SETREGALO (ID_BASEDISENO, ID_SET_REGALO) VALUES 
    (1, 1),
    (2, 2),
    (3, 3),
    (4, 4),
    (5, 5),
    (6, 6),
    (7, 7),
    (8, 8),
    (9, 9),
    (10, 10);

-- TABLA: FASE_DISENO 
-- Registra la fase de prueba vinculada a los IDs de la base de diseño.
INSERT INTO FASE_DISENO (BAS_ID_BASEDISENO, ID_PRUEBA, ID_BASEDISENO) VALUES 
    (1, 1, 1),
    (2, 2, 2),
    (3, 3, 3),
    (4, 4, 4),
    (5, 5, 5),
    (6, 6, 6),
    (7, 7, 7),
    (8, 8, 8),
    (9, 9, 9),
    (10, 10, 10);

-- TABLA: FASE_CARGO
-- Asigna la cantidad de empleados por cargo requeridos para ejecutar una fase de diseño.
INSERT INTO FASE_CARGO (BAS_ID_BASEDISENO, ID_PRUEBA, ID_BASEDISENO, ID_CARGO, CANTIDAD_CARGO) VALUES 
    (1, 1, 1, 1, 2),
    (2, 2, 2, 2, 3),
    (3, 3, 3, 3, 1),
    (4, 4, 4, 4, 4),
    (5, 5, 5, 5, 2),
    (6, 6, 6, 6, 5),
    (7, 7, 7, 7, 1),
    (8, 8, 8, 8, 3),
    (9, 9, 9, 9, 2),
    (10, 10, 10, 10, 4);

-- ========================================================================================
-- SECCIÓN 2.1: PRODUCCIÓN, EMPLEADOS ASIGNADOS Y PRECIOS
-- ========================================================================================

-- TABLA: FASE_PRODUCCION 
-- Registra el cruce gigante de llaves que representan la producción física del producto.
INSERT INTO FASE_PRODUCCION (FAS_BAS_ID_BASEDISENO, ID_PRUEBA, FAS_ID_BASEDISENO, ID_CARGO, ID_PIEZA, ID_MOLDE, ID_MATERIAPRIMA, BAS_ID_BASEDISENO, ID_BASEDISENO, ID_PRODUCTO, ID_FASE_PRODUCCION) VALUES 
    (1, 1, 1, 1, 1, 1, 1, 1, 1, 1, 1),
    (2, 2, 2, 2, 2, 2, 2, 2, 2, 2, 2),
    (3, 3, 3, 3, 3, 3, 3, 3, 3, 3, 3),
    (4, 4, 4, 4, 4, 4, 4, 4, 4, 4, 4),
    (5, 5, 5, 5, 5, 5, 5, 5, 5, 5, 5),
    (6, 6, 6, 6, 6, 6, 6, 6, 6, 6, 6),
    (7, 7, 7, 7, 7, 7, 7, 7, 7, 7, 7),
    (8, 8, 8, 8, 8, 8, 8, 8, 8, 8, 8),
    (9, 9, 9, 9, 9, 9, 9, 9, 9, 9, 9),
    (10, 10, 10, 10, 10, 10, 10, 10, 10, 10, 10);

-- TABLA: FASE_EMPLEADO
-- Asigna el contrato específico del empleado a la fase de producción.
INSERT INTO FASE_EMPLEADO (FAS_BAS_ID_BASEDISENO, ID_PRUEBA, FAS_ID_BASEDISENO, FAS_ID_CARGO, ID_PIEZA, ID_MOLDE, ID_MATERIAPRIMA, BAS_ID_BASEDISENO, ID_BASEDISENO, ID_PRODUCTO, ID_FASE_PRODUCCION, ID_CARGO, ID_CONTRATO, ID_CONTRATO_CARGO, ID_FASE_EMPLEADO) VALUES 
    (1, 1, 1, 1, 1, 1, 1, 1, 1, 1, 1, 1, 1, 1, 1),
    (2, 2, 2, 2, 2, 2, 2, 2, 2, 2, 2, 2, 2, 2, 2),
    (3, 3, 3, 3, 3, 3, 3, 3, 3, 3, 3, 3, 3, 3, 3),
    (4, 4, 4, 4, 4, 4, 4, 4, 4, 4, 4, 4, 4, 4, 4),
    (5, 5, 5, 5, 5, 5, 5, 5, 5, 5, 5, 5, 5, 5, 5),
    (6, 6, 6, 6, 6, 6, 6, 6, 6, 6, 6, 6, 6, 6, 6),
    (7, 7, 7, 7, 7, 7, 7, 7, 7, 7, 7, 7, 7, 7, 7),
    (8, 8, 8, 8, 8, 8, 8, 8, 8, 8, 8, 8, 8, 8, 8),
    (9, 9, 9, 9, 9, 9, 9, 9, 9, 9, 9, 9, 9, 9, 9),
    (10, 10, 10, 10, 10, 10, 10, 10, 10, 10, 10, 10, 10, 10, 10);

-- TABLA: HISTORICO_FASE_PRODUCCION
-- Historial de estatus por el que ha pasado la producción (Con fechas de inicio y fin).
INSERT INTO HISTORICO_FASE_PRODUCCION (FAS_BAS_ID_BASEDISENO, ID_PRUEBA, FAS_ID_BASEDISENO, FAS_ID_CARGO, ID_PIEZA, ID_MOLDE, ID_CARGO, ID_CONTRATO, ID_MATERIAPRIMA, BAS_ID_BASEDISENO, ID_BASEDISENO, ID_PRODUCTO, ID_FASE_PRODUCCION, ID_CONTRATO_CARGO, ID_FASE_EMPLEADO, ID_ESTATUS_FP, FECHAHORA_INICIO_FASEP, FECHAHORA_FINAL_FASEP) VALUES 
    (1, 1, 1, 1, 1, 1, 1, 1, 1, 1, 1, 1, 1, 1, 1, 5, '2025-01-05', '2025-01-15'),
    (2, 2, 2, 2, 2, 2, 2, 2, 2, 2, 2, 2, 2, 2, 2, 5, '2025-01-10', '2025-01-20'),
    (3, 3, 3, 3, 3, 3, 3, 3, 3, 3, 3, 3, 3, 3, 3, 5, '2025-02-01', '2025-02-12'),
    (4, 4, 4, 4, 4, 4, 4, 4, 4, 4, 4, 4, 4, 4, 4, 5, '2025-02-15', '2025-02-28'),
    (5, 5, 5, 5, 5, 5, 5, 5, 5, 5, 5, 5, 5, 5, 5, 2, '2026-05-15', NULL), -- En progreso actual
    (6, 6, 6, 6, 6, 6, 6, 6, 6, 6, 6, 6, 6, 6, 6, 5, '2025-03-01', '2025-03-10'),
    (7, 7, 7, 7, 7, 7, 7, 7, 7, 7, 7, 7, 7, 7, 7, 5, '2025-03-15', '2025-03-25'),
    (8, 8, 8, 8, 8, 8, 8, 8, 8, 8, 8, 8, 8, 8, 8, 3, '2026-05-20', NULL), -- Pausado
    (9, 9, 9, 9, 9, 9, 9, 9, 9, 9, 9, 9, 9, 9, 9, 5, '2025-04-01', '2025-04-10'),
    (10, 10, 10, 10, 10, 10, 10, 10, 10, 10, 10, 10, 10, 10, 10, 4, '2026-05-25', NULL); -- En revisión

-- TABLA: HISTORICO_PRECIO
-- Controla la variación de precios en el tiempo.
-- TIPOS ADMITIDOS POR CHECK: 'DET' (Detal), 'MAYOR' (Mayorista), 'SUB' (Subasta)
-- Los registros con FECHAFIN en NULL representan los precios actualmente activos.
INSERT INTO HISTORICO_PRECIO (ID_PIEZA, ID_MOLDE, ID_MATERIAPRIMA, BAS_ID_BASEDISENO, ID_BASEDISENO, ID_PRODUCTO, ID_ESTATUS_PRECIO, ID_PRECIO, MONTO_PRECIO, FECHAINICIO_HISTORICO_PRECIO, TIPO_PRECIO, FECHAFIN_HISTORICO_PRECIO) VALUES 
    (1, 1, 1, 1, 1, 1, 2, 1, 25.00, '2025-01-01', 'DET', '2025-12-31'),   -- Inactivo (2)
    (1, 1, 1, 1, 1, 1, 1, 2, 29.99, '2026-01-01', 'DET', NULL),          -- Activo (1)
    (2, 2, 2, 2, 2, 2, 1, 3, 19.50, '2025-06-01', 'MAYOR', NULL),        -- Activo al Mayor
    (3, 3, 3, 3, 3, 3, 1, 4, 150.00, '2026-02-01', 'SUB', NULL),         -- Activo Subasta
    (4, 4, 4, 4, 4, 4, 1, 5, 35.00, '2026-01-15', 'DET', NULL),          -- Activo
    (5, 5, 5, 5, 5, 5, 3, 6, 12.00, '2026-05-01', 'MAYOR', '2026-06-01'),-- Promocion
    (6, 6, 6, 6, 6, 6, 1, 7, 200.00, '2026-03-01', 'SUB', NULL),         -- Activo Subasta
    (7, 7, 7, 7, 7, 7, 1, 8, 45.99, '2026-04-10', 'DET', NULL),          -- Activo
    (8, 8, 8, 8, 8, 8, 4, 9, 15.00, '2026-05-15', 'MAYOR', NULL),        -- Liquidacion Mayorista
    (9, 9, 9, 9, 9, 9, 1, 10, 85.00, '2026-01-01', 'DET', NULL);         -- Activo

-- ========================================================================================
-- SECCIÓN 2.2: CATÁLOGOS DEPENDIENTES (Tablas que usan IDs de la Sección 1)
-- ========================================================================================

INSERT INTO TONO_PIEL (ID_TONO_PIEL, ID_COLOR, NOMBRE_TONO_PIEL) VALUES 
    (1, 1, 'Claro'), 
    (2, 2, 'Medio'), 
    (3, 3, 'Bronceado'), 
    (4, 4, 'Oscuro'), 
    (5, 5, 'Fantasía');

INSERT INTO COLOR_OJO (ID_COLOR_OJO, ID_COLOR, NOMBRE_COLOR_OJO) VALUES 
    (1, 1, 'Azul Claro'),
    (2, 2, 'Marrón Oscuro'),
    (3, 3, 'Verde Esmeralda'),
    (4, 4, 'Avellana'),
    (5, 5, 'Negro Profundo'),
    (6, 6, 'Gris Pizarra'),
    (7, 7, 'Ámbar'),
    (8, 8, 'Azul Zafiro'),
    (9, 9, 'Marrón Claro'),
    (10, 10, 'Violeta');

INSERT INTO ERA (ID_ERA, ID_BASEDISENO, NOMBRE_ERA, DESCRIPCION_ERA) VALUES 
    (1, NULL, 'Vintage', 'Período inicial desde 1959 con molde original'),
    (2, NULL, 'Mod Era', 'Época de finales de los 60 con colores psicodélicos'),
    (3, NULL, 'Superstar Era', 'Iniciada en 1977, icónica sonrisa amplia'),
    (4, NULL, 'Modern Era', 'Abarca los años 90 y principios de los 2000');


-- TABLA: CHEQUE
INSERT INTO CHEQUE (ID_METODO_PAGO, ID_BANCO, NUMERO_CHEQUE) VALUES 
    (1, 1, '10203040'), -- Banco de Venezuela
    (2, 2, '25418963'), -- Banesco
    (3, 3, '55887744'), -- Mercantil
    (4, 4, '11223344'), -- BBVA Provincial
    (5, 5, '99887766'), -- Banco del Tesoro
    (6, 6, '12345678'), -- Banco Bicentenario
    (7, 7, '87654321'), -- Banco Exterior
    (8, 8, '56473829'), -- Banco Caroní
    (9, 9, '10020030'), -- Banco Nacional de Crédito
    (10, 10, '90080070'); -- Banco Sofitasa

INSERT INTO TRANSFERENCIA_BANCARIA (ID_METODO_PAGO, ID_BANCO) VALUES
  (1, 1),
  (2, 2),
  (3, 3),
  (4, 4),
  (5, 5),
  (6, 6),
  (7, 7),
  (8, 8),
  (9, 9),
  (10, 10);

INSERT INTO TASA_CAMBIO (ID_TASA_CAMBIO, ID_MONEDA, VALOR_USD_TASA, FECHA_EFECTIVA, FECHAFIN_PRECIO) VALUES 
    -- Moneda Base (1: USD)
    (1, 1, 1.00, '2024-01-01', NULL), 
    -- Historial de Bolívares (2: Bs.) - Expresado en cuántos Bs equivalen a 1 USD
    (2, 2, 36.20, '2024-01-01', '2024-02-15'), 
    (3, 2, 38.50, '2024-02-16', '2024-03-31'), 
    (4, 2, 39.10, '2024-04-01', NULL), 
    -- Stablecoin (3: USDT) - Paridad 1 a 1 con el dólar
    (5, 3, 1.00, '2024-01-01', NULL), 
    -- Historial Bitcoin (4: BTC) - Expresado en valor en USD por 1 BTC
    (6, 4, 62000.00, '2024-01-01', '2024-03-15'),
    (7, 4, 67500.00, '2024-03-16', NULL),
    -- Historial BarbieCoins (5: Digital) - Expresado en valor en USD por 1 BarbieCoin
    (8, 5, 2.50, '2024-01-01', '2024-02-28'),
    (9, 5, 5.00, '2024-03-01', '2024-04-15'),
    (10, 5, 8.50, '2024-04-16', NULL);


-- ========================================================================================
-- SECCIÓN 3: ESTADOS Y ESTATUS (Catálogos para seguimientos)
-- ========================================================================================

INSERT INTO ESTATUS_PUJA (ID_ESTATUS_PUJA, NOMBRE_ESTATUS_PUJA, DESCRIPCION_ESTATUS_PUJA) VALUES 
    (1, 'Activa', 'La puja ha sido recibida y está compitiendo actualmente en la subasta.'),
    (2, 'Superada', 'Otro usuario ha realizado una oferta mayor a esta puja.'),
    (3, 'Ganadora', 'La puja con el monto más alto al cerrar el tiempo de la subasta.'),
    (4, 'Retirada', 'La puja fue cancelada o anulada por el administrador del sistema.'),
    (5, 'Invalida', 'La puja no cumplió con el incremento mínimo requerido para el lote.');

-- TABLA: ESTATUS_SUBASTA
INSERT INTO ESTATUS_SUBASTA (ID_ESTATUS_SUBASTA, NOMBRE_ESTATUS_SUBASTA, DESCRIPCION_ESTATUS_SUBASTA) VALUES 
    (1, 'Programada', 'La subasta ha sido creada pero el periodo de pujas aún no inicia.'),
    (2, 'Activa', 'La subasta está abierta y recibiendo pujas de los usuarios.'),
    (3, 'Cerrada - En Evaluación', 'El tiempo finalizó, el sistema está validando la puja ganadora.'),
    (4, 'Adjudicada', 'Se ha declarado un ganador y se generó la orden de subasta.'),
    (5, 'Desierta', 'La subasta finalizó sin recibir ninguna puja válida.'),
    (6, 'Cancelada', 'La subasta fue anulada por la administración antes de finalizar.'),
    (7, 'Suspendida', 'Pausada temporalmente por problemas técnicos o auditoría.'),
    (8, 'En Disputa', 'Existen reclamos sobre la validez de la puja ganadora.'),
    (9, 'Finalizada y Pagada', 'El ganador concretó el pago y se cerró el proceso.'),
    (10, 'Archivada', 'Subasta histórica guardada solo para fines de auditoría.');

-- TABLA: ESTATUS_ORDEN_SUBASTA (Coincide con los estados usados anteriormente)
INSERT INTO ESTATUS_ORDEN_SUBASTA (ID_ESTATUS_ORDENSUB, NOMBRE_ESTATUS_ORDENSUB, DESC_ESTATUS_ORDENSUB) VALUES 
    (1, 'Emitida', 'La orden de subasta ha sido generada tras la adjudicación.'),
    (2, 'Pagada', 'El cliente ha liquidado el monto total de la orden exitosamente.'),
    (3, 'Entregada', 'El lote físico ha sido entregado o enviado al comprador.'),
    (4, 'Cancelada por Penalización', 'La orden se anuló debido a una infracción o impago del cliente.'),
    (5, 'En Preparación', 'El lote está siendo empaquetado para su envío.'),
    (6, 'En Tránsito', 'El lote ha sido entregado a la empresa de transporte.'),
    (7, 'Retrasada', 'Existen demoras en el pago o en la entrega por parte de logística.'),
    (8, 'Rechazada por Banco', 'El intento de pago falló por fondos insuficientes o bloqueo.'),
    (9, 'En Disputa de Cobro', 'El cliente abrió un reclamo con su institución financiera.'),
    (10, 'Reembolsada', 'Se ha devuelto el dinero al cliente tras una cancelación justificada.');

-- TABLA: ESTATUS_BACKORDER
INSERT INTO ESTATUS_BACKORDER (ID_ESTATUS_BACKORDER, NOMBRE_ESTATUS_BACKORDER, DESCRIPCION_ESTATUS_BACKORDER) VALUES 
    (1, 'Generado', 'El backorder ha sido creado por falta de stock en una orden B2B.'),
    (2, 'Aprobado para Producción', 'El departamento de manufactura aceptó el requerimiento.'),
    (3, 'Esperando Materia Prima', 'La producción está detenida por falta de insumos.'),
    (4, 'En Producción', 'Las piezas solicitadas se encuentran actualmente en fabricación.'),
    (5, 'Parcialmente Surtido', 'Se ha entregado una parte del lote, pero aún faltan piezas.'),
    (6, 'Listo para Envío', 'La totalidad del backorder está fabricada y en almacén.'),
    (7, 'En Tránsito', 'El pedido está en camino a las instalaciones del cliente B2B.'),
    (8, 'Completado', 'El cliente B2B recibió todas las unidades pendientes del backorder.'),
    (9, 'Cancelado por Cliente', 'El cliente B2B desistió de esperar el lote faltante.'),
    (10, 'Cancelado por Fábrica', 'Es imposible producir el lote por descontinuación de moldes.');

-- TABLA: ESTATUS_MEMBRESIA 
INSERT INTO ESTATUS_MEMBRESIA (ID_ESTATUS_MEMBRESIA, NOMBRE_ESTATUS_MEMBRESIA, DESCRIPCION_ESTATUS_MEMBRESIA) VALUES 
    (1, 'Activa', 'La membresía está vigente y los pagos están al día.'),
    (2, 'Inactiva', 'La membresía fue desactivada temporalmente por el usuario.'),
    (3, 'Suspendida', 'Suspendida por el sistema por infracciones a los términos.'),
    (4, 'Cancelada', 'Membresía anulada de forma definitiva.'),
    (5, 'Vencida', 'El tiempo pagado finalizó y no se ha renovado.'),
    (6, 'Periodo de Gracia', 'Vencida recientemente, con 5 días para pagar sin perder beneficios.'),
    (7, 'Pendiente de Pago', 'Se intentó cobrar pero la tarjeta fue rechazada.'),
    (8, 'En Renovación', 'Procesando el cobro del próximo ciclo de facturación.'),
    (9, 'Prueba Gratuita', 'Usuario gozando de 30 días de cortesía de nivel Gold.'),
    (10, 'Bloqueada', 'Bloqueo preventivo por sospecha de fraude o reventa ilegal.');
  
-- TABLA: ESTATUS_PAGO_MEMBRESIA
INSERT INTO ESTATUS_PAGO_MEMBRESIA (ID_ESTATUS_PAGO_MEMBRESIA, NOMBRE_ESTATUS_PAGO_MEMBRESIA, DESC_ESTATUS_PAGO_MEMB) VALUES 
    (1, 'Aprobado', 'El pago fue procesado por la pasarela exitosamente.'),
    (2, 'Rechazado - Fondos', 'Transacción declinada por fondos insuficientes.'),
    (3, 'Rechazado - Banco', 'El banco emisor bloqueó la transacción.'),
    (4, 'Pendiente', 'El pago está en proceso de verificación (ej. transferencias).'),
    (5, 'Reversado', 'El pago fue devuelto al cliente por error en sistema.'),
    (6, 'Fraude Sospechoso', 'Bloqueado por el sistema antifraude.'),
    (7, 'Expirado', 'El tiempo para completar el pago caducó.'),
    (8, 'Cancelado por Usuario', 'El usuario abortó el pago antes de procesarse.'),
    (9, 'En Disputa', 'El usuario reportó el cargo (Chargeback).'),
    (10, 'Reembolsado', 'El pago se completó pero el dinero fue devuelto por solicitud.');

-- TABLA: ESTATUS_FASE_PRODUCCION
INSERT INTO ESTATUS_FASE_PRODUCCION (ID_ESTATUS_FP, NOMBRE_ESTATUS_FP, DESCRIPCION_ESTATUS_FP) VALUES 
    (1, 'No Iniciada', 'La fase de producción ha sido programada pero no ha comenzado.'),
    (2, 'En Progreso', 'Los empleados están trabajando actualmente en esta fase.'),
    (3, 'Pausada', 'Producción detenida temporalmente por falta de insumos o fallas.'),
    (4, 'En Revisión QA', 'Fase terminada, a la espera de aprobación de calidad.'),
    (5, 'Completada', 'Fase finalizada y aprobada con éxito.'),
    (6, 'Rechazada', 'La fase no pasó los controles de calidad y debe repetirse.'),
    (7, 'Cancelada', 'Producción abortada permanentemente.'),
    (8, 'Retrasada', 'La fase superó el tiempo estimado de finalización.'),
    (9, 'Mantenimiento', 'Maquinaria en mantenimiento durante esta fase.'),
    (10, 'Empaquetado', 'Fase final de embalaje del producto.');

-- TABLA: ESTATUS_PRECIO 
-- Nota: Se debe cambiar el nombre de NOMBRE_ESATUS_PRECIO a como está acá.
INSERT INTO ESTATUS_PRECIO (ID_ESTATUS_PRECIO, NOMBRE_ESTATUS_PRECIO, DESCRIPCION_ESTATUS_PRECIO) VALUES 
    (1, 'Activo', 'El precio actual vigente para el producto.'),
    (2, 'Inactivo', 'Precio obsoleto, reemplazado por uno nuevo.'),
    (3, 'Promoción', 'Precio reducido temporalmente por campaña publicitaria.'),
    (4, 'Liquidación', 'Precio de remate para agotar inventario restante.'),
    (5, 'Preventa', 'Precio especial para órdenes anticipadas antes del lanzamiento.'),
    (6, 'Descontinuado', 'Precio de un producto que ya no se fabrica.'),
    (7, 'Suscripción', 'Precio bloqueado para usuarios con membresía activa.'),
    (8, 'Oferta Relámpago', 'Descuento válido únicamente por pocas horas.'),
    (9, 'Mayorista VIP', 'Precio preferencial para compradores de gran volumen.'),
    (10, 'Subasta Base', 'Precio inicial de arranque para un evento de subasta.');

-- TABLA: ESTATUS_INVENTARIO
INSERT INTO ESTATUS_INVENTARIO (ID_ESTATUS_INVENTARIO, NOMBRE_ESTATUS_INVENTARIO, DESCRIPCION_ESTATUS_INVENTARIO) VALUES 
    (1, 'Disponible', 'Producto almacenado y listo para la venta B2B o B2C.'),
    (2, 'Reservado', 'Apartado temporalmente en el carrito de un cliente.'),
    (3, 'En Tránsito', 'En movimiento físico entre una sede y otra (o en océano).'),
    (4, 'Vendido', 'Producto facturado y despachado al cliente.'),
    (5, 'En Subasta', 'Inventario bloqueado porque pertenece a una subasta activa.'),
    (6, 'Devuelto', 'Producto retornado por el cliente, pendiente de revisión.'),
    (7, 'Dañado / Merma', 'Producto con daños de fábrica o transporte, no apto para venta.'),
    (8, 'Extraviado', 'Pérdida desconocida detectada en auditoría de almacén.'),
    (9, 'En Cuarentena', 'Retenido por controles de calidad (QA).'),
    (10, 'Liquidación', 'Apartado para ventas de remate a bajo costo.');

INSERT INTO estatus_orden_compra_b2c (nombre_estatus_orden_b2c,descripcion_estatus_orden_b2c)
VALUES
    ('Emitida', 'La orden fue creada pero no validada'),
    ('Validada', 'La pasarela de pago confirmó la transacción'),
    ('En preparación ', 'El almacén está preparando el pedido para su envío'),
    ('Despachada', 'El paquete fue entregado al courier'),
    ('Entregada', 'Confirmación de recepción final'),
    ('Facturada', 'Documento fiscal generado'),
    ('Cobrada', 'El dinero ingresó a la cuenta de MATTELUCAB'),
    ('Cancelada', 'Solo es posible si la orden no ha entrado en estado despachada'),
    ('Devuelta', 'Proceso de logística inversa por defectos de la calidad');

INSERT INTO estatus_orden_b2b (nombre_estatus_orden_b2b,descripcion_orden_b2b)
VALUES
    ('Emitida', 'La orden fue creada pero no validada'),
    ('Validada', 'Se verificó el credito del cliente'),
    ('En preparación ', 'El almacén está preparando el pedido para su envío'),
    ('Despachada', 'El paquete fue entregado al courier'),
    ('Entregada', 'Confirmación de recepción final'),
    ('Facturada', 'Documento fiscal generado'),
    ('Cobrada', 'El dinero ingresó a la cuenta de MATTELUCAB'),
    ('Cancelada', 'Solo es posible si la orden no ha entrado en estado despachada'),
    ('Devuelta', 'Proceso de logística inversa por defectos de la calidad');

-- ========================================================================================
-- SECCIÓN 4: MÓDULO DE SUBASTAS (Creación, Órdenes, Pujas, Adjudicación e Historiales)
-- ========================================================================================

INSERT INTO SUBASTA (ID_SUBASTA, ID_PIEZA, ID_MOLDE, ID_SEDE, ID_MATERIAPRIMA, BAS_ID_BASEDISENO, ID_BASEDISENO, ID_PRODUCTO, NOMBRE_SUBASTA, FECHAHORA_INICIO_SUBASTA, FECHAHORA_FIN_SUBASTA, PRECIO_BASE_SUBASTA, INCREMENTO_MINIMO_SUBASTA) VALUES 
    (1, 1, 1, 1, 1, 1, 1, 1, 'Subasta de Arte Moderno Escaso', '2026-05-01', '2026-05-10', 100.00, 10.00),
    (2, 2, 2, 2, 2, 2, 2, 2, 'Colección de Esculturas de Resina', '2026-05-05', '2026-05-15', 300.00, 25.00),
    (3, 3, 3, 3, 3, 3, 3, 3, 'Edición Limitada Prototipos ADN', '2026-05-10', '2026-05-18', 800.00, 50.00),
    (4, 4, 4, 4, 4, 4, 4, 4, 'Modelos Vintage de Lujo', '2026-05-12', '2026-05-20', 250.00, 20.00),
    (5, 5, 5, 5, 5, 5, 5, 5, 'Lote Especial BarbieCoins Digital', '2026-05-15', '2026-05-22', 5.00, 1.00),
    (6, 6, 6, 6, 6, 6, 6, 6, 'Subasta Conmemorativa Platino', '2026-05-18', '2026-05-25', 1200.00, 100.00),
    (7, 7, 7, 7, 7, 7, 7, 7, 'Figuras de Colección Cristal', '2026-05-20', '2026-05-28', 450.00, 30.00),
    (8, 8, 8, 8, 8, 8, 8, 8, 'Miniaturas de Aleación Metálica', '2026-05-22', '2026-05-29', 150.00, 15.00),
    (9, 9, 9, 9, 9, 9, 9, 9, 'Modelos de Porcelana Fina', '2026-05-24', '2026-05-30', 600.00, 40.00),
    (10, 10, 10, 10, 10, 10, 10, 10, 'Subasta Clausura Temporada Oro', '2026-05-25', '2026-05-31', 2000.00, 150.00);

-- Se insertan inicialmente con ID_PENALIZACION en NULL
INSERT INTO ORDEN_SUBASTA (ID_ORDEN_SUBASTA, ID_PENALIZACION, ID_ADJUDICACION, FECHAHORA_ORDEN_VENTA, N_FACTURA_SUBASTA, TOTAL_ORDEN_SUBASTA) VALUES 
    (1, NULL, 1, '2026-05-01', 'FAC-SUB-2026-001', 220.00),
    (2, NULL, 2, '2026-05-02', 'FAC-SUB-2026-002', 1050.00),
    (3, NULL, 3, '2026-05-03', 'FAC-SUB-2026-003', 4800.00),
    (4, NULL, 4, '2026-05-04', 'FAC-SUB-2026-004', 45.00),
    (5, NULL, 5, '2026-05-05', 'FAC-SUB-2026-005', 350.00),
    (6, NULL, 6, '2026-05-06', 'FAC-SUB-2026-006', 780.00),
    (7, NULL, 7, '2026-05-07', 'FAC-SUB-2026-007', 1500.00),
    (8, NULL, 8, '2026-05-08', 'FAC-SUB-2026-008', 920.00),
    (9, NULL, 9, '2026-05-09', 'FAC-SUB-2026-009', 410.00),
    (10, NULL, 10, '2026-05-10', 'FAC-SUB-2026-010', 2050.00);

-- Cada una apunta a una de las 10 órdenes creadas
INSERT INTO PENALIZACION (ID_PENALIZACION, ID_ORDEN_SUBASTA, NOMBRE_PENALIZACION, DESCRIPCION_PENALIZACION, ESTADO_PENALIZACION, FECHA_PENALIZACION) VALUES 
    (1, 1, 'Multa por Pago Tardío', 'El cliente realizó el pago 24 horas después del límite establecido en las políticas de la subasta.', 'Pagada', '2026-05-04'),
    (2, 2, 'Incumplimiento de Retiro', 'El cliente no retiró el lote físico del almacén en el plazo de 5 días hábiles.', 'Aplicada', '2026-05-08'),
    (3, 3, 'Intento de Fraude', 'Reversión del pago mediante tarjeta de crédito sin autorización previa ni justificación.', 'En Disputa', '2026-05-05'),
    (4, 4, 'Abandono de Subasta', 'El usuario ganador no se presentó a concretar la compra ni respondió correos.', 'Aplicada', '2026-05-07'),
    (5, 5, 'Uso de Cuenta de Terceros', 'El pago provino de una cuenta bancaria no verificada ni a nombre del titular del perfil.', 'En Revisión', '2026-05-08'),
    (6, 6, 'Uso de Bots', 'Se detectó el uso de software automatizado para inflar las pujas repetitivamente.', 'Aplicada', '2026-05-07'),
    (7, 7, 'Retraso en Documentación', 'Falta de envío de documentos KYC (Conoce a tu Cliente) para una compra de alto valor.', 'Pendiente', '2026-05-12'),
    (8, 8, 'Cancelación Injustificada', 'El cliente solicitó cancelar la compra sin un motivo válido amparado en los términos.', 'Aplicada', '2026-05-10'),
    (9, 9, 'Pago Incompleto', 'El cliente transfirió el costo del lote pero omitió el pago de la comisión de la casa de subastas.', 'Pendiente de Pago', '2026-05-11'),
    (10, 10, 'Comportamiento Abusivo', 'Faltas de respeto al personal de soporte tras ganar la puja e inconformidad con el envío.', 'Aplicada', '2026-05-12');

UPDATE ORDEN_SUBASTA SET ID_PENALIZACION = 1 WHERE ID_ORDEN_SUBASTA = 1;
UPDATE ORDEN_SUBASTA SET ID_PENALIZACION = 2 WHERE ID_ORDEN_SUBASTA = 2;
UPDATE ORDEN_SUBASTA SET ID_PENALIZACION = 3 WHERE ID_ORDEN_SUBASTA = 3;
UPDATE ORDEN_SUBASTA SET ID_PENALIZACION = 4 WHERE ID_ORDEN_SUBASTA = 4;
UPDATE ORDEN_SUBASTA SET ID_PENALIZACION = 5 WHERE ID_ORDEN_SUBASTA = 5;
UPDATE ORDEN_SUBASTA SET ID_PENALIZACION = 6 WHERE ID_ORDEN_SUBASTA = 6;
UPDATE ORDEN_SUBASTA SET ID_PENALIZACION = 7 WHERE ID_ORDEN_SUBASTA = 7;
UPDATE ORDEN_SUBASTA SET ID_PENALIZACION = 8 WHERE ID_ORDEN_SUBASTA = 8;
UPDATE ORDEN_SUBASTA SET ID_PENALIZACION = 9 WHERE ID_ORDEN_SUBASTA = 9;
UPDATE ORDEN_SUBASTA SET ID_PENALIZACION = 10 WHERE ID_ORDEN_SUBASTA = 10;

-- Nota: ID_ADJUDICACION se coloca simulando registros enlazados. 
-- Solo las pujas 'Ganadoras' (Estatus 3) suelen tener adjudicación asignada.
INSERT INTO PUJA (ID_PUJA, ID_ADJUDICACION, ID_MONEDA, ID_ESTATUS_PUJA, ID_USUARIO, ID_SUBASTA, MONTO_PUJA, FECHAHORA_OFERTADA_PUJA) VALUES 
    (1, NULL, 1, 2, 3, 1, 150.00, '2026-05-10'), -- Superada (Moneda 1: USD)
    (2, NULL, 1, 2, 5, 1, 180.00, '2026-05-10'), -- Superada
    (3, 1,    1, 3, 3, 1, 220.00, '2026-05-10'), -- Ganadora e Historial Adjudicación 1
    (4, NULL, 1, 1, 2, 2, 500.00, '2026-05-15'), -- Activa en subasta 2
    (5, NULL, 3, 4, 8, 2, 550.00, '2026-05-15'), -- Retirada (Moneda 3: USDT)
    (6, 2,    1, 3, 4, 3, 1050.00, '2026-05-18'),-- Ganadora e Historial Adjudicación 2
    (7, NULL, 2, 2, 1, 4, 4500.00, '2026-05-20'),-- Superada (Moneda 2: Bs)
    (8, 3,    2, 3, 7, 4, 4800.00, '2026-05-20'),-- Ganadora e Historial Adjudicación 3
    (9, NULL, 5, 5, 9, 5, 10.00, '2026-05-22'),  -- Inválida (Moneda 5: BarbieCoins)
    (10, 4,   5, 3, 9, 5, 45.00, '2026-05-22');  -- Ganadora e Historial Adjudicación 4

-- Vincula las Pujas ganadoras y las Órdenes de Subasta creadas antes.
INSERT INTO ADJUDICACION (ID_ADJUDICACION, ID_PUJA, ID_ORDEN_VENTA, FECHAHORA_GANADOR, MONTO_FINAL_ADJUDICACION) VALUES 
    (1, 3, 1, '2026-05-10', 220.00),
    (2, 6, 2, '2026-05-18', 1050.00),
    (3, 8, 3, '2026-05-20', 4800.00),
    (4, 10, 4, '2026-05-22', 45.00),
    (5, 5, 5, '2026-05-15', 350.00),  -- Asumiendo IDs consecutivos de pujas de prueba
    (6, 6, 6, '2026-05-25', 780.00),
    (7, 7, 7, '2026-05-28', 1500.00),
    (8, 8, 8, '2026-05-29', 920.00),
    (9, 9, 9, '2026-05-30', 410.00),
    (10, 10, 10, '2026-05-31', 2050.00);

-- TABLA: HISTORICO_SUBASTA 
-- Relaciona las subastas (del 1 al 10) con sus estados. 
-- El registro con FECHAFIN en NULL es el estado actual de esa subasta.
INSERT INTO HISTORICO_SUBASTA (ID_ESTATUS_SUBASTA, ID_SUBASTA, FECHAINICIO_ESTATUS_SUBASTA, FECHAFIN_ESTATUS_SUBASTA) VALUES 
    (1, 1, '2026-04-25', '2026-05-01'), -- Estuvo programada
    (2, 1, '2026-05-01', '2026-05-10'), -- Estuvo activa
    (4, 1, '2026-05-10', NULL),         -- Actualmente Adjudicada

    (1, 2, '2026-05-01', '2026-05-05'), 
    (2, 2, '2026-05-05', '2026-05-15'), 
    (4, 2, '2026-05-15', NULL),         

    (2, 5, '2026-05-15', '2026-05-22'), 
    (4, 5, '2026-05-22', NULL),         

    (2, 10, '2026-05-25', NULL),        -- Subasta 10 actualmente Activa
    (6, 4, '2026-05-12', NULL);         -- Subasta 4 fue Cancelada

-- Registra los cambios de estatus por los que pasa cada orden.
-- Los registros con NULL en FECHAHORAFIN_ORDSUBASTA indican el estado actual.
INSERT INTO HISTORICO_EST_ORD_SUBASTA (ID_ESTATUS_ORDENSUB, ID_ORDEN_VENTA, FECHAHORAINICIO_ORDSUBASTA, FECHAHORAFIN_ORDSUBASTA) VALUES 
    -- Historial de la Orden 1: Pasó de Emitida a Pagada
    (1, 1, '2026-05-10', '2026-05-11'),
    (2, 1, '2026-05-11', NULL), 

    -- Historial de la Orden 2: Pasó de Emitida a Entregada
    (1, 2, '2026-05-18', '2026-05-19'),
    (3, 2, '2026-05-19', NULL),

    -- Historial de la Orden 3: Sigue en procesamiento inicial
    (1, 3, '2026-05-20', NULL),

    -- Historial de la Orden 4: Pasó de Emitida a Cancelada por Penalización
    (1, 4, '2026-05-22', '2026-05-23'),
    (4, 4, '2026-05-23', NULL),

    -- Órdenes del 5 al 10 en su estado inicial activo
    (1, 5, '2026-05-15', NULL),
    (1, 6, '2026-05-25', NULL),
    (1, 7, '2026-05-28', NULL),
    (1, 8, '2026-05-29', NULL);

-- ========================================================================================
-- SECCIÓN 5: MÓDULO DE VENTAS (Órdenes B2B/B2C, Detalles, Descuentos y Backorders)
-- ========================================================================================

-- Nota: CONDICION_PAGO solo admite 30, 60 o 90.
INSERT INTO ORDEN_COMPRA_B2B (ID_ORDEN_COMPRA_B2B, ID_USUARIO, ID_CONTRATO, FECHAHORA_ORDEN_COMPRA_B2B, CONDICION_PAGO, N_FACTURA_COMPRA_B2B, SUBTOTAL_ORDEN_COMPRA_B2B, TOTAL_ORDEN_COMPRA_B2B) VALUES 
    (1, 1, 1, '2026-05-01', 30, 2026001, 5000.00, 5600.00),
    (2, 2, 2, '2026-05-02', 60, 2026002, 12000.00, 13440.00),
    (3, 3, 3, '2026-05-03', 90, 2026003, 8500.00, 9520.00),
    (4, 4, 4, '2026-05-04', 30, 2026004, 3200.00, 3584.00),
    (5, 5, 5, '2026-05-05', 60, 2026005, 15000.00, 16800.00),
    (6, 6, 6, '2026-05-06', 30, 2026006, 4100.00, 4592.00),
    (7, 7, 7, '2026-05-07', 90, 2026007, 22000.00, 24640.00),
    (8, 8, 8, '2026-05-08', 30, 2026008, 9300.00, 10416.00),
    (9, 9, 9, '2026-05-09', 60, 2026009, 6700.00, 7504.00),
    (10, 10, 10, '2026-05-10', 30, 2026010, 11000.00, 12320.00);

INSERT INTO ORDEN_COMPRA_B2C (ID_ORDEN_COMPRA_B2C, ID_ENVIO_B2C, ID_USUARIO, ID_CONTRATO, FECHAHORA_ORDEN_COMPRA_B2C, N_FACTURA_COMPRA_B2C, SUBTOTAL_ORDEN_COMPRA_B2C, TOTAL_ORDEN_COMPRA_B2C) VALUES 
    (1, 1, 11, 11, '2026-05-01', 2026101, 150.00, 168.00),
    (2, 2, 12, 12, '2026-05-02', 2026102, 320.00, 358.40),
    (3, NULL, 13, 13, '2026-05-03', 2026103, 85.00, 95.20), -- Compra digital o retiro en tienda
    (4, 4, 14, 14, '2026-05-04', 2026104, 500.00, 560.00),
    (5, NULL, 15, 15, '2026-05-05', 2026105, 45.00, 50.40),
    (6, 6, 16, 16, '2026-05-06', 2026106, 210.00, 235.20),
    (7, 7, 17, 17, '2026-05-07', 2026107, 600.00, 672.00),
    (8, NULL, 18, 18, '2026-05-08', 2026108, 125.00, 140.00),
    (9, 9, 19, 19, '2026-05-09', 2026109, 340.00, 380.80),
    (10, 10, 20, 20, '2026-05-10', 2026110, 890.00, 996.80);

-- Contiene las 7 llaves foráneas compuestas que definen al producto
INSERT INTO DETALLE_ORDEN_B2B (ID_PIEZA, ID_MOLDE, ID_MATERIAPRIMA, BAS_ID_BASEDISENO, ID_BASEDISENO, ID_PRODUCTO, ID_ORDEN_COMPRA_B2B, CANTIDADSOLICITAD_ORDEN_B2B, CANTIDAD_DESPACHADA, PRECIO_UNITARIO_DETALLE_B2B) VALUES 
    (1, 1, 1, 1, 1, 1, 1, 1000, 1000, 5.00),
    (2, 2, 2, 2, 2, 2, 2, 500, 500, 24.00),
    (3, 3, 3, 3, 3, 3, 3, 200, 150, 42.50), -- Despacho parcial (genera backorder)
    (4, 4, 4, 4, 4, 4, 4, 800, 800, 4.00),
    (5, 5, 5, 5, 5, 5, 5, 1500, NULL, 10.00), -- Aún no despachado
    (6, 6, 6, 6, 6, 6, 6, 300, 300, 13.66),
    (7, 7, 7, 7, 7, 7, 7, 2000, 2000, 11.00),
    (8, 8, 8, 8, 8, 8, 8, 600, 600, 15.50),
    (9, 9, 9, 9, 9, 9, 9, 100, 50, 67.00),  -- Despacho parcial
    (10, 10, 10, 10, 10, 10, 10, 2500, 2500, 4.40);

INSERT INTO DETALLE_ORDEN_B2C (ID_PIEZA, ID_MOLDE, ID_MATERIAPRIMA, BAS_ID_BASEDISENO, ID_BASEDISENO, ID_PRODUCTO, ID_ORDEN_COMPRA_B2C, CANTIDAD_ORDEN_B2C, PRECIO_UNITARIO_B2C) VALUES 
    (1, 1, 1, 1, 1, 1, 1, 2, 75.00),
    (2, 2, 2, 2, 2, 2, 2, 1, 320.00),
    (3, 3, 3, 3, 3, 3, 3, 5, 17.00),
    (4, 4, 4, 4, 4, 4, 4, 10, 50.00),
    (5, 5, 5, 5, 5, 5, 5, 1, 45.00),
    (6, 6, 6, 6, 6, 6, 6, 3, 70.00),
    (7, 7, 7, 7, 7, 7, 7, 4, 150.00),
    (8, 8, 8, 8, 8, 8, 8, 5, 25.00),
    (9, 9, 9, 9, 9, 9, 9, 2, 170.00),
    (10, 10, 10, 10, 10, 10, 10, 1, 890.00);

-- Vincula qué descuentos se aplicaron a cada orden mayorista
INSERT INTO DESCUENTO_ORDEN_B2B (ID_ORDEN_COMPRA_B2B, ID_DESCUENTO) VALUES 
    (1, 1),  -- Orden 1 tiene el descuento 1
    (2, 2),  
    (3, 3),
    (4, 4),
    (5, 1),  -- Orden 5 también tiene el descuento 1
    (6, 5),
    (7, 6),
    (8, 7),
    (9, 8),
    (10, 9);

-- Vincula qué cupones o descuentos se aplicaron a cada orden minorista
INSERT INTO DESCUENTO_ORDEN_B2C (ID_ORDEN_COMPRA_B2C, ID_DESCUENTO) VALUES 
    (1, 10),
    (2, 11),
    (3, 12),
    (4, 10), -- Varias órdenes pueden usar el mismo descuento
    (5, 13),
    (6, 14),
    (7, 15),
    (8, 16),
    (9, 17),
    (10, 18);

-- Asignamos cantidades faltantes ficticias para órdenes de compra B2B
INSERT INTO BACKORDER (ID_BACKORDER, ID_PIEZA, ID_MOLDE, ID_MATERIAPRIMA, BAS_ID_BASEDISENO, ID_BASEDISENO, ID_PRODUCTO, ID_ORDEN_COMPRA_B2B, CANTIDAD_PENDIENTE_BACK, FECHAINICIO_BACKORDER) VALUES 
    (1, 1, 1, 1, 1, 1, 1, 1, 500, '2026-04-15'),
    (2, 2, 2, 2, 2, 2, 2, 2, 1200, '2026-04-18'),
    (3, 3, 3, 3, 3, 3, 3, 3, 300, '2026-04-20'),
    (4, 4, 4, 4, 4, 4, 4, 4, 850, '2026-04-22'),
    (5, 5, 5, 5, 5, 5, 5, 5, 150, '2026-04-25'),
    (6, 6, 6, 6, 6, 6, 6, 6, 2000, '2026-05-01'),
    (7, 7, 7, 7, 7, 7, 7, 7, 75, '2026-05-05'),
    (8, 8, 8, 8, 8, 8, 8, 8, 400, '2026-05-10'),
    (9, 9, 9, 9, 9, 9, 9, 9, 620, '2026-05-12'),
    (10, 10, 10, 10, 10, 10, 10, 10, 1000, '2026-05-15');

-- Traza la línea de tiempo de los estados de un backorder.
INSERT INTO HISTORICO_BACKORDER (ID_ESTATUS_BACKORDER, ID_BACKORDER, FECHAHORA_INICIO_BACKORDER, FECHAHORA_FIN_BACKORDER) VALUES 
    (1, 1, '2026-04-15', '2026-04-16'), -- Generado
    (2, 1, '2026-04-16', '2026-04-20'), -- Aprobado
    (4, 1, '2026-04-20', NULL),         -- Actualmente en Producción

    (1, 2, '2026-04-18', '2026-04-25'),
    (3, 2, '2026-04-25', NULL),         -- Actualmente esperando Materia Prima

    (1, 6, '2026-05-01', '2026-05-05'),
    (8, 6, '2026-05-05', NULL),         -- Ya Completado

    (1, 10, '2026-05-15', NULL),        -- Recién Generado
    (9, 7, '2026-05-05', NULL);         -- Cancelado por Cliente B2B


INSERT INTO HISTORICO_ORDEN_COMPRA_B2B (ID_ESTATUS_ORDEN_B2B, ID_ORDEN_COMPRA_B2B, FECHAHORA_INICIO_COMPRA_B2B, FECHAHORA_FIN_COMPRA_B2B) VALUES 
    (1, 1, '2026-05-01', NULL),
    (1, 2, '2026-05-02', NULL),
    (1, 3, '2026-05-03', NULL),
    (1, 4, '2026-05-04', NULL),
    (1, 5, '2026-05-05', NULL),
    (1, 6, '2026-05-06', NULL),
    (1, 7, '2026-05-07', NULL),
    (1, 8, '2026-05-08', NULL),
    (1, 9, '2026-05-09', NULL),
    (1, 10, '2026-05-10', NULL);

-- Registramos el historial asumiendo el estatus 1 (Emitida) para las 10 órdenes creadas.
INSERT INTO HISTORICO_ORDEN_COMPRA_B2C (ID_ESTATUS_B2C, ID_ORDEN_COMPRA_B2C, FECHAHORA_INICIO_COMPRA_B2C, FECHAHORA_FIN_COMPRA_B2C) VALUES 
    (1, 1, '2026-05-01', '2026-05-02'),
    (1, 2, '2026-05-02', '2026-05-03'),
    (1, 3, '2026-05-03', '2026-05-04'),
    (1, 4, '2026-05-04', '2026-05-05'),
    (1, 5, '2026-05-05', '2026-05-06'),
    (1, 6, '2026-05-06', '2026-05-07'),
    (1, 7, '2026-05-07', '2026-05-08'),
    (1, 8, '2026-05-08', '2026-05-09'),
    (1, 9, '2026-05-09', '2026-05-10'),
    (1, 10, '2026-05-10', NULL);

-- Los montos coinciden exactamente con el TOTAL_ORDEN_COMPRA_B2B
INSERT INTO PAGO_B2B (CHE_ID_METODO_PAGO, ID_METODO_PAGO, ID_MONEDA, MONTO_PAGO_B2B, FECHAHORA_PAGO_B2B) VALUES 
    (1, 1, 1, 5600.00, '2026-05-02'),
    (2, 2, 1, 13440.00, '2026-05-03'),
    (3, 3, 1, 9520.00, '2026-05-04'),
    (4, 4, 1, 3584.00, '2026-05-05'),
    (5, 5, 1, 16800.00, '2026-05-06'),
    (6, 6, 1, 4592.00, '2026-05-07'),
    (7, 7, 1, 24640.00, '2026-05-08'),
    (8, 8, 1, 10416.00, '2026-05-09'),
    (9, 9, 1, 7504.00, '2026-05-10'),
    (10, 10, 1, 12320.00, '2026-05-11');

-- Los montos coinciden exactamente con el TOTAL_ORDEN_COMPRA_B2C
INSERT INTO PAGO_B2C (ID_ORDEN_COMPRA_B2C, PAY_ID_METODO_PAGO, ID_METODO_PAGO, TAR_ID_METODO_PAGO, TAR_ID_METODO_PAGO2, ID_MONEDA, MONTO_PAGO_B2C, FECHAHORA_PAGO_B2C) VALUES 
    (1, 1, 1, 1, 1, 1, 168.00, '2026-05-01'),
    (2, 2, 2, 2, 2, 1, 358.40, '2026-05-02'),
    (3, 3, 3, 3, 3, 1, 95.20, '2026-05-03'),
    (4, 4, 4, 4, 4, 1, 560.00, '2026-05-04'),
    (5, 5, 5, 5, 5, 1, 50.40, '2026-05-05'),
    (6, 6, 6, 6, 6, 1, 235.20, '2026-05-06'),
    (7, 7, 7, 7, 7, 1, 672.00, '2026-05-07'),
    (8, 8, 8, 8, 8, 1, 140.00, '2026-05-08'),
    (9, 9, 9, 9, 9, 1, 380.80, '2026-05-09'),
    (10, 10, 10, 10, 10, 1, 996.80, '2026-05-10');

-- ========================================================================================
-- SECCIÓN 6: LOGÍSTICA Y ENVÍOS (Transporte, Manifiestos y Envíos B2C) (Tipo_Transporte está más arriba)
-- ========================================================================================

-- Asignamos vehículos físicos a los 10 Tipos de Transporte (ID_TIPO_TRANSPORTE) que ya existen.
INSERT INTO TRANSPORTE (ID_TRANSPORTE, ID_TIPO_TRANSPORTE, NOMBRE_TRANSPORTE) VALUES 
    (1, 1, 'Gándola Mack Titan 001'),
    (2, 2, 'Furgoneta Mercedes Sprinter 02'),
    (3, 3, 'Buque de Carga MSC Rosalind'),
    (4, 4, 'Avión de Carga Boeing 767F'),
    (5, 5, 'Camión Volvo FH 05'),
    (6, 6, 'Moto de Carga Rápida 06'),
    (7, 7, 'Tren de Carga Multimodal 07'),
    (8, 8, 'Camión Refrigerado ThermoKing 08'),
    (9, 9, 'Camión Ligero Isuzu 09'),
    (10, 10, 'Furgón Comercial POP 10');

-- Envíos de las órdenes minoristas (ID_COURIER del 1 al 4: DHL, FedEx, Zoom, MRW)
INSERT INTO ENVIO_B2C (ID_ENVIO_B2C, ID_COURIER, ID_ORDEN_COMPRA_B2C, ID_LUGAR, LUG_ID_LUGAR, NUMERO_TRACKING, FECHA_ENVIO_B2C, COSTO_ENVIO_B2C, DIRECCION_ENVIO_B2C, DIRECCION_ORIGEN_B2C) VALUES 
    (1, 1, 1, 1, 1, 80001001, '2026-05-02', 15.50, 'Av. Francisco de Miranda, Edif. Centro, Piso 4, Caracas', 'Almacén Principal, Planta Guarenas'),
    (2, 2, 2, 2, 2, 80001002, '2026-05-03', 22.00, 'Urb. El Viñedo, Calle 140, Valencia', 'Almacén Principal, Planta Guarenas'),
    (3, 3, 3, 3, 3, 80001003, '2026-05-04', 12.00, 'Sector Alta Vista, Carrera Principal, Puerto Ordaz', 'Almacén Principal, Planta Guarenas'),
    (4, 4, 4, 4, 4, 80001004, '2026-05-05', 18.50, 'Av. Las Delicias, Centro Empresarial, Maracay', 'Almacén Principal, Planta Guarenas'),
    (5, 1, 5, 5, 5, 80001005, '2026-05-06', 10.00, 'Urb. La Trigaleña, Residencias Sol, Valencia', 'Almacén Principal, Planta Guarenas'),
    (6, 2, 6, 6, 6, 80001006, '2026-05-07', 25.00, 'Barrio Obrero, Carrera 20, San Cristóbal', 'Almacén Principal, Planta Guarenas'),
    (7, 3, 7, 7, 7, 80001007, '2026-05-08', 14.50, 'Av. 5 de Julio, Local 45, Maracaibo', 'Almacén Principal, Planta Guarenas'),
    (8, 4, 8, 8, 8, 80001008, '2026-05-09', 11.00, 'Urb. Fundalara, Avenida Capanaparo, Barquisimeto', 'Almacén Principal, Planta Guarenas'),
    (9, 1, 9, 9, 9, 80001009, '2026-05-10', 30.00, 'Av. Bella Vista, Centro Comercial, Maracaibo', 'Almacén Principal, Planta Guarenas'),
    (10, 2, 10, 10, 10, 80001010, '2026-05-11', 19.99, 'Urb. Los Mangos, Torre A, Piso 2, Caracas', 'Almacén Principal, Planta Guarenas');

-- Documento legal que ampara el traslado masivo de mercancía B2B en un Transporte.
INSERT INTO MANIFIESTO_CARGO (ID_MANIFIESTOCARGO, ID_TRANSPORTE, ID_LUGAR, LUG_ID_LUGAR, FECHAHORA_EMISION_MANIFIESTO, DIR_DESTINO_MANIFIESTO, DIR_ORIGEN_MANIFIESTO) VALUES 
    (1, 1, 1, 1, '2026-05-02', 'Centro de Distribución Cadenas, Caracas', 'Almacén Central B2B, Guarenas'),
    (2, 2, 2, 2, '2026-05-03', 'Hub Logístico Occidente, Barquisimeto', 'Almacén Central B2B, Guarenas'),
    (3, 3, 3, 3, '2026-05-04', 'Puerto Internacional, La Guaira', 'Almacén Central B2B, Guarenas'),
    (4, 4, 4, 4, '2026-05-05', 'Aeropuerto Internacional, Maiquetía', 'Almacén Central B2B, Guarenas'),
    (5, 5, 5, 5, '2026-05-06', 'Centro Comercial Mayorista, Valencia', 'Almacén Central B2B, Guarenas'),
    (6, 6, 6, 6, '2026-05-07', 'Depósito Regional Andes, San Cristóbal', 'Almacén Central B2B, Guarenas'),
    (7, 7, 7, 7, '2026-05-08', 'Estación de Transferencia, Maracay', 'Almacén Central B2B, Guarenas'),
    (8, 8, 8, 8, '2026-05-09', 'Almacén Controlado Clima, Maracaibo', 'Almacén Central B2B, Guarenas'),
    (9, 9, 9, 9, '2026-05-10', 'Zona Industrial Matanzas, Puerto Ordaz', 'Almacén Central B2B, Guarenas'),
    (10, 10, 10, 10, '2026-05-11', 'Distribuidora Oriente, Lechería', 'Almacén Central B2B, Guarenas');

-- Relaciona el manifiesto con las órdenes B2B y la cantidad de piezas enviadas.
-- Las cantidades coinciden con las despachadas en DETALLE_ORDEN_B2B previamente.
INSERT INTO DETALLE_MANIFIESTO_CRAGO (ID_MANIFIESTOCARGO, ID_ORDEN_COMPRA_B2B, CANTIDAD_DESPACHADA_MC) VALUES 
    (1, 1, 1000),
    (2, 2, 500),
    (3, 3, 150),  -- Esta tuvo un despacho parcial
    (4, 4, 800),
    (5, 5, 0),    -- Esta no se ha despachado aún
    (6, 6, 300),
    (7, 7, 2000),
    (8, 8, 600),
    (9, 9, 50),   -- Despacho parcial
    (10, 10, 2500);

-- ========================================================================================
-- SECCIÓN 7: ESTRUCTURA ORGANIZATIVA Y METAS (Sedes, Inventario Base y Metas)
-- ========================================================================================

--(4 Registros - Especificación del proyecto)
-- Incluye las 3 sedes físicas y 1 sede virtual de tránsito
INSERT INTO SEDE (ID_SEDE, ID_LUGAR, NOMBRE_SEDE, DIRECCION_SEDE) VALUES 
    (1, 1, 'Fábrica de Origen (Nacimiento de Stock)', 'Valencia, Estado Carabobo'),
    (2, 2, 'Hub La Guaira (Distribución LATAM)', 'Puerto de La Guaira, La Guaira'),
    (3, 3, 'Hub Maracaibo (Distribución Europa)', 'Puerto de Maracaibo, Zulia'),
    (4, 4, 'Sede Transcontinental (Tránsito)', 'Ubicación Virtual - Contenedores en Océano');

-- Repartidos lógicamente entre las 4 sedes del sistema.
INSERT INTO INVENTARIO_MATERIAPRIMA (ID_SEDE, ID_MATERIAPRIMA) VALUES 
    (1, 1), -- Fábrica Valencia
    (1, 2), -- Fábrica Valencia
    (1, 3), -- Fábrica Valencia
    (2, 4), -- Hub La Guaira
    (2, 5), -- Hub La Guaira
    (3, 6), -- Hub Maracaibo
    (3, 7), -- Hub Maracaibo
    (4, 8), -- Tránsito Oceánico
    (4, 9), -- Tránsito Oceánico
    (4, 10);-- Tránsito Oceánico


-- Establecemos metas monetarias de ventas/producción para los primeros 10 meses de 2026.
INSERT INTO META_MENSUAL (ID_META_MENSUAL, FECHAINICIO_META, FECHAFIN_META, MONTO_META) VALUES 
    (1, '2026-01-01', '2026-01-31', 150000.00),
    (2, '2026-02-01', '2026-02-28', 165000.00),
    (3, '2026-03-01', '2026-03-31', 180000.00),
    (4, '2026-04-01', '2026-04-30', 175000.00),
    (5, '2026-05-01', '2026-05-31', 200000.00),
    (6, '2026-06-01', '2026-06-30', 210000.00),
    (7, '2026-07-01', '2026-07-31', 190000.00),
    (8, '2026-08-01', '2026-08-31', 220000.00),
    (9, '2026-09-01', '2026-09-30', 250000.00),
    (10, '2026-10-01', '2026-10-31', 300000.00);

-- ========================================================================================
-- SECCIÓN 8: RECURSOS HUMANOS Y CONTRATOS (Contratos, Asistencias y Beneficios)
-- ========================================================================================

-- TABLA: EMPLEADO 
-- Representan a las personas naturales (ID_PERSONA_NATURAL del 1 al 10) que laboran en MattelUCAB.
INSERT INTO EMPLEADO (ID_PERSONA_NATURAL, ID_CONTRATO, ID_LUGAR, RIF_PERSONA_NATURAL, DIRECCION_PERSONA_NATURAL, CEDULA_PERSONA_NATURAL, P_NOMBRE_PERSONA_NATURAL, S_NOMBRE_PERSONA_NATURAL, P_APELLIDO_PERSONA_NATURAL, S_APELLIDO_PERSONA_NATURAL, FECHA_NAC_PERSONA_NATURAL) VALUES 
    (1, 1, 1, 'V-12345678-9', 'Av. Francisco de Miranda, Edif. Centro, Caracas', 'V-12345678', 'Carlos', 'Luis', 'Pérez', 'Gómez', '1985-04-12'),
    (2, 2, 2, 'V-18765432-1', 'Urb. La Viña, Calle 14, Valencia', 'V-18765432', 'María', 'Alejandra', 'Rodríguez', 'López', '1990-08-25'),
    (3, 3, 3, 'V-20123456-0', 'Sector 18 de Octubre, Av. 2, Maracaibo', 'V-20123456', 'Juan', 'Carlos', 'Martínez', 'Ruiz', '1992-11-03'),
    (4, 4, 4, 'V-15987654-3', 'Centro, Carrera 19 con Calle 25, Barquisimeto', 'V-15987654', 'Ana', 'Karina', 'González', 'Fernández', '1988-01-15'),
    (5, 5, 5, 'V-19345678-2', 'Alta Vista, Torre A, Puerto Ordaz', 'V-19345678', 'Luis', 'Eduardo', 'Díaz', 'Silva', '1991-05-20'),
    (6, 6, 6, 'V-14567890-5', 'Barrio Obrero, Carrera 20, San Cristóbal', 'V-14567890', 'Pedro', 'José', 'García', 'Mendoza', '1982-09-30'),
    (7, 7, 7, 'V-21098765-4', 'Av. Las Delicias, Maracay', 'V-21098765', 'Laura', 'Victoria', 'Hernández', 'Rojas', '1994-12-10'),
    (8, 8, 8, 'V-17654321-8', 'Sector Las Garzas, Lechería', 'V-17654321', 'Diego', 'Alejandro', 'Torres', 'Castillo', '1989-07-08'),
    (9, 9, 9, 'V-22334455-6', 'Urb. Miranda, Guarenas', 'V-22334455', 'Carmen', 'Alicia', 'Flores', 'Pineda', '1995-02-18'),
    (10, 10, 10, 'V-11223344-7', 'Av. 4 de Mayo, Porlamar', 'V-11223344', 'José', 'Gregorio', 'Romero', 'Vargas', '1979-10-05');

-- Asignamos las metas mensuales (ID_META_MENSUAL) a algunos, y NULL a quienes no tienen metas de ventas/producción.
INSERT INTO CONTRATO_PERSONAL (ID_CONTRATO, ID_META_MENSUAL, ID_PERSONA_NATURAL, CONTRATO_FECHA_INICIO, CONTRATO_FECHA_FIN) VALUES 
    (1, 1, 1, '2024-01-15', NULL),          -- Contrato indefinido (Activo)
    (2, 2, 2, '2024-02-01', NULL),          
    (3, 3, 3, '2024-03-10', NULL),
    (4, NULL, 4, '2025-01-10', '2025-12-31'), -- Contrato a tiempo determinado (Finalizado)
    (5, 5, 5, '2025-06-01', NULL),
    (6, NULL, 6, '2025-08-15', NULL),
    (7, 7, 7, '2026-01-05', NULL),
    (8, 8, 8, '2026-02-20', NULL),
    (9, NULL, 9, '2026-03-01', NULL),
    (10, 10, 10, '2026-04-10', NULL);

-- Relaciona el contrato del empleado con los ID_HORARIO (1 al 10) que creamos en la Sección 1.
INSERT INTO CONTRATO_HORARIO (ID_CONTRATO, ID_HORARIO) VALUES 
    (1, 1),  -- Empleado 1: Turno Diurno L-V
    (2, 2),  -- Empleado 2: Turno Vespertino L-V
    (3, 3),  -- Empleado 3: Turno Nocturno L-V
    (4, 10), -- Empleado 4: Staff Administrativo
    (5, 10), -- Empleado 5: Staff Administrativo
    (6, 4),  -- Empleado 6: Turno Diurno Fines de Semana
    (7, 5),  -- Empleado 7: Turno Vespertino Fines de Semana
    (8, 1),  -- Empleado 8: Turno Diurno L-V
    (9, 2),  -- Empleado 9: Turno Vespertino L-V
    (10, 3); -- Empleado 10: Turno Nocturno L-V

-- Registra las entradas y salidas. El formato es DATE según el create.
INSERT INTO ASISTENCIA (ID_ASISTENCIA, ID_CONTRATO, FECHA_HORA_ENTRADA_ASISTENCIA, FECHA_HORA_SALIDA_ASISTENCIA) VALUES 
    (1, 1, '2026-05-02', '2026-05-02'),
    (2, 2, '2026-05-02', '2026-05-02'),
    (3, 3, '2026-05-02', '2026-05-03'), -- Turno nocturno (sale al día siguiente)
    (4, 4, '2026-05-02', '2026-05-02'),
    (5, 5, '2026-05-02', '2026-05-02'),
    (6, 6, '2026-05-03', '2026-05-03'), -- Fin de semana
    (7, 7, '2026-05-03', '2026-05-03'), -- Fin de semana
    (8, 8, '2026-05-04', '2026-05-04'),
    (9, 9, '2026-05-04', '2026-05-04'),
    (10, 10, '2026-05-04', '2026-05-05');

-- Relaciona el contrato con los ID_BENEFICIO creados en la Sección 1.
INSERT INTO CONTRATO_BENEFICIO (ID_CONTRATO, ID_BENEFICIO, MONTO_CONTRATO_BENEFICIO, CANTIDAD_INCIDENCIAS) VALUES 
    (1, 8, 150.00, 1),   -- Empleado 1 recibe Seguro HCM
    (1, 9, 40.00, 1),    -- Empleado 1 recibe Bono de Alimentación
    (2, 1, 25.50, 5),    -- Empleado 2 recibe Recargo Nocturno (5 incidencias)
    (3, 1, 45.00, 10),   -- Empleado 3 recibe Recargo Nocturno (10 incidencias)
    (4, 8, 150.00, 1),   -- Empleado 4 recibe Seguro HCM
    (5, 4, 300.00, 1),   -- Empleado 5 recibe Bono Cumplimiento Metas
    (6, 2, 50.00, 2),    -- Empleado 6 recibe Prima Feriado/Descanso
    (7, 2, 50.00, 2),    -- Empleado 7 recibe Prima Feriado/Descanso
    (8, 7, 100.00, 1),   -- Empleado 8 recibe Bono Eficiencia
    (10, 5, 500.00, 1);  -- Empleado 10 recibe Regalía de Diseño (I+D)

-- TABLA: CARGO (10 Registros)
-- Cruza los ID del Tabulador Salarial (1 al 10) con los ID de Departamentos (1 al 10).
INSERT INTO CARGO (ID_CARGO, ID_TABULADOR, ID_DEPARTAMENTO, NOMBRE_CARGO, DESCRIPCION_CARGO) VALUES 
    (1, 1, 3, 'Operador de Inyección', 'Encargado de operar las máquinas inyectoras de polímeros ABS y PVC.'),
    (2, 2, 4, 'Pintor Facial Especializado', 'Aplica tampografía y pintura detallada en los rostros de las piezas.'),
    (3, 3, 3, 'Supervisor de Manufactura', 'Supervisa la línea de ensamblaje en la planta principal.'),
    (4, 4, 7, 'Ejecutivo de Cuentas B2B', 'Atiende a distribuidores mayoristas de nivel de entrada.'),
    (5, 5, 7, 'Key Account Manager', 'Gestiona grandes cadenas de jugueterías y supermercados.'),
    (6, 6, 1, 'Escultor de Prototipos 3D', 'Moldea en software 3D los nuevos conceptos de la marca.'),
    (7, 7, 2, 'Diseñador de Modas Senior', 'Crea los patrones textiles para la línea Signature y Black Label.'),
    (8, 8, 5, 'Ingeniero de Calidad (QA)', 'Ejecuta pruebas de estrés, toxicidad y caída libre a las piezas.'),
    (9, 9, 7, 'Gerente Nacional B2B', 'Dirige toda la estrategia de ventas corporativas a nivel nacional.'),
    (10, 10, 9, 'Director Financiero (CFO)', 'Administra el presupuesto, márgenes de rentabilidad y cuentas.');

-- TABLA: CONTRATO_CARGO (10 Registros)
-- Asigna el cargo al contrato. ID_CONTRATO_CARGO es un SERIAL que dejamos explícito (1-10) por ser llave primaria compuesta.
INSERT INTO CONTRATO_CARGO (ID_CARGO, ID_CONTRATO, ID_CONTRATO_CARGO, FECHA_INICIO_CONTRATO_CARGO, FECHA_FIN_CONTRATO_CARGO, HORAS_SEMANALES_CC, MOTIVO_CAMBIO_CARGO) VALUES 
    (1, 1, 1, '2024-01-15', NULL, 40, 'Asignación Inicial'),
    (2, 2, 2, '2024-02-01', NULL, 40, 'Asignación Inicial'),
    (3, 3, 3, '2024-03-10', NULL, 40, 'Asignación Inicial'),
    (4, 4, 4, '2025-01-10', '2025-12-31', 40, 'Contrato por Tiempo Determinado'),
    (5, 5, 5, '2025-06-01', NULL, 40, 'Promoción por Cumplimiento de Metas'),
    (6, 6, 6, '2025-08-15', NULL, 24, 'Medio Tiempo Fines de Semana'),
    (7, 7, 7, '2026-01-05', NULL, 24, 'Medio Tiempo Fines de Semana'),
    (8, 8, 8, '2026-02-20', NULL, 40, 'Asignación Inicial'),
    (9, 9, 9, '2026-03-01', NULL, 40, 'Asignación Inicial'),
    (10, 10, 10, '2026-04-10', NULL, 40, 'Contratación Ejecutiva Directa');

-- ========================================================================================
-- SECCIÓN 9: CLIENTES Y MEMBRESÍAS (Planes y Suscripciones B2C)
-- ========================================================================================

-- TABLA: MEMBRESIA_CLIENTE_B2C 
-- Usa los ID_MEMBRESIA (1: Gold Men, 2: Gold Anual, 3: Plat Men, 4: Plat Anual)
-- Usa ID_PERSONA_NATURAL del 11 al 20, asumiendo que representan clientes B2C finales.
INSERT INTO MEMBRESIA_CLIENTE_B2C (ID_MEMBRESIA, ID_PERSONA_NATURAL) VALUES 
    (1, 11), -- Persona 11 tiene Gold Mensual
    (2, 12), -- Persona 12 tiene Gold Anual
    (3, 13), -- Persona 13 tiene Platinum Mensual
    (4, 14), -- Persona 14 tiene Platinum Anual
    (1, 15),
    (2, 16),
    (3, 17),
    (4, 18),
    (1, 19),
    (4, 20);

-- TABLA: HISTORICO_MEMBRESIA 
-- Todas inician en un estatus activo o pendiente de pago. 
INSERT INTO HISTORICO_MEMBRESIA (ID_MEMBRESIA, ID_PERSONA_NATURAL, ID_ESTATUS_MEMBRESIA, MEMBRESIA_FECHA_INICIO, MEMBRESIA_FECHA_FIN) VALUES 
    (1, 11, 1, '2026-01-01', NULL),
    (2, 12, 1, '2026-01-15', NULL),
    (3, 13, 1, '2026-02-01', NULL),
    (4, 14, 1, '2026-02-15', NULL),
    (1, 15, 5, '2026-03-01', '2026-04-01'), -- Esta ya se encuentra vencida
    (2, 16, 1, '2026-03-15', NULL),
    (3, 17, 7, '2026-04-01', NULL),         -- Esta está pendiente de pago
    (4, 18, 1, '2026-04-10', NULL),
    (1, 19, 1, '2026-05-01', NULL),
    (4, 20, 1, '2026-05-05', NULL);

-- ========================================================================================
-- SECCIÓN 10: PAGOS Y TRANSACCIONES FINANCIERAS (CORREGIDO CON LOGICA XOR)
-- ========================================================================================

-- TABLA: USUARIO_METODO_PAGO
-- Los primeros 5 usan Tarjeta de Crédito (TAR_ID_METODO_PAGO tiene valor, ID_METODO_PAGO es NULL).
-- Los últimos 5 usan Tarjeta de Débito (TAR_ID_METODO_PAGO es NULL, ID_METODO_PAGO tiene valor).
INSERT INTO USUARIO_METODO_PAGO (ID_USUARIO, TAR_ID_METODO_PAGO, ID_METODO_PAGO, ID_USUARIO_METODO_PAGO, ES_VALIDADO, FECHA_REGISTRO) VALUES 
    (1, 1, NULL, 1, true, '2026-01-10'),
    (2, 2, NULL, 2, true, '2026-01-12'),
    (3, 3, NULL, 3, true, '2026-01-15'),
    (4, 4, NULL, 4, true, '2026-01-18'),
    (5, 5, NULL, 5, true, '2026-02-01'),
    (6, NULL, 6, 6, true, '2026-02-05'),
    (7, NULL, 7, 7, true, '2026-02-10'),
    (8, NULL, 8, 8, true, '2026-02-20'),
    (9, NULL, 9, 9, true, '2026-03-05'),
    (10, NULL, 10, 10, true, '2026-03-10');


-- TABLA: PAGO_SUBASTA
-- Reflejamos exactamente la misma lógica de los métodos de pago (NULLs incluidos).
INSERT INTO PAGO_SUBASTA (ID_ORDEN_VENTA, ID_USUARIO, TAR_ID_METODO_PAGO, ID_METODO_PAGO, ID_USUARIO_METODO_PAGO, ID_PAGO_SUBASTA, ID_MONEDA, MONTO_PAGO, FECHAHORA_PAGO) VALUES 
    (1, 1, 1, NULL, 1, 1, 1, 1500.00, '2026-05-01'),
    (2, 2, 2, NULL, 2, 2, 1, 2300.50, '2026-05-02'),
    (3, 3, 3, NULL, 3, 3, 2, 850.00, '2026-05-03'),
    (4, 4, 4, NULL, 4, 4, 1, 4100.00, '2026-05-04'),
    (5, 5, 5, NULL, 5, 5, 3, 300.00, '2026-05-05'),
    (6, 6, NULL, 6, 6, 6, 1, 5500.00, '2026-05-06'),
    (7, 7, NULL, 7, 7, 7, 2, 1200.75, '2026-05-07'),
    (8, 8, NULL, 8, 8, 8, 1, 980.00, '2026-05-08'),
    (9, 9, NULL, 9, 9, 9, 3, 670.00, '2026-05-09'),
    (10, 10, NULL, 10, 10, 10, 1, 3200.00, '2026-05-10');

-- TABLA: PAGO_MEMBRESIA
-- Reflejamos exactamente la misma lógica de los métodos de pago (NULLs incluidos).
INSERT INTO PAGO_MEMBRESIA (ID_USUARIO, TAR_ID_METODO_PAGO, ID_METODO_PAGO, ID_USUARIO_METODO_PAGO, ID_MEMBRESIA, ID_PAGO_MEMBRESIA, ID_ESTATUS_PAGO_MEMBRESIA, ID_MONEDA, FECHA_PAGO_MEMBRESIA, MONTO_PAGO_MEMBRESIA) VALUES 
    (1, 1, NULL, 1, 1, 1, 1, 1, '2026-01-01', 9.99),
    (2, 2, NULL, 2, 2, 2, 1, 1, '2026-01-15', 99.99),
    (3, 3, NULL, 3, 3, 3, 1, 1, '2026-02-01', 14.99),
    (4, 4, NULL, 4, 4, 4, 1, 1, '2026-02-15', 149.99),
    (5, 5, NULL, 5, 1, 5, 2, 1, '2026-03-01', 9.99),
    (6, NULL, 6, 6, 2, 6, 1, 1, '2026-03-15', 99.99),
    (7, NULL, 7, 7, 3, 7, 4, 1, '2026-04-01', 14.99),
    (8, NULL, 8, 8, 4, 8, 1, 1, '2026-04-10', 149.99),
    (9, NULL, 9, 9, 1, 9, 1, 1, '2026-05-01', 9.99),
    (10, NULL, 10, 10, 4, 10, 1, 1, '2026-05-05', 149.99);

-- ========================================================================================
-- SECCIÓN 7.5: INVENTARIO DE PRODUCTOS FINALES
-- ========================================================================================

-- TABLA: INVENTARIO_PRODUCTO
-- Distribuimos los 10 productos entre las 4 Sedes (ID_SEDE del 1 al 4).
-- Algunos productos premium (ej: 3, 6, 9) se asignaron a una Subasta (ID_SUBASTA), el resto en NULL (venta normal).
INSERT INTO INVENTARIO_PRODUCTO (ID_SEDE, ID_PIEZA, ID_MOLDE, ID_MATERIAPRIMA, BAS_ID_BASEDISENO, ID_BASEDISENO, ID_PRODUCTO, ID_SUBASTA) VALUES 
    (1, 1, 1, 1, 1, 1, 1, NULL), -- Sede Valencia
    (2, 2, 2, 2, 2, 2, 2, NULL), -- Hub La Guaira
    (3, 3, 3, 3, 3, 3, 3, 1),    -- Hub Maracaibo (En Subasta 1)
    (4, 4, 4, 4, 4, 4, 4, NULL), -- Tránsito Oceánico
    (1, 5, 5, 5, 5, 5, 5, NULL), -- Sede Valencia
    (2, 6, 6, 6, 6, 6, 6, 2),    -- Hub La Guaira (En Subasta 2)
    (3, 7, 7, 7, 7, 7, 7, NULL), -- Hub Maracaibo
    (4, 8, 8, 8, 8, 8, 8, NULL), -- Tránsito Oceánico
    (1, 9, 9, 9, 9, 9, 9, 3),    -- Sede Valencia (En Subasta 3)
    (2, 10, 10, 10, 10, 10, 10, NULL); -- Hub La Guaira

-- TABLA: HISTORICO_INV_PRODUCTO 
-- Registra el estado inicial en el almacén.
-- Nota: CHAR(10) para las fechas ('YYYY-MM-DD')? y modificar a PRODUCTO_FECHA_INICIO.
INSERT INTO HISTORICO_INV_PRODUCTO (ID_PIEZA, ID_MOLDE, ID_SEDE, ID_MATERIAPRIMA, BAS_ID_BASEDISENO, ID_BASEDISENO, ID_PRODUCTO, ID_ESTATUS_INVENTARIO, PRODUCTO_FECHA_INCIO, PRODUCTO_FECHA_FIN) VALUES 
    (1, 1, 1, 1, 1, 1, 1, 1, '2026-05-01', NULL), -- Disponible
    (2, 2, 2, 2, 2, 2, 2, 1, '2026-05-02', NULL), -- Disponible
    (3, 3, 3, 3, 3, 3, 3, 5, '2026-05-03', NULL), -- En Subasta
    (4, 4, 4, 4, 4, 4, 4, 3, '2026-05-04', NULL), -- En Tránsito
    (5, 5, 1, 5, 5, 5, 5, 1, '2026-05-05', NULL), -- Disponible
    (6, 6, 2, 6, 6, 6, 6, 5, '2026-05-06', NULL), -- En Subasta
    (7, 7, 3, 7, 7, 7, 7, 1, '2026-05-07', NULL), -- Disponible
    (8, 8, 4, 8, 8, 8, 8, 3, '2026-05-08', NULL), -- En Tránsito
    (9, 9, 1, 9, 9, 9, 9, 5, '2026-05-09', NULL), -- En Subasta
    (10, 10, 2, 10, 10, 10, 10, 1, '2026-05-10', NULL); -- Disponible